# This file is brought to you by Roblox Corporation
# Generated by Roblox Studio

mtllib Plankton.mtl

g Handle1

v 136.639 15.4184 -58.2323 1 1 1 1 
v 136.603 15.422 -58.3399 1 1 1 1 
v 136.423 15.4568 -58.2192 1 1 1 1 
v 136.789 15.3444 -58.2415 1 1 1 1 
v 136.616 15.422 -58.1212 1 1 1 1 
v 136.727 15.3507 -58.4267 1 1 1 1 
v 136.75 15.3507 -58.0502 1 1 1 1 
v 136.853 15.2165 -58.2457 1 1 1 1 
v 136.778 15.2242 -58.4701 1 1 1 1 
v 136.806 15.2242 -58.0139 1 1 1 1 
v 136.582 15.368 -58.5562 1 1 1 1 
v 136.602 15.2452 -58.6269 1 1 1 1 
v 136.519 15.4321 -58.4151 1 1 1 1 
v 136.372 15.2738 -58.6742 1 1 1 1 
v 136.622 15.368 -57.904 1 1 1 1 
v 136.651 15.2452 -57.8367 1 1 1 1 
v 136.428 15.2738 -57.7618 1 1 1 1 
v 136.542 15.4321 -58.0363 1 1 1 1 
v 136.435 15.4458 -58.0003 1 1 1 1 
v 136.438 15.3917 -57.8421 1 1 1 1 
v 136.248 15.4153 -57.8811 1 1 1 1 
v 136.325 15.4595 -58.023 1 1 1 1 
v 136.198 15.3024 -57.8091 1 1 1 1 
v 136.241 15.4696 -58.0982 1 1 1 1 
v 136.103 15.4326 -58.0106 1 1 1 1 
v 136.022 15.3234 -57.9659 1 1 1 1 
v 135.948 15.331 -58.1903 1 1 1 1 
v 136.205 15.4733 -58.2058 1 1 1 1 
v 136.041 15.4389 -58.1958 1 1 1 1 
v 136.08 15.4326 -58.3871 1 1 1 1 
v 135.994 15.3234 -58.4221 1 1 1 1 
v 136.15 15.3024 -58.5993 1 1 1 1 
v 136.227 15.4696 -58.3169 1 1 1 1 
v 136.208 15.4153 -58.5333 1 1 1 1 
v 136.302 15.4595 -58.4019 1 1 1 1 
v 136.392 15.3917 -58.5952 1 1 1 1 
v 136.408 15.4458 -58.4378 1 1 1 1 
v 136.506 15.1075 -57.7742 1 1 1 1 
v 136.388 15.1528 -58.2202 1 1 1 1 
v 136.411 15.134 -57.8019 1 1 1 1 
v 136.409 15.1218 -57.7935 1 1 1 1 
v 136.505 15.0961 -57.7659 1 1 1 1 
v 136.326 15.1355 -57.8027 1 1 1 1 
v 136.325 15.1229 -57.7942 1 1 1 1 
v 136.231 15.124 -57.7794 1 1 1 1 
v 136.229 15.112 -57.771 1 1 1 1 
v 136.591 15.0782 -57.8013 1 1 1 1 
v 136.594 15.0657 -57.7947 1 1 1 1 
v 136.644 15.0809 -57.8783 1 1 1 1 
v 136.156 15.1511 -57.8206 1 1 1 1 
v 136.149 15.1405 -57.8144 1 1 1 1 
v 136.101 15.1603 -57.9004 1 1 1 1 
v 136.64 15.0937 -57.8838 1 1 1 1 
v 136.109 15.1711 -57.9055 1 1 1 1 
v 136.054 15.1774 -57.9653 1 1 1 1 
v 136.047 15.1665 -57.959 1 1 1 1 
v 136.698 15.0967 -57.9416 1 1 1 1 
v 136.702 15.0843 -57.9348 1 1 1 1 
v 135.978 15.1743 -58.0134 1 1 1 1 
v 135.971 15.1639 -58.0084 1 1 1 1 
v 135.933 15.1505 -58.0925 1 1 1 1 
v 136.781 15.0856 -57.9871 1 1 1 1 
v 136.785 15.0736 -57.9815 1 1 1 1 
v 136.825 15.0545 -58.0635 1 1 1 1 
v 135.943 15.1616 -58.0934 1 1 1 1 
v 135.954 15.1558 -58.1941 1 1 1 1 
v 136.818 15.0674 -58.0646 1 1 1 1 
v 135.964 15.1673 -58.1947 1 1 1 1 
v 135.931 15.1616 -58.288 1 1 1 1 
v 135.921 15.1505 -58.2876 1 1 1 1 
v 135.947 15.164 -58.3742 1 1 1 1 
v 136.8 15.0574 -58.1566 1 1 1 1 
v 136.807 15.0428 -58.1567 1 1 1 1 
v 136.809 15.0474 -58.2444 1 1 1 1 
v 135.957 15.1746 -58.3715 1 1 1 1 
v 136.802 15.061 -58.246 1 1 1 1 
v 136.828 15.048 -58.3429 1 1 1 1 
v 136.835 15.0354 -58.3431 1 1 1 1 
v 136.801 15.0558 -58.4279 1 1 1 1 
v 135.997 15.181 -58.4494 1 1 1 1 
v 135.99 15.1704 -58.4546 1 1 1 1 
v 136.065 15.1598 -58.5043 1 1 1 1 
v 136.796 15.0677 -58.4231 1 1 1 1 
v 136.721 15.0777 -58.4812 1 1 1 1 
v 136.073 15.1708 -58.4989 1 1 1 1 
v 136.109 15.1508 -58.5847 1 1 1 1 
v 136.102 15.1403 -58.5901 1 1 1 1 
v 136.174 15.1122 -58.6422 1 1 1 1 
v 136.717 15.09 -58.4751 1 1 1 1 
v 136.662 15.0963 -58.535 1 1 1 1 
v 136.667 15.0839 -58.5397 1 1 1 1 
v 136.179 15.1239 -58.6347 1 1 1 1 
v 136.267 15.1215 -58.6698 1 1 1 1 
v 136.618 15.0884 -58.6155 1 1 1 1 
v 136.622 15.0765 -58.6213 1 1 1 1 
v 136.538 15.066 -58.6649 1 1 1 1 
v 136.269 15.1329 -58.6617 1 1 1 1 
v 136.36 15.121 -58.6469 1 1 1 1 
v 136.36 15.1335 -58.6387 1 1 1 1 
v 136.538 15.0781 -58.6568 1 1 1 1 
v 136.441 15.1004 -58.6463 1 1 1 1 
v 136.443 15.1128 -58.6379 1 1 1 1 
v 136.405 15.1029 -58.2182 1 1 1 1 
v 136.095 15.1545 -58.0117 1 1 1 1 
v 136.21 15.1284 -57.8899 1 1 1 1 
v 136.152 15.0975 -57.7908 1 1 1 1 
v 136.227 15.0842 -57.7786 1 1 1 1 
v 136.227 15.098 -57.7845 1 1 1 1 
v 136.403 15.0869 -57.7855 1 1 1 1 
v 136.4 15.1127 -57.8924 1 1 1 1 
v 136.404 15.0992 -57.7915 1 1 1 1 
v 136.497 15.0755 -57.7867 1 1 1 1 
v 136.499 15.0877 -57.793 1 1 1 1 
v 136.497 15.0986 -57.8994 1 1 1 1 
v 136.405 15.1029 -58.2182 1 1 1 1 
v 136.575 15.0539 -57.8058 1 1 1 1 
v 136.573 15.0404 -57.7997 1 1 1 1 
v 136.586 15.0808 -57.9129 1 1 1 1 
v 136.405 15.1029 -58.2182 1 1 1 1 
v 136.646 15.0351 -57.821 1 1 1 1 
v 136.645 15.0248 -57.8133 1 1 1 1 
v 136.745 14.9866 -57.846 1 1 1 1 
v 136.75 14.9771 -57.8404 1 1 1 1 
v 136.771 15.0101 -57.9671 1 1 1 1 
v 136.668 15.0554 -57.9462 1 1 1 1 
v 136.766 15.0231 -57.9675 1 1 1 1 
v 136.782 15.014 -58.0592 1 1 1 1 
v 136.689 15.0793 -58.0481 1 1 1 1 
v 136.405 15.1029 -58.2182 1 1 1 1 
v 136.779 15.029 -58.0588 1 1 1 1 
v 136.801 15.021 -58.1445 1 1 1 1 
v 136.697 15.0717 -58.1362 1 1 1 1 
v 136.797 15.0342 -58.1441 1 1 1 1 
v 136.803 15.0257 -58.2424 1 1 1 1 
v 136.695 15.0689 -58.2358 1 1 1 1 
v 136.405 15.1029 -58.2182 1 1 1 1 
v 136.799 15.0387 -58.2421 1 1 1 1 
v 136.785 15.0342 -58.3396 1 1 1 1 
v 136.789 15.021 -58.3398 1 1 1 1 
v 136.685 15.0718 -58.3353 1 1 1 1 
v 136.405 15.1029 -58.2182 1 1 1 1 
v 136.756 15.029 -58.4216 1 1 1 1 
v 136.76 15.014 -58.4216 1 1 1 1 
v 136.666 15.0793 -58.4213 1 1 1 1 
v 136.405 15.1029 -58.2182 1 1 1 1 
v 136.733 15.0231 -58.5107 1 1 1 1 
v 136.737 15.0101 -58.5117 1 1 1 1 
v 136.697 14.9866 -58.6287 1 1 1 1 
v 136.702 14.9771 -58.635 1 1 1 1 
v 136.594 15.0248 -58.649 1 1 1 1 
v 136.633 15.0554 -58.5199 1 1 1 1 
v 136.596 15.0351 -58.6415 1 1 1 1 
v 136.52 15.0404 -58.6537 1 1 1 1 
v 136.524 15.0539 -58.6479 1 1 1 1 
v 136.548 15.0808 -58.543 1 1 1 1 
v 136.405 15.1029 -58.2182 1 1 1 1 
v 136.458 15.0986 -58.5456 1 1 1 1 
v 136.405 15.1029 -58.2182 1 1 1 1 
v 136.36 15.1127 -58.5406 1 1 1 1 
v 136.446 15.0877 -58.6513 1 1 1 1 
v 136.352 15.0992 -58.6413 1 1 1 1 
v 136.444 15.0755 -58.6574 1 1 1 1 
v 136.35 15.0869 -58.6471 1 1 1 1 
v 136.175 15.098 -58.6266 1 1 1 1 
v 136.174 15.0842 -58.6325 1 1 1 1 
v 136.171 15.1284 -58.52 1 1 1 1 
v 136.405 15.1029 -58.2182 1 1 1 1 
v 136.102 15.0975 -58.6113 1 1 1 1 
v 136.101 15.0872 -58.6188 1 1 1 1 
v 135.994 15.0756 -58.5857 1 1 1 1 
v 135.987 15.0676 -58.5912 1 1 1 1 
v 135.975 15.1064 -58.4651 1 1 1 1 
v 136.086 15.1246 -58.4864 1 1 1 1 
v 135.983 15.1179 -58.4648 1 1 1 1 
v 135.966 15.1145 -58.373 1 1 1 1 
v 136.072 15.1545 -58.385 1 1 1 1 
v 136.405 15.1029 -58.2182 1 1 1 1 
v 135.973 15.1282 -58.3737 1 1 1 1 
v 135.949 15.1273 -58.2884 1 1 1 1 
v 136.063 15.1505 -58.2973 1 1 1 1 
v 135.956 15.1389 -58.289 1 1 1 1 
v 135.948 15.1339 -58.1901 1 1 1 1 
v 136.063 15.1488 -58.1972 1 1 1 1 
v 136.405 15.1029 -58.2182 1 1 1 1 
v 135.956 15.1454 -58.1906 1 1 1 1 
v 135.968 15.139 -58.0935 1 1 1 1 
v 135.961 15.1273 -58.0931 1 1 1 1 
v 136.075 15.1504 -58.0982 1 1 1 1 
v 136.405 15.1029 -58.2182 1 1 1 1 
v 135.995 15.1282 -58.0109 1 1 1 1 
v 135.988 15.1145 -58.0107 1 1 1 1 
v 136.405 15.1029 -58.2182 1 1 1 1 
v 136.017 15.1179 -57.9217 1 1 1 1 
v 136.009 15.1064 -57.9205 1 1 1 1 
v 136.042 15.0756 -57.803 1 1 1 1 
v 136.035 15.0676 -57.7967 1 1 1 1 
v 136.152 15.0872 -57.7832 1 1 1 1 
v 136.121 15.1246 -57.9128 1 1 1 1 
v 136.703 15.0606 -58.0529 1 1 1 1 
v 136.755 15.0411 -58.2394 1 1 1 1 
v 136.741 15.0545 -58.2386 1 1 1 1 
v 136.716 15.0475 -58.0459 1 1 1 1 
v 136.579 15.0774 -57.9111 1 1 1 1 
v 136.586 15.065 -57.8981 1 1 1 1 
v 136.401 15.1004 -57.851 1 1 1 1 
v 136.4 15.0889 -57.8355 1 1 1 1 
v 136.076 15.1401 -58.0145 1 1 1 1 
v 136.216 15.1233 -57.8889 1 1 1 1 
v 136.208 15.1128 -57.875 1 1 1 1 
v 136.061 15.1303 -58.0059 1 1 1 1 
v 136.016 15.1462 -58.1942 1 1 1 1 
v 135.999 15.1367 -58.1932 1 1 1 1 
v 136.038 15.1303 -58.3867 1 1 1 1 
v 136.053 15.1401 -58.3799 1 1 1 1 
v 136.168 15.1128 -58.5346 1 1 1 1 
v 136.681 15.0606 -58.4183 1 1 1 1 
v 136.692 15.0475 -58.4267 1 1 1 1 
v 136.54 15.0774 -58.5439 1 1 1 1 
v 136.546 15.065 -58.5577 1 1 1 1 
v 136.178 15.1233 -58.5218 1 1 1 1 
v 136.354 15.0889 -58.5971 1 1 1 1 
v 136.356 15.1004 -58.5818 1 1 1 1 
v 136.127 14.0819 -58.2722 1 1 1 1 
v 136.137 14.0875 -58.2764 1 1 1 1 
v 136.138 14.0863 -58.269 1 1 1 1 
v 136.133 14.0863 -58.263 1 1 1 1 
v 136.384 14.9229 -57.7633 1 1 1 1 
v 136.594 14.9545 -57.8638 1 1 1 1 
v 136.389 14.9809 -57.7946 1 1 1 1 
v 136.177 15.0073 -57.8382 1 1 1 1 
v 136.156 14.9513 -57.8101 1 1 1 1 
v 136.604 14.8946 -57.8375 1 1 1 1 
v 136.758 14.8738 -58.0129 1 1 1 1 
v 136.015 15.0266 -57.9829 1 1 1 1 
v 135.982 14.972 -57.9654 1 1 1 1 
v 136.738 14.9351 -58.0272 1 1 1 1 
v 136.804 14.8662 -58.2425 1 1 1 1 
v 135.908 14.9796 -58.1876 1 1 1 1 
v 136.781 14.9281 -58.241 1 1 1 1 
v 135.946 15.0337 -58.1899 1 1 1 1 
v 135.989 15.0266 -58.4038 1 1 1 1 
v 135.954 14.972 -58.4172 1 1 1 1 
v 136.712 14.9351 -58.448 1 1 1 1 
v 136.73 14.8738 -58.4647 1 1 1 1 
v 136.108 14.9513 -58.5926 1 1 1 1 
v 136.55 14.9545 -58.5927 1 1 1 1 
v 136.556 14.8946 -58.62 1 1 1 1 
v 136.328 14.9229 -58.6668 1 1 1 1 
v 136.132 15.0073 -58.5672 1 1 1 1 
v 136.338 14.9809 -58.6363 1 1 1 1 
v 136.321 14.0795 -58.1642 1 1 1 1 
v 136.302 14.0797 -58.1522 1 1 1 1 
v 136.295 14.0801 -58.167 1 1 1 1 
v 136.301 14.0882 -58.177 1 1 1 1 
v 136.288 14.0831 -58.1536 1 1 1 1 
v 136.298 14.0903 -58.143 1 1 1 1 
v 136.273 14.0908 -58.1704 1 1 1 1 
v 136.275 14.102 -58.1459 1 1 1 1 
v 136.272 14.092 -58.1559 1 1 1 1 
v 136.251 14.1139 -58.1611 1 1 1 1 
v 136.273 14.1042 -58.1822 1 1 1 1 
v 136.253 14.1134 -58.1764 1 1 1 1 
v 136.299 14.1034 -58.1784 1 1 1 1 
v 136.334 14.1 -58.1708 1 1 1 1 
v 136.33 14.1085 -58.1644 1 1 1 1 
v 136.302 14.1134 -58.1685 1 1 1 1 
v 136.307 14.1129 -58.1539 1 1 1 1 
v 136.283 14.1167 -58.1822 1 1 1 1 
v 136.247 14.1476 -58.1955 1 1 1 1 
v 136.231 14.1461 -58.1681 1 1 1 1 
v 136.295 14.1178 -58.1552 1 1 1 1 
v 136.289 14.1258 -58.1717 1 1 1 1 
v 136.262 14.1539 -58.1932 1 1 1 1 
v 136.281 14.1368 -58.159 1 1 1 1 
v 136.257 14.1696 -58.2057 1 1 1 1 
v 136.271 14.1609 -58.1802 1 1 1 1 
v 136.236 14.1573 -58.2047 1 1 1 1 
v 136.268 14.1868 -58.1917 1 1 1 1 
v 136.234 14.1437 -58.1848 1 1 1 1 
v 136.216 14.1571 -58.1893 1 1 1 1 
v 136.211 14.1691 -58.1685 1 1 1 1 
v 136.267 14.1654 -58.1642 1 1 1 1 
v 136.262 14.1988 -58.1708 1 1 1 1 
v 136.27 14.1316 -58.149 1 1 1 1 
v 136.254 14.1615 -58.1535 1 1 1 1 
v 136.243 14.1986 -58.1554 1 1 1 1 
v 136.221 14.1862 -58.1545 1 1 1 1 
v 136.239 14.1535 -58.1551 1 1 1 1 
v 136.257 14.1236 -58.1502 1 1 1 1 
v 136.293 14.1066 -58.144 1 1 1 1 
v 136.332 14.1015 -58.1454 1 1 1 1 
v 136.349 14.0959 -58.1565 1 1 1 1 
v 136.343 14.0868 -58.1527 1 1 1 1 
v 136.345 14.0871 -58.1595 1 1 1 1 
v 136.346 14.0942 -58.1646 1 1 1 1 
v 136.333 14.0892 -58.1707 1 1 1 1 
v 136.343 14.1036 -58.1609 1 1 1 1 
v 136.344 14.0927 -58.149 1 1 1 1 
v 136.344 14.099 -58.1494 1 1 1 1 
v 136.343 14.1038 -58.1538 1 1 1 1 
v 136.329 14.1091 -58.1533 1 1 1 1 
v 136.33 14.0908 -58.1443 1 1 1 1 
v 136.321 14.0806 -58.1515 1 1 1 1 
v 136.266 14.9061 -58.3058 1 1 1 1 
v 136.361 14.8961 -58.3351 1 1 1 1 
v 136.264 14.8998 -58.3291 1 1 1 1 
v 136.362 14.9023 -58.3117 1 1 1 1 
v 136.256 14.8696 -58.4416 1 1 1 1 
v 136.351 14.8606 -58.4673 1 1 1 1 
v 136.255 14.8643 -58.4614 1 1 1 1 
v 136.353 14.8659 -58.4475 1 1 1 1 
v 136.277 14.9061 -58.1227 1 1 1 1 
v 136.375 14.8961 -58.1052 1 1 1 1 
v 136.374 14.9023 -58.1286 1 1 1 1 
v 136.278 14.8998 -58.0993 1 1 1 1 
v 136.284 14.8696 -57.9867 1 1 1 1 
v 136.381 14.8606 -57.9728 1 1 1 1 
v 136.38 14.8659 -57.9927 1 1 1 1 
v 136.285 14.8643 -57.9669 1 1 1 1 
v 136.125 14.0861 -58.2632 1 1 1 1 
v 136.118 14.1004 -58.2624 1 1 1 1 
v 136.121 14.087 -58.2674 1 1 1 1 
v 136.117 14.1023 -58.2733 1 1 1 1 
v 136.127 14.0819 -58.2722 1 1 1 1 
v 136.121 14.0873 -58.2764 1 1 1 1 
v 136.133 14.0863 -58.263 1 1 1 1 
v 136.128 14.1041 -58.2539 1 1 1 1 
v 136.13 14.0876 -58.2801 1 1 1 1 
v 136.119 14.1267 -58.2573 1 1 1 1 
v 136.137 14.0875 -58.2764 1 1 1 1 
v 136.135 14.1412 -58.2457 1 1 1 1 
v 136.124 14.1019 -58.2821 1 1 1 1 
v 136.118 14.1301 -58.2707 1 1 1 1 
v 136.126 14.1284 -58.282 1 1 1 1 
v 136.135 14.106 -58.2843 1 1 1 1 
v 136.125 14.1466 -58.254 1 1 1 1 
v 136.124 14.1498 -58.2679 1 1 1 1 
v 136.132 14.148 -58.2797 1 1 1 1 
v 136.145 14.1438 -58.2824 1 1 1 1 
v 136.146 14.1064 -58.2771 1 1 1 1 
v 136.135 14.1663 -58.2644 1 1 1 1 
v 136.144 14.1715 -58.2476 1 1 1 1 
v 136.151 14.1724 -58.2746 1 1 1 1 
v 136.15 14.1807 -58.2604 1 1 1 1 
v 136.18 14.2001 -58.2536 1 1 1 1 
v 136.158 14.165 -58.2383 1 1 1 1 
v 136.177 14.1724 -58.2757 1 1 1 1 
v 136.186 14.1944 -58.2687 1 1 1 1 
v 136.207 14.2163 -58.2576 1 1 1 1 
v 136.223 14.2017 -58.2697 1 1 1 1 
v 136.195 14.2154 -58.2357 1 1 1 1 
v 136.179 14.1939 -58.2376 1 1 1 1 
v 136.195 14.1994 -58.2169 1 1 1 1 
v 136.184 14.1794 -58.23 1 1 1 1 
v 136.206 14.1777 -58.2121 1 1 1 1 
v 136.199 14.1656 -58.2663 1 1 1 1 
v 136.233 14.18 -58.265 1 1 1 1 
v 136.173 14.1538 -58.2702 1 1 1 1 
v 136.198 14.1594 -58.2503 1 1 1 1 
v 136.233 14.164 -58.2461 1 1 1 1 
v 136.222 14.163 -58.2242 1 1 1 1 
v 136.192 14.1651 -58.2353 1 1 1 1 
v 136.175 14.1495 -58.2555 1 1 1 1 
v 136.167 14.1531 -58.2427 1 1 1 1 
v 136.16 14.1374 -58.2594 1 1 1 1 
v 136.156 14.1375 -58.2741 1 1 1 1 
v 136.149 14.1363 -58.2483 1 1 1 1 
v 136.154 14.1269 -58.2615 1 1 1 1 
v 136.14 14.105 -58.2551 1 1 1 1 
v 136.147 14.1039 -58.2652 1 1 1 1 
v 136.138 14.0863 -58.269 1 1 1 1 
v 136.119 14.8898 -58.2248 1 1 1 1 
v 136.122 14.8745 -58.2294 1 1 1 1 
v 136.121 14.874 -58.2276 1 1 1 1 
v 136.12 14.8902 -58.226 1 1 1 1 
v 136.125 14.8588 -58.2327 1 1 1 1 
v 136.124 14.8582 -58.2304 1 1 1 1 
v 136.125 14.8581 -58.2283 1 1 1 1 
v 136.123 14.8739 -58.2259 1 1 1 1 
v 136.12 14.8897 -58.2236 1 1 1 1 
v 136.121 14.89 -58.2237 1 1 1 1 
v 136.124 14.8743 -58.2261 1 1 1 1 
v 136.128 14.8586 -58.2284 1 1 1 1 
v 136.129 14.8592 -58.2307 1 1 1 1 
v 136.125 14.8748 -58.2278 1 1 1 1 
v 136.122 14.8904 -58.225 1 1 1 1 
v 136.121 14.8904 -58.2261 1 1 1 1 
v 136.124 14.8749 -58.2295 1 1 1 1 
v 136.127 14.8593 -58.2328 1 1 1 1 
v 136.12 14.8902 -58.226 1 1 1 1 
v 136.125 14.8588 -58.2327 1 1 1 1 
v 136.122 14.8745 -58.2294 1 1 1 1 
v 136.133 14.8676 -58.0761 1 1 1 1 
v 136.135 14.854 -58.0865 1 1 1 1 
v 136.134 14.8529 -58.0849 1 1 1 1 
v 136.133 14.8683 -58.0772 1 1 1 1 
v 136.137 14.842 -58.0943 1 1 1 1 
v 136.136 14.8522 -58.0834 1 1 1 1 
v 136.133 14.8671 -58.0751 1 1 1 1 
v 136.136 14.8406 -58.0923 1 1 1 1 
v 136.138 14.829 -58.1021 1 1 1 1 
v 136.137 14.8274 -58.0996 1 1 1 1 
v 136.139 14.8264 -58.0972 1 1 1 1 
v 136.135 14.8674 -58.0752 1 1 1 1 
v 136.137 14.8398 -58.0904 1 1 1 1 
v 136.142 14.8271 -58.0974 1 1 1 1 
v 136.14 14.8403 -58.0906 1 1 1 1 
v 136.144 14.8287 -58.0999 1 1 1 1 
v 136.138 14.8526 -58.0836 1 1 1 1 
v 136.141 14.8417 -58.0926 1 1 1 1 
v 136.138 14.8537 -58.0852 1 1 1 1 
v 136.135 14.8681 -58.0763 1 1 1 1 
v 136.134 14.8686 -58.0772 1 1 1 1 
v 136.137 14.8544 -58.0866 1 1 1 1 
v 136.133 14.8683 -58.0772 1 1 1 1 
v 136.135 14.854 -58.0865 1 1 1 1 
v 136.137 14.842 -58.0943 1 1 1 1 
v 136.139 14.8425 -58.0945 1 1 1 1 
v 136.142 14.8296 -58.1023 1 1 1 1 
v 136.138 14.829 -58.1021 1 1 1 1 
v 136.193 14.1591 -58.2231 1 1 1 1 
v 136.191 14.159 -58.216 1 1 1 1 
v 136.174 14.1772 -58.2183 1 1 1 1 
v 136.21 14.1502 -58.2172 1 1 1 1 
v 136.209 14.1501 -58.2136 1 1 1 1 
v 136.228 14.1464 -58.211 1 1 1 1 
v 136.173 14.1771 -58.2077 1 1 1 1 
v 136.158 14.2019 -58.2202 1 1 1 1 
v 136.158 14.2018 -58.2067 1 1 1 1 
v 136.191 14.1589 -58.2087 1 1 1 1 
v 136.209 14.1501 -58.2099 1 1 1 1 
v 136.228 14.1464 -58.211 1 1 1 1 
v 136.21 14.1501 -58.2062 1 1 1 1 
v 136.228 14.1464 -58.211 1 1 1 1 
v 136.192 14.159 -58.2015 1 1 1 1 
v 136.175 14.1772 -58.1972 1 1 1 1 
v 136.211 14.1502 -58.2027 1 1 1 1 
v 136.228 14.1464 -58.211 1 1 1 1 
v 136.194 14.1591 -58.1947 1 1 1 1 
v 136.16 14.2019 -58.1934 1 1 1 1 
v 136.179 14.1773 -58.1873 1 1 1 1 
v 136.144 14.2381 -58.2059 1 1 1 1 
v 136.144 14.2381 -58.2217 1 1 1 1 
v 136.146 14.2381 -58.1902 1 1 1 1 
v 136.133 14.2796 -58.2052 1 1 1 1 
v 136.164 14.2021 -58.1808 1 1 1 1 
v 136.136 14.2797 -58.1878 1 1 1 1 
v 136.184 14.1776 -58.1783 1 1 1 1 
v 136.152 14.2384 -58.1754 1 1 1 1 
v 136.171 14.2024 -58.1693 1 1 1 1 
v 136.198 14.1592 -58.1885 1 1 1 1 
v 136.191 14.1779 -58.1705 1 1 1 1 
v 136.255 14.8264 -58.4299 1 1 1 1 
v 136.263 14.8566 -58.3175 1 1 1 1 
v 136.352 14.8227 -58.4358 1 1 1 1 
v 136.36 14.8528 -58.3234 1 1 1 1 
v 136.281 14.8264 -57.9982 1 1 1 1 
v 136.378 14.8227 -58.0041 1 1 1 1 
v 136.276 14.8566 -58.1108 1 1 1 1 
v 136.372 14.8528 -58.1167 1 1 1 1 
v 136.12 14.8576 -58.2302 1 1 1 1 
v 136.125 14.8581 -58.2283 1 1 1 1 
v 136.124 14.8582 -58.2304 1 1 1 1 
v 136.125 14.8588 -58.2327 1 1 1 1 
v 136.123 14.8591 -58.2367 1 1 1 1 
v 136.124 14.8573 -58.2239 1 1 1 1 
v 136.128 14.8586 -58.2284 1 1 1 1 
v 136.13 14.8586 -58.2243 1 1 1 1 
v 136.132 14.8601 -58.2309 1 1 1 1 
v 136.129 14.8592 -58.2307 1 1 1 1 
v 136.127 14.8593 -58.2328 1 1 1 1 
v 136.129 14.8604 -58.2371 1 1 1 1 
v 136.125 14.8588 -58.2327 1 1 1 1 
v 136.123 14.8591 -58.2367 1 1 1 1 
v 136.135 14.8508 -58.2324 1 1 1 1 
v 136.13 14.8586 -58.2243 1 1 1 1 
v 136.132 14.8491 -58.2251 1 1 1 1 
v 136.125 14.8478 -58.2247 1 1 1 1 
v 136.132 14.8601 -58.2309 1 1 1 1 
v 136.124 14.8573 -58.2239 1 1 1 1 
v 136.129 14.8604 -58.2371 1 1 1 1 
v 136.12 14.8576 -58.2302 1 1 1 1 
v 136.131 14.851 -58.2392 1 1 1 1 
v 136.124 14.8497 -58.2388 1 1 1 1 
v 136.123 14.8591 -58.2367 1 1 1 1 
v 136.121 14.8481 -58.2316 1 1 1 1 
v 136.124 14.8497 -58.2388 1 1 1 1 
v 136.123 14.8591 -58.2367 1 1 1 1 
v 136.134 14.8267 -58.0987 1 1 1 1 
v 136.139 14.8264 -58.0972 1 1 1 1 
v 136.137 14.8274 -58.0996 1 1 1 1 
v 136.136 14.8303 -58.1053 1 1 1 1 
v 136.138 14.829 -58.1021 1 1 1 1 
v 136.138 14.8245 -58.0927 1 1 1 1 
v 136.142 14.8271 -58.0974 1 1 1 1 
v 136.145 14.8259 -58.0931 1 1 1 1 
v 136.147 14.8294 -58.0996 1 1 1 1 
v 136.144 14.8287 -58.0999 1 1 1 1 
v 136.143 14.8316 -58.1057 1 1 1 1 
v 136.142 14.8296 -58.1023 1 1 1 1 
v 136.138 14.829 -58.1021 1 1 1 1 
v 136.136 14.8303 -58.1053 1 1 1 1 
v 136.144 14.8239 -58.1108 1 1 1 1 
v 136.143 14.8316 -58.1057 1 1 1 1 
v 136.149 14.8215 -58.1041 1 1 1 1 
v 136.137 14.8224 -58.1103 1 1 1 1 
v 136.136 14.8303 -58.1053 1 1 1 1 
v 136.147 14.8294 -58.0996 1 1 1 1 
v 136.145 14.8259 -58.0931 1 1 1 1 
v 136.147 14.8176 -58.097 1 1 1 1 
v 136.139 14.8162 -58.0965 1 1 1 1 
v 136.138 14.8245 -58.0927 1 1 1 1 
v 136.134 14.8267 -58.0987 1 1 1 1 
v 136.134 14.8186 -58.1032 1 1 1 1 
v 136.136 14.8303 -58.1053 1 1 1 1 
v 136.137 14.8224 -58.1103 1 1 1 1 
v 136.29 14.8249 -58.3585 1 1 1 1 
v 136.306 14.8163 -58.389 1 1 1 1 
v 136.289 14.8196 -58.3781 1 1 1 1 
v 136.309 14.8268 -58.3498 1 1 1 1 
v 136.324 14.8183 -58.3802 1 1 1 1 
v 136.325 14.8235 -58.3607 1 1 1 1 
v 136.327 14.8163 -58.045 1 1 1 1 
v 136.325 14.8268 -58.0842 1 1 1 1 
v 136.308 14.8249 -58.0733 1 1 1 1 
v 136.309 14.8196 -58.0537 1 1 1 1 
v 136.344 14.8183 -58.0559 1 1 1 1 
v 136.343 14.8235 -58.0755 1 1 1 1 
v 136.13 14.8492 -58.2293 1 1 1 1 
v 136.136 14.8289 -58.2355 1 1 1 1 
v 136.131 14.8499 -58.2322 1 1 1 1 
v 136.129 14.85 -58.2348 1 1 1 1 
v 136.134 14.8289 -58.2386 1 1 1 1 
v 136.126 14.8493 -58.2346 1 1 1 1 
v 136.13 14.8281 -58.2384 1 1 1 1 
v 136.138 14.8071 -58.242 1 1 1 1 
v 136.134 14.8062 -58.2418 1 1 1 1 
v 136.141 14.8071 -58.2383 1 1 1 1 
v 136.134 14.8281 -58.232 1 1 1 1 
v 136.139 14.8063 -58.2343 1 1 1 1 
v 136.134 14.8054 -58.234 1 1 1 1 
v 136.131 14.8273 -58.2318 1 1 1 1 
v 136.127 14.8486 -58.2291 1 1 1 1 
v 136.125 14.8486 -58.2318 1 1 1 1 
v 136.128 14.8273 -58.235 1 1 1 1 
v 136.132 14.8053 -58.2378 1 1 1 1 
v 136.134 14.8062 -58.2418 1 1 1 1 
v 136.13 14.8281 -58.2384 1 1 1 1 
v 136.126 14.8493 -58.2346 1 1 1 1 
v 136.148 14.8007 -58.1102 1 1 1 1 
v 136.153 14.7859 -58.1227 1 1 1 1 
v 136.149 14.8028 -58.1139 1 1 1 1 
v 136.151 14.7836 -58.1185 1 1 1 1 
v 136.146 14.7825 -58.1182 1 1 1 1 
v 136.147 14.804 -58.1172 1 1 1 1 
v 136.15 14.7872 -58.1266 1 1 1 1 
v 136.145 14.7862 -58.1263 1 1 1 1 
v 136.142 14.8031 -58.117 1 1 1 1 
v 136.143 14.8217 -58.1062 1 1 1 1 
v 136.14 14.8209 -58.106 1 1 1 1 
v 136.146 14.8206 -58.1034 1 1 1 1 
v 136.144 14.8187 -58.1003 1 1 1 1 
v 136.143 14.7998 -58.11 1 1 1 1 
v 136.14 14.818 -58.1001 1 1 1 1 
v 136.138 14.8191 -58.103 1 1 1 1 
v 136.14 14.801 -58.1133 1 1 1 1 
v 136.143 14.7838 -58.1221 1 1 1 1 
v 136.145 14.7862 -58.1263 1 1 1 1 
v 136.142 14.8031 -58.117 1 1 1 1 
v 136.14 14.8209 -58.106 1 1 1 1 
v 136.128 14.8048 -58.2376 1 1 1 1 
v 136.134 14.8054 -58.234 1 1 1 1 
v 136.132 14.8053 -58.2378 1 1 1 1 
v 136.134 14.8062 -58.2418 1 1 1 1 
v 136.132 14.8065 -58.2462 1 1 1 1 
v 136.133 14.8047 -58.2295 1 1 1 1 
v 136.139 14.8063 -58.2343 1 1 1 1 
v 136.141 14.8063 -58.2299 1 1 1 1 
v 136.144 14.808 -58.2386 1 1 1 1 
v 136.141 14.8071 -58.2383 1 1 1 1 
v 136.138 14.8071 -58.242 1 1 1 1 
v 136.14 14.8081 -58.2467 1 1 1 1 
v 136.134 14.8062 -58.2418 1 1 1 1 
v 136.132 14.8065 -58.2462 1 1 1 1 
v 136.147 14.8001 -58.2392 1 1 1 1 
v 136.141 14.8001 -58.248 1 1 1 1 
v 136.14 14.8081 -58.2467 1 1 1 1 
v 136.133 14.7984 -58.2475 1 1 1 1 
v 136.132 14.8065 -58.2462 1 1 1 1 
v 136.144 14.808 -58.2386 1 1 1 1 
v 136.141 14.8063 -58.2299 1 1 1 1 
v 136.143 14.7984 -58.2299 1 1 1 1 
v 136.134 14.7966 -58.2293 1 1 1 1 
v 136.133 14.8047 -58.2295 1 1 1 1 
v 136.128 14.8048 -58.2376 1 1 1 1 
v 136.129 14.7967 -58.2382 1 1 1 1 
v 136.133 14.7984 -58.2475 1 1 1 1 
v 136.132 14.8065 -58.2462 1 1 1 1 
v 136.151 14.789 -58.1306 1 1 1 1 
v 136.145 14.7862 -58.1263 1 1 1 1 
v 136.15 14.7872 -58.1266 1 1 1 1 
v 136.142 14.7873 -58.1301 1 1 1 1 
v 136.156 14.7867 -58.1225 1 1 1 1 
v 136.153 14.7859 -58.1227 1 1 1 1 
v 136.151 14.7836 -58.1185 1 1 1 1 
v 136.153 14.7826 -58.1139 1 1 1 1 
v 136.145 14.7809 -58.1134 1 1 1 1 
v 136.146 14.7825 -58.1182 1 1 1 1 
v 136.139 14.7832 -58.1215 1 1 1 1 
v 136.143 14.7838 -58.1221 1 1 1 1 
v 136.145 14.7862 -58.1263 1 1 1 1 
v 136.142 14.7873 -58.1301 1 1 1 1 
v 136.159 14.778 -58.1268 1 1 1 1 
v 136.153 14.7826 -58.1139 1 1 1 1 
v 136.155 14.7737 -58.1174 1 1 1 1 
v 136.145 14.7809 -58.1134 1 1 1 1 
v 136.156 14.7867 -58.1225 1 1 1 1 
v 136.146 14.7719 -58.1169 1 1 1 1 
v 136.151 14.789 -58.1306 1 1 1 1 
v 136.139 14.7832 -58.1215 1 1 1 1 
v 136.153 14.7805 -58.1356 1 1 1 1 
v 136.143 14.7786 -58.135 1 1 1 1 
v 136.142 14.7873 -58.1301 1 1 1 1 
v 136.14 14.7743 -58.1256 1 1 1 1 
v 136.142 14.7873 -58.1301 1 1 1 1 
v 136.143 14.7786 -58.135 1 1 1 1 
v 136.148 14.7645 -58.2469 1 1 1 1 
v 136.143 14.7845 -58.245 1 1 1 1 
v 136.151 14.7649 -58.2414 1 1 1 1 
v 136.141 14.7632 -58.2465 1 1 1 1 
v 136.138 14.7834 -58.2447 1 1 1 1 
v 136.135 14.7981 -58.243 1 1 1 1 
v 136.14 14.7991 -58.2433 1 1 1 1 
v 136.146 14.7848 -58.2402 1 1 1 1 
v 136.143 14.7992 -58.239 1 1 1 1 
v 136.141 14.7984 -58.2345 1 1 1 1 
v 136.144 14.7839 -58.235 1 1 1 1 
v 136.148 14.7641 -58.2356 1 1 1 1 
v 136.136 14.7974 -58.2341 1 1 1 1 
v 136.138 14.7828 -58.2346 1 1 1 1 
v 136.142 14.7628 -58.2352 1 1 1 1 
v 136.133 14.7972 -58.2384 1 1 1 1 
v 136.135 14.7825 -58.2395 1 1 1 1 
v 136.138 14.7624 -58.2407 1 1 1 1 
v 136.141 14.7632 -58.2465 1 1 1 1 
v 136.138 14.7834 -58.2447 1 1 1 1 
v 136.135 14.7981 -58.243 1 1 1 1 
v 136.162 14.7477 -58.1387 1 1 1 1 
v 136.158 14.7643 -58.1321 1 1 1 1 
v 136.155 14.7616 -58.1267 1 1 1 1 
v 136.159 14.7449 -58.1327 1 1 1 1 
v 136.152 14.7435 -58.1322 1 1 1 1 
v 136.154 14.7657 -58.1371 1 1 1 1 
v 136.157 14.7492 -58.1443 1 1 1 1 
v 136.15 14.7478 -58.1439 1 1 1 1 
v 136.148 14.7644 -58.1367 1 1 1 1 
v 136.151 14.7785 -58.1307 1 1 1 1 
v 136.146 14.7773 -58.1304 1 1 1 1 
v 136.155 14.7771 -58.1263 1 1 1 1 
v 136.153 14.7746 -58.1215 1 1 1 1 
v 136.147 14.7735 -58.1211 1 1 1 1 
v 136.149 14.7603 -58.1263 1 1 1 1 
v 136.144 14.7748 -58.1256 1 1 1 1 
v 136.145 14.7618 -58.1313 1 1 1 1 
v 136.147 14.7449 -58.1378 1 1 1 1 
v 136.15 14.7478 -58.1439 1 1 1 1 
v 136.148 14.7644 -58.1367 1 1 1 1 
v 136.146 14.7773 -58.1304 1 1 1 1 
v 136.153 14.7557 -58.2303 1 1 1 1 
v 136.14 14.7623 -58.2304 1 1 1 1 
v 136.142 14.7536 -58.2297 1 1 1 1 
v 136.136 14.7529 -58.2406 1 1 1 1 
v 136.15 14.7643 -58.231 1 1 1 1 
v 136.135 14.7619 -58.2406 1 1 1 1 
v 136.14 14.7544 -58.2521 1 1 1 1 
v 136.139 14.7634 -58.2514 1 1 1 1 
v 136.157 14.7572 -58.2419 1 1 1 1 
v 136.155 14.7658 -58.2418 1 1 1 1 
v 136.149 14.7654 -58.252 1 1 1 1 
v 136.151 14.7565 -58.2528 1 1 1 1 
v 136.139 14.7634 -58.2514 1 1 1 1 
v 136.14 14.7544 -58.2521 1 1 1 1 
v 136.135 14.7619 -58.2406 1 1 1 1 
v 136.142 14.7628 -58.2352 1 1 1 1 
v 136.138 14.7624 -58.2407 1 1 1 1 
v 136.141 14.7632 -58.2465 1 1 1 1 
v 136.139 14.7634 -58.2514 1 1 1 1 
v 136.14 14.7623 -58.2304 1 1 1 1 
v 136.148 14.7641 -58.2356 1 1 1 1 
v 136.15 14.7643 -58.231 1 1 1 1 
v 136.155 14.7658 -58.2418 1 1 1 1 
v 136.151 14.7649 -58.2414 1 1 1 1 
v 136.148 14.7645 -58.2469 1 1 1 1 
v 136.149 14.7654 -58.252 1 1 1 1 
v 136.141 14.7632 -58.2465 1 1 1 1 
v 136.139 14.7634 -58.2514 1 1 1 1 
v 136.259 14.3306 -58.1247 1 1 1 1 
v 136.275 14.2864 -58.1391 1 1 1 1 
v 136.275 14.3315 -58.1345 1 1 1 1 
v 136.288 14.287 -58.1511 1 1 1 1 
v 136.283 14.2447 -58.1572 1 1 1 1 
v 136.26 14.2856 -58.1299 1 1 1 1 
v 136.242 14.3301 -58.1183 1 1 1 1 
v 136.272 14.2441 -58.1464 1 1 1 1 
v 136.276 14.2075 -58.1653 1 1 1 1 
v 136.244 14.2848 -58.1238 1 1 1 1 
v 136.227 14.284 -58.121 1 1 1 1 
v 136.258 14.2435 -58.1381 1 1 1 1 
v 136.266 14.207 -58.1561 1 1 1 1 
v 136.266 14.1816 -58.1751 1 1 1 1 
v 136.244 14.2427 -58.1326 1 1 1 1 
v 136.228 14.242 -58.1301 1 1 1 1 
v 136.255 14.2064 -58.1491 1 1 1 1 
v 136.243 14.2058 -58.1444 1 1 1 1 
v 136.229 14.2052 -58.1423 1 1 1 1 
v 136.259 14.1812 -58.1679 1 1 1 1 
v 136.25 14.1807 -58.1624 1 1 1 1 
v 136.24 14.1803 -58.1587 1 1 1 1 
v 136.23 14.1797 -58.157 1 1 1 1 
v 136.25 14.1617 -58.1814 1 1 1 1 
v 136.244 14.1614 -58.1775 1 1 1 1 
v 136.237 14.1611 -58.175 1 1 1 1 
v 136.23 14.1607 -58.1739 1 1 1 1 
v 136.229 14.151 -58.1921 1 1 1 1 
v 136.233 14.1512 -58.1927 1 1 1 1 
v 136.228 14.1464 -58.211 1 1 1 1 
v 136.236 14.1514 -58.194 1 1 1 1 
v 136.228 14.1464 -58.211 1 1 1 1 
v 136.239 14.1515 -58.1959 1 1 1 1 
v 136.228 14.1464 -58.211 1 1 1 1 
v 136.255 14.162 -58.1863 1 1 1 1 
v 136.273 14.1819 -58.1837 1 1 1 1 
v 136.259 14.1622 -58.1922 1 1 1 1 
v 136.242 14.1517 -58.1984 1 1 1 1 
v 136.228 14.1464 -58.211 1 1 1 1 
v 136.244 14.1518 -58.2015 1 1 1 1 
v 136.228 14.1464 -58.211 1 1 1 1 
v 136.262 14.1624 -58.1988 1 1 1 1 
v 136.246 14.1519 -58.2048 1 1 1 1 
v 136.228 14.1464 -58.211 1 1 1 1 
v 136.147 14.7449 -58.1378 1 1 1 1 
v 136.15 14.7478 -58.1439 1 1 1 1 
v 136.144 14.7443 -58.1373 1 1 1 1 
v 136.148 14.7488 -58.1481 1 1 1 1 
v 136.152 14.7435 -58.1322 1 1 1 1 
v 136.151 14.7419 -58.127 1 1 1 1 
v 136.159 14.7449 -58.1327 1 1 1 1 
v 136.161 14.7441 -58.1277 1 1 1 1 
v 136.165 14.7486 -58.1386 1 1 1 1 
v 136.162 14.7477 -58.1387 1 1 1 1 
v 136.157 14.7492 -58.1443 1 1 1 1 
v 136.158 14.751 -58.1488 1 1 1 1 
v 136.15 14.7478 -58.1439 1 1 1 1 
v 136.148 14.7488 -58.1481 1 1 1 1 
v 136.254 14.8211 -58.4497 1 1 1 1 
v 136.35 14.8173 -58.4556 1 1 1 1 
v 136.253 14.7949 -58.4427 1 1 1 1 
v 136.35 14.7912 -58.4486 1 1 1 1 
v 136.255 14.8643 -58.4614 1 1 1 1 
v 136.351 14.8606 -58.4673 1 1 1 1 
v 136.175 14.3704 -58.3011 1 1 1 1 
v 136.195 14.3287 -58.3027 1 1 1 1 
v 136.178 14.3278 -58.2962 1 1 1 1 
v 136.193 14.3715 -58.3078 1 1 1 1 
v 136.174 14.4149 -58.2983 1 1 1 1 
v 136.209 14.3716 -58.3107 1 1 1 1 
v 136.191 14.4184 -58.3047 1 1 1 1 
v 136.168 14.4597 -58.2903 1 1 1 1 
v 136.154 14.4563 -58.2811 1 1 1 1 
v 136.184 14.4632 -58.2963 1 1 1 1 
v 136.206 14.4209 -58.3074 1 1 1 1 
v 136.201 14.4666 -58.2991 1 1 1 1 
v 136.221 14.4228 -58.3065 1 1 1 1 
v 136.159 14.4112 -58.2885 1 1 1 1 
v 136.224 14.3713 -58.3097 1 1 1 1 
v 136.241 14.3717 -58.3052 1 1 1 1 
v 136.231 14.3299 -58.3048 1 1 1 1 
v 136.213 14.3295 -58.3056 1 1 1 1 
v 136.216 14.284 -58.3002 1 1 1 1 
v 136.199 14.2831 -58.2975 1 1 1 1 
v 136.183 14.2823 -58.2913 1 1 1 1 
v 136.203 14.2412 -58.2889 1 1 1 1 
v 136.188 14.2405 -58.2834 1 1 1 1 
v 136.219 14.242 -58.2914 1 1 1 1 
v 136.234 14.2427 -58.2908 1 1 1 1 
v 136.234 14.2058 -58.2789 1 1 1 1 
v 136.208 14.2045 -58.2773 1 1 1 1 
v 136.221 14.2052 -58.2794 1 1 1 1 
v 136.234 14.1803 -58.2644 1 1 1 1 
v 136.244 14.1807 -58.262 1 1 1 1 
v 136.239 14.1614 -58.2461 1 1 1 1 
v 136.195 14.2039 -58.2726 1 1 1 1 
v 136.232 14.1611 -58.2478 1 1 1 1 
v 136.23 14.1512 -58.2298 1 1 1 1 
v 136.223 14.1797 -58.2648 1 1 1 1 
v 136.213 14.1792 -58.2631 1 1 1 1 
v 136.203 14.1788 -58.2595 1 1 1 1 
v 136.227 14.151 -58.2299 1 1 1 1 
v 136.228 14.1464 -58.211 1 1 1 1 
v 136.225 14.1607 -58.2481 1 1 1 1 
v 136.218 14.1604 -58.247 1 1 1 1 
v 136.223 14.1509 -58.2294 1 1 1 1 
v 136.228 14.1464 -58.211 1 1 1 1 
v 136.211 14.16 -58.2444 1 1 1 1 
v 136.22 14.1507 -58.2281 1 1 1 1 
v 136.228 14.1464 -58.211 1 1 1 1 
v 136.217 14.1505 -58.2261 1 1 1 1 
v 136.228 14.1464 -58.211 1 1 1 1 
v 136.205 14.1597 -58.2406 1 1 1 1 
v 136.194 14.1783 -58.2539 1 1 1 1 
v 136.214 14.1504 -58.2236 1 1 1 1 
v 136.228 14.1464 -58.211 1 1 1 1 
v 136.2 14.1595 -58.2356 1 1 1 1 
v 136.184 14.2033 -58.2656 1 1 1 1 
v 136.187 14.1779 -58.2467 1 1 1 1 
v 136.212 14.1503 -58.2206 1 1 1 1 
v 136.228 14.1464 -58.211 1 1 1 1 
v 136.196 14.1592 -58.2297 1 1 1 1 
v 136.228 14.1464 -58.211 1 1 1 1 
v 136.175 14.2398 -58.2751 1 1 1 1 
v 136.174 14.2028 -58.2564 1 1 1 1 
v 136.168 14.2816 -58.2821 1 1 1 1 
v 136.164 14.2392 -58.2643 1 1 1 1 
v 136.167 14.2024 -58.2455 1 1 1 1 
v 136.155 14.2387 -58.2515 1 1 1 1 
v 136.18 14.1776 -58.2382 1 1 1 1 
v 136.161 14.2021 -58.2333 1 1 1 1 
v 136.148 14.2384 -58.2371 1 1 1 1 
v 136.176 14.1773 -58.2285 1 1 1 1 
v 136.283 14.3147 -58.0308 1 1 1 1 
v 136.294 14.3114 -58.0308 1 1 1 1 
v 136.288 14.3192 -58.0219 1 1 1 1 
v 136.286 14.3116 -58.0414 1 1 1 1 
v 136.299 14.311 -58.0428 1 1 1 1 
v 136.305 14.3139 -58.0332 1 1 1 1 
v 136.292 14.3142 -58.0511 1 1 1 1 
v 136.301 14.3187 -58.0232 1 1 1 1 
v 136.311 14.3229 -58.0305 1 1 1 1 
v 136.281 14.3192 -58.0508 1 1 1 1 
v 136.291 14.3234 -58.0581 1 1 1 1 
v 136.281 14.3313 -58.0556 1 1 1 1 
v 136.276 14.3195 -58.0389 1 1 1 1 
v 136.275 14.3277 -58.0469 1 1 1 1 
v 136.276 14.3391 -58.0466 1 1 1 1 
v 136.277 14.3242 -58.0269 1 1 1 1 
v 136.273 14.3318 -58.0363 1 1 1 1 
v 136.277 14.3439 -58.0346 1 1 1 1 
v 136.283 14.3482 -58.0439 1 1 1 1 
v 136.288 14.351 -58.0343 1 1 1 1 
v 136.277 14.3357 -58.0264 1 1 1 1 
v 136.285 14.3437 -58.024 1 1 1 1 
v 136.296 14.3479 -58.026 1 1 1 1 
v 136.285 14.3315 -58.0193 1 1 1 1 
v 136.296 14.3387 -58.019 1 1 1 1 
v 136.296 14.3272 -58.0179 1 1 1 1 
v 136.306 14.3307 -58.0215 1 1 1 1 
v 136.306 14.3429 -58.0262 1 1 1 1 
v 136.167 14.7397 -58.1428 1 1 1 1 
v 136.16 14.7421 -58.1537 1 1 1 1 
v 136.158 14.751 -58.1488 1 1 1 1 
v 136.149 14.7398 -58.153 1 1 1 1 
v 136.148 14.7488 -58.1481 1 1 1 1 
v 136.165 14.7486 -58.1386 1 1 1 1 
v 136.161 14.7441 -58.1277 1 1 1 1 
v 136.163 14.735 -58.1311 1 1 1 1 
v 136.152 14.7327 -58.1305 1 1 1 1 
v 136.151 14.7419 -58.127 1 1 1 1 
v 136.144 14.7443 -58.1373 1 1 1 1 
v 136.145 14.7351 -58.1414 1 1 1 1 
v 136.148 14.7488 -58.1481 1 1 1 1 
v 136.149 14.7398 -58.153 1 1 1 1 
v 136.379 14.8173 -57.9843 1 1 1 1 
v 136.282 14.8211 -57.9784 1 1 1 1 
v 136.281 14.7949 -57.9853 1 1 1 1 
v 136.378 14.7912 -57.9912 1 1 1 1 
v 136.285 14.8643 -57.9669 1 1 1 1 
v 136.381 14.8606 -57.9728 1 1 1 1 
v 136.146 14.7399 -58.2348 1 1 1 1 
v 136.15 14.7555 -58.2354 1 1 1 1 
v 136.143 14.7541 -58.2349 1 1 1 1 
v 136.139 14.7535 -58.241 1 1 1 1 
v 136.145 14.7399 -58.2484 1 1 1 1 
v 136.143 14.7543 -58.2474 1 1 1 1 
v 136.142 14.7391 -58.2414 1 1 1 1 
v 136.148 14.7214 -58.2483 1 1 1 1 
v 136.145 14.7208 -58.2406 1 1 1 1 
v 136.149 14.7218 -58.2335 1 1 1 1 
v 136.154 14.7415 -58.2352 1 1 1 1 
v 136.158 14.7235 -58.234 1 1 1 1 
v 136.161 14.7242 -58.2417 1 1 1 1 
v 136.157 14.7422 -58.2423 1 1 1 1 
v 136.154 14.7563 -58.2418 1 1 1 1 
v 136.15 14.7557 -58.2478 1 1 1 1 
v 136.153 14.7414 -58.2489 1 1 1 1 
v 136.157 14.7231 -58.2489 1 1 1 1 
v 136.148 14.7214 -58.2483 1 1 1 1 
v 136.145 14.7399 -58.2484 1 1 1 1 
v 136.143 14.7543 -58.2474 1 1 1 1 
v 136.213 14.1503 -58.1996 1 1 1 1 
v 136.228 14.1464 -58.211 1 1 1 1 
v 136.203 14.1595 -58.1832 1 1 1 1 
v 136.216 14.1504 -58.1968 1 1 1 1 
v 136.228 14.1464 -58.211 1 1 1 1 
v 136.2 14.1783 -58.1643 1 1 1 1 
v 136.209 14.1597 -58.1789 1 1 1 1 
v 136.219 14.1505 -58.1946 1 1 1 1 
v 136.228 14.1464 -58.211 1 1 1 1 
v 136.209 14.1788 -58.1599 1 1 1 1 
v 136.216 14.16 -58.1758 1 1 1 1 
v 136.222 14.1507 -58.1931 1 1 1 1 
v 136.228 14.1464 -58.211 1 1 1 1 
v 136.219 14.1792 -58.1574 1 1 1 1 
v 136.223 14.1604 -58.1741 1 1 1 1 
v 136.225 14.1509 -58.1922 1 1 1 1 
v 136.228 14.1464 -58.211 1 1 1 1 
v 136.23 14.1797 -58.157 1 1 1 1 
v 136.23 14.1607 -58.1739 1 1 1 1 
v 136.229 14.151 -58.1921 1 1 1 1 
v 136.228 14.1464 -58.211 1 1 1 1 
v 136.229 14.2052 -58.1423 1 1 1 1 
v 136.216 14.2045 -58.1428 1 1 1 1 
v 136.228 14.242 -58.1301 1 1 1 1 
v 136.203 14.2039 -58.1459 1 1 1 1 
v 136.213 14.2412 -58.1307 1 1 1 1 
v 136.227 14.284 -58.121 1 1 1 1 
v 136.21 14.2831 -58.1217 1 1 1 1 
v 136.198 14.2405 -58.1344 1 1 1 1 
v 136.193 14.2823 -58.1258 1 1 1 1 
v 136.191 14.2033 -58.1515 1 1 1 1 
v 136.183 14.2398 -58.141 1 1 1 1 
v 136.177 14.2816 -58.1331 1 1 1 1 
v 136.18 14.2028 -58.1594 1 1 1 1 
v 136.171 14.2392 -58.1503 1 1 1 1 
v 136.163 14.2809 -58.1434 1 1 1 1 
v 136.16 14.2387 -58.1619 1 1 1 1 
v 136.151 14.2804 -58.1563 1 1 1 1 
v 136.144 14.3257 -58.1529 1 1 1 1 
v 136.142 14.28 -58.1713 1 1 1 1 
v 136.135 14.3253 -58.1688 1 1 1 1 
v 136.134 14.3641 -58.1719 1 1 1 1 
v 136.128 14.325 -58.1865 1 1 1 1 
v 136.129 14.3614 -58.1898 1 1 1 1 
v 136.125 14.325 -58.205 1 1 1 1 
v 136.127 14.3981 -58.1887 1 1 1 1 
v 136.124 14.3988 -58.2071 1 1 1 1 
v 136.12 14.4445 -58.2044 1 1 1 1 
v 136.127 14.3607 -58.2083 1 1 1 1 
v 136.134 14.2797 -58.2228 1 1 1 1 
v 136.126 14.325 -58.2234 1 1 1 1 
v 136.138 14.28 -58.2399 1 1 1 1 
v 136.127 14.3619 -58.2266 1 1 1 1 
v 136.13 14.3253 -58.2416 1 1 1 1 
v 136.145 14.2804 -58.2559 1 1 1 1 
v 136.124 14.4001 -58.2257 1 1 1 1 
v 136.129 14.3639 -58.2438 1 1 1 1 
v 136.138 14.3257 -58.2586 1 1 1 1 
v 136.155 14.2809 -58.2702 1 1 1 1 
v 136.121 14.4458 -58.2219 1 1 1 1 
v 136.121 14.4886 -58.2179 1 1 1 1 
v 136.125 14.4903 -58.2333 1 1 1 1 
v 136.128 14.4021 -58.2438 1 1 1 1 
v 136.125 14.4477 -58.239 1 1 1 1 
v 136.136 14.3666 -58.2617 1 1 1 1 
v 136.136 14.4047 -58.2608 1 1 1 1 
v 136.131 14.4501 -58.2549 1 1 1 1 
v 136.149 14.3263 -58.2737 1 1 1 1 
v 136.146 14.3678 -58.2781 1 1 1 1 
v 136.162 14.327 -58.2864 1 1 1 1 
v 136.16 14.3691 -58.2911 1 1 1 1 
v 136.146 14.4078 -58.2758 1 1 1 1 
v 136.141 14.453 -58.2692 1 1 1 1 
v 136.14 14.4951 -58.2604 1 1 1 1 
v 136.131 14.4925 -58.2476 1 1 1 1 
v 136.142 14.5324 -58.25 1 1 1 1 
v 136.134 14.5302 -58.2391 1 1 1 1 
v 136.261 14.3105 -58.37 1 1 1 1 
v 136.26 14.3113 -58.3746 1 1 1 1 
v 136.265 14.3072 -58.3737 1 1 1 1 
v 136.267 14.3077 -58.3687 1 1 1 1 
v 136.263 14.3122 -58.3661 1 1 1 1 
v 136.27 14.3066 -58.3724 1 1 1 1 
v 136.259 14.3171 -58.3672 1 1 1 1 
v 136.263 14.3184 -58.3642 1 1 1 1 
v 136.257 14.3165 -58.3722 1 1 1 1 
v 136.257 14.3226 -58.3698 1 1 1 1 
v 136.259 14.3245 -58.3664 1 1 1 1 
v 136.269 14.3085 -58.3769 1 1 1 1 
v 136.273 14.3099 -58.3739 1 1 1 1 
v 136.264 14.3113 -58.3782 1 1 1 1 
v 136.267 14.3136 -58.3801 1 1 1 1 
v 136.272 14.3139 -58.3784 1 1 1 1 
v 136.263 14.3184 -58.3805 1 1 1 1 
v 136.268 14.32 -58.3806 1 1 1 1 
v 136.274 14.3158 -58.3749 1 1 1 1 
v 136.272 14.3214 -58.3776 1 1 1 1 
v 136.259 14.317 -58.3773 1 1 1 1 
v 136.263 14.3258 -58.3796 1 1 1 1 
v 136.268 14.3262 -58.3786 1 1 1 1 
v 136.264 14.3307 -58.376 1 1 1 1 
v 136.259 14.3234 -58.3785 1 1 1 1 
v 136.259 14.3291 -58.3759 1 1 1 1 
v 136.261 14.3318 -58.3723 1 1 1 1 
v 136.257 14.3237 -58.3745 1 1 1 1 
v 136.258 14.3286 -58.3708 1 1 1 1 
v 136.262 14.3299 -58.3678 1 1 1 1 
v 136.286 14.3146 -58.0567 1 1 1 1 
v 136.289 14.3134 -58.0533 1 1 1 1 
v 136.285 14.3136 -58.0517 1 1 1 1 
v 136.293 14.3166 -58.0517 1 1 1 1 
v 136.289 14.3148 -58.0486 1 1 1 1 
v 136.28 14.3169 -58.0549 1 1 1 1 
v 136.282 14.3191 -58.0587 1 1 1 1 
v 136.278 14.3237 -58.057 1 1 1 1 
v 136.282 14.3255 -58.0601 1 1 1 1 
v 136.277 14.3226 -58.052 1 1 1 1 
v 136.28 14.3174 -58.0502 1 1 1 1 
v 136.276 14.3288 -58.0537 1 1 1 1 
v 136.278 14.3311 -58.0571 1 1 1 1 
v 136.283 14.3171 -58.0468 1 1 1 1 
v 136.278 14.3227 -58.047 1 1 1 1 
v 136.287 14.3195 -58.0449 1 1 1 1 
v 136.291 14.3202 -58.0468 1 1 1 1 
v 136.282 14.324 -58.0438 1 1 1 1 
v 136.287 14.3258 -58.0438 1 1 1 1 
v 136.276 14.3295 -58.049 1 1 1 1 
v 136.278 14.329 -58.0452 1 1 1 1 
v 136.282 14.3315 -58.044 1 1 1 1 
v 136.287 14.3322 -58.0452 1 1 1 1 
v 136.291 14.3276 -58.0469 1 1 1 1 
v 136.283 14.3367 -58.0472 1 1 1 1 
v 136.278 14.3348 -58.0472 1 1 1 1 
v 136.28 14.338 -58.0507 1 1 1 1 
v 136.277 14.3347 -58.0522 1 1 1 1 
v 136.28 14.3365 -58.0553 1 1 1 1 
v 136.164 14.7228 -58.1395 1 1 1 1 
v 136.158 14.7043 -58.1437 1 1 1 1 
v 136.167 14.7061 -58.1443 1 1 1 1 
v 136.171 14.7093 -58.1522 1 1 1 1 
v 136.155 14.7212 -58.139 1 1 1 1 
v 136.153 14.7342 -58.1352 1 1 1 1 
v 136.161 14.7358 -58.1357 1 1 1 1 
v 136.148 14.7356 -58.1414 1 1 1 1 
v 136.167 14.7259 -58.1468 1 1 1 1 
v 136.164 14.7387 -58.1423 1 1 1 1 
v 136.159 14.7402 -58.1485 1 1 1 1 
v 136.162 14.7273 -58.1536 1 1 1 1 
v 136.165 14.7106 -58.1596 1 1 1 1 
v 136.151 14.7386 -58.148 1 1 1 1 
v 136.156 14.7088 -58.159 1 1 1 1 
v 136.153 14.7256 -58.1531 1 1 1 1 
v 136.153 14.7256 -58.1531 1 1 1 1 
v 136.151 14.7386 -58.148 1 1 1 1 
v 136.15 14.7226 -58.1458 1 1 1 1 
v 136.156 14.7088 -58.159 1 1 1 1 
v 136.152 14.7056 -58.1511 1 1 1 1 
v 136.304 14.4411 -58.1865 1 1 1 1 
v 136.306 14.4306 -58.1474 1 1 1 1 
v 136.287 14.4392 -58.1757 1 1 1 1 
v 136.288 14.4339 -58.1561 1 1 1 1 
v 136.323 14.4326 -58.1582 1 1 1 1 
v 136.322 14.4378 -58.1778 1 1 1 1 
v 136.316 14.4326 -58.2761 1 1 1 1 
v 136.3 14.4411 -58.2457 1 1 1 1 
v 136.297 14.4306 -58.2848 1 1 1 1 
v 136.317 14.4378 -58.2565 1 1 1 1 
v 136.282 14.4392 -58.2544 1 1 1 1 
v 136.28 14.4339 -58.274 1 1 1 1 
v 136.108 14.4382 -58.1961 1 1 1 1 
v 136.111 14.441 -58.2401 1 1 1 1 
v 136.117 14.404 -58.2252 1 1 1 1 
v 136.133 14.387 -58.2029 1 1 1 1 
v 136.132 14.3908 -58.224 1 1 1 1 
v 136.131 14.4057 -58.2428 1 1 1 1 
v 136.123 14.3952 -58.1974 1 1 1 1 
v 136.135 14.3949 -58.1804 1 1 1 1 
v 136.12 14.4277 -58.2513 1 1 1 1 
v 136.13 14.4284 -58.256 1 1 1 1 
v 136.129 14.4573 -58.2618 1 1 1 1 
v 136.118 14.4152 -58.1795 1 1 1 1 
v 136.136 14.4096 -58.1632 1 1 1 1 
v 136.137 14.4373 -58.1509 1 1 1 1 
v 136.121 14.4403 -58.1596 1 1 1 1 
v 136.138 14.4766 -58.1471 1 1 1 1 
v 136.127 14.478 -58.1504 1 1 1 1 
v 136.128 14.5117 -58.1617 1 1 1 1 
v 136.116 14.4887 -58.1655 1 1 1 1 
v 136.108 14.4988 -58.1918 1 1 1 1 
v 136.125 14.5248 -58.1747 1 1 1 1 
v 136.136 14.5262 -58.1713 1 1 1 1 
v 136.128 14.5358 -58.1928 1 1 1 1 
v 136.123 14.5342 -58.2093 1 1 1 1 
v 136.132 14.5353 -58.2197 1 1 1 1 
v 136.134 14.5368 -58.1943 1 1 1 1 
v 136.121 14.5164 -58.24 1 1 1 1 
v 136.116 14.5225 -58.2195 1 1 1 1 
v 136.106 14.4765 -58.2201 1 1 1 1 
v 136.113 14.4813 -58.2471 1 1 1 1 
v 136.13 14.4962 -58.2556 1 1 1 1 
v 136.148 14.7117 -58.2541 1 1 1 1 
v 136.158 14.7238 -58.2544 1 1 1 1 
v 136.16 14.7143 -58.2549 1 1 1 1 
v 136.146 14.7214 -58.2537 1 1 1 1 
v 136.168 14.7157 -58.2419 1 1 1 1 
v 136.165 14.7251 -58.2421 1 1 1 1 
v 136.16 14.7239 -58.2291 1 1 1 1 
v 136.162 14.7147 -58.2282 1 1 1 1 
v 136.149 14.7121 -58.2274 1 1 1 1 
v 136.148 14.7215 -58.2284 1 1 1 1 
v 136.141 14.7203 -58.2407 1 1 1 1 
v 136.142 14.7107 -58.2404 1 1 1 1 
v 136.148 14.7117 -58.2541 1 1 1 1 
v 136.146 14.7214 -58.2537 1 1 1 1 
v 136.145 14.7208 -58.2406 1 1 1 1 
v 136.148 14.7214 -58.2483 1 1 1 1 
v 136.141 14.7203 -58.2407 1 1 1 1 
v 136.146 14.7214 -58.2537 1 1 1 1 
v 136.149 14.7218 -58.2335 1 1 1 1 
v 136.148 14.7215 -58.2284 1 1 1 1 
v 136.16 14.7239 -58.2291 1 1 1 1 
v 136.158 14.7235 -58.234 1 1 1 1 
v 136.165 14.7251 -58.2421 1 1 1 1 
v 136.161 14.7242 -58.2417 1 1 1 1 
v 136.157 14.7231 -58.2489 1 1 1 1 
v 136.158 14.7238 -58.2544 1 1 1 1 
v 136.148 14.7214 -58.2483 1 1 1 1 
v 136.146 14.7214 -58.2537 1 1 1 1 
v 136.262 14.3104 -58.3943 1 1 1 1 
v 136.257 14.3204 -58.3971 1 1 1 1 
v 136.267 14.3154 -58.4031 1 1 1 1 
v 136.256 14.3147 -58.3854 1 1 1 1 
v 136.273 14.3065 -58.3951 1 1 1 1 
v 136.266 14.3061 -58.3842 1 1 1 1 
v 136.279 14.3049 -58.3836 1 1 1 1 
v 136.284 14.3083 -58.3932 1 1 1 1 
v 136.272 14.3076 -58.3746 1 1 1 1 
v 136.28 14.3142 -58.4025 1 1 1 1 
v 136.291 14.3172 -58.3955 1 1 1 1 
v 136.262 14.313 -58.3739 1 1 1 1 
v 136.272 14.3161 -58.3669 1 1 1 1 
v 136.263 14.3246 -58.3681 1 1 1 1 
v 136.255 14.3221 -58.3767 1 1 1 1 
v 136.253 14.3273 -58.3867 1 1 1 1 
v 136.257 14.3335 -58.376 1 1 1 1 
v 136.268 14.3366 -58.369 1 1 1 1 
v 136.264 14.3424 -58.3783 1 1 1 1 
v 136.258 14.3392 -58.3877 1 1 1 1 
v 136.27 14.3459 -58.3879 1 1 1 1 
v 136.257 14.3319 -58.3965 1 1 1 1 
v 136.265 14.3397 -58.3986 1 1 1 1 
v 136.276 14.3432 -58.3968 1 1 1 1 
v 136.276 14.3347 -58.4046 1 1 1 1 
v 136.265 14.328 -58.4044 1 1 1 1 
v 136.275 14.3234 -58.4067 1 1 1 1 
v 136.286 14.3261 -58.4034 1 1 1 1 
v 136.169 14.7055 -58.1389 1 1 1 1 
v 136.174 14.7101 -58.1522 1 1 1 1 
v 136.167 14.7061 -58.1443 1 1 1 1 
v 136.157 14.7029 -58.1382 1 1 1 1 
v 136.171 14.7093 -58.1522 1 1 1 1 
v 136.158 14.7043 -58.1437 1 1 1 1 
v 136.165 14.7106 -58.1596 1 1 1 1 
v 136.149 14.705 -58.1507 1 1 1 1 
v 136.166 14.7122 -58.1647 1 1 1 1 
v 136.156 14.7088 -58.159 1 1 1 1 
v 136.154 14.7097 -58.1639 1 1 1 1 
v 136.152 14.7056 -58.1511 1 1 1 1 
v 136.156 14.7088 -58.159 1 1 1 1 
v 136.154 14.7097 -58.1639 1 1 1 1 
v 136.155 14.7012 -58.1676 1 1 1 1 
v 136.166 14.7122 -58.1647 1 1 1 1 
v 136.168 14.7039 -58.1684 1 1 1 1 
v 136.154 14.7097 -58.1639 1 1 1 1 
v 136.176 14.7018 -58.1553 1 1 1 1 
v 136.174 14.7101 -58.1522 1 1 1 1 
v 136.169 14.7055 -58.1389 1 1 1 1 
v 136.171 14.6971 -58.1413 1 1 1 1 
v 136.157 14.7029 -58.1382 1 1 1 1 
v 136.158 14.6944 -58.1405 1 1 1 1 
v 136.149 14.705 -58.1507 1 1 1 1 
v 136.15 14.6965 -58.1536 1 1 1 1 
v 136.154 14.7097 -58.1639 1 1 1 1 
v 136.155 14.7012 -58.1676 1 1 1 1 
v 136.117 14.5276 -58.2488 1 1 1 1 
v 136.126 14.5149 -58.2339 1 1 1 1 
v 136.113 14.5191 -58.2342 1 1 1 1 
v 136.124 14.5102 -58.2183 1 1 1 1 
v 136.129 14.5231 -58.2481 1 1 1 1 
v 136.121 14.5368 -58.2615 1 1 1 1 
v 136.133 14.5322 -58.2607 1 1 1 1 
v 136.112 14.5144 -58.2182 1 1 1 1 
v 136.125 14.5084 -58.2012 1 1 1 1 
v 136.113 14.5126 -58.2001 1 1 1 1 
v 136.127 14.5084 -58.1842 1 1 1 1 
v 136.114 14.5124 -58.1821 1 1 1 1 
v 136.118 14.5154 -58.1663 1 1 1 1 
v 136.13 14.5114 -58.1688 1 1 1 1 
v 136.123 14.522 -58.1513 1 1 1 1 
v 136.135 14.5176 -58.1544 1 1 1 1 
v 136.129 14.5302 -58.1395 1 1 1 1 
v 136.141 14.5258 -58.1424 1 1 1 1 
v 136.292 14.2876 -58.2649 1 1 1 1 
v 136.302 14.3331 -58.2521 1 1 1 1 
v 136.301 14.288 -58.2499 1 1 1 1 
v 136.309 14.3334 -58.2346 1 1 1 1 
v 136.287 14.2452 -58.2596 1 1 1 1 
v 136.292 14.3326 -58.268 1 1 1 1 
v 136.307 14.2882 -58.2334 1 1 1 1 
v 136.305 14.3768 -58.2374 1 1 1 1 
v 136.295 14.2456 -58.2461 1 1 1 1 
v 136.276 14.2447 -58.2712 1 1 1 1 
v 136.312 14.3335 -58.2161 1 1 1 1 
v 136.28 14.287 -58.2778 1 1 1 1 
v 136.27 14.2075 -58.2623 1 1 1 1 
v 136.279 14.2079 -58.2524 1 1 1 1 
v 136.301 14.2458 -58.2312 1 1 1 1 
v 136.262 14.1816 -58.2513 1 1 1 1 
v 136.286 14.2082 -58.2409 1 1 1 1 
v 136.269 14.1819 -58.2436 1 1 1 1 
v 136.31 14.2883 -58.216 1 1 1 1 
v 136.291 14.2084 -58.2283 1 1 1 1 
v 136.274 14.1822 -58.2346 1 1 1 1 
v 136.303 14.2459 -58.2156 1 1 1 1 
v 136.278 14.1823 -58.2246 1 1 1 1 
v 136.293 14.2085 -58.215 1 1 1 1 
v 136.302 14.2458 -58.1998 1 1 1 1 
v 136.292 14.2084 -58.2015 1 1 1 1 
v 136.309 14.2882 -58.1984 1 1 1 1 
v 136.289 14.2082 -58.1884 1 1 1 1 
v 136.299 14.2456 -58.1844 1 1 1 1 
v 136.311 14.3335 -58.1975 1 1 1 1 
v 136.305 14.288 -58.1813 1 1 1 1 
v 136.284 14.2079 -58.1762 1 1 1 1 
v 136.292 14.2452 -58.17 1 1 1 1 
v 136.307 14.3332 -58.1793 1 1 1 1 
v 136.298 14.2876 -58.1653 1 1 1 1 
v 136.395 14.2493 -58.1609 1 1 1 1 
v 136.336 14.2345 -58.2182 1 1 1 1 
v 136.387 14.2493 -58.2822 1 1 1 1 
v 136.328 14.2411 -58.3521 1 1 1 1 
v 136.344 14.2411 -58.0843 1 1 1 1 
v 136.336 14.2345 -58.2182 1 1 1 1 
v 136.374 14.2589 -58.3416 1 1 1 1 
v 136.322 14.3468 -58.367 1 1 1 1 
v 136.389 14.2589 -58.1003 1 1 1 1 
v 136.34 14.3468 -58.0687 1 1 1 1 
v 136.405 14.3501 -58.159 1 1 1 1 
v 136.397 14.3492 -58.0897 1 1 1 1 
v 136.387 14.4226 -58.0946 1 1 1 1 
v 136.335 14.4331 -58.0765 1 1 1 1 
v 136.397 14.3501 -58.2853 1 1 1 1 
v 136.381 14.3492 -58.3532 1 1 1 1 
v 136.372 14.4226 -58.3472 1 1 1 1 
v 136.318 14.4331 -58.3587 1 1 1 1 
v 136.385 14.4313 -58.2836 1 1 1 1 
v 136.365 14.4342 -58.3411 1 1 1 1 
v 136.318 14.4475 -58.3515 1 1 1 1 
v 136.378 14.4447 -58.2816 1 1 1 1 
v 136.326 14.4541 -58.2176 1 1 1 1 
v 136.393 14.4313 -58.1593 1 1 1 1 
v 136.385 14.4447 -58.1603 1 1 1 1 
v 136.326 14.4541 -58.2176 1 1 1 1 
v 136.334 14.4475 -58.0837 1 1 1 1 
v 136.38 14.4342 -58.0998 1 1 1 1 
v 136.306 14.4893 -58.1738 1 1 1 1 
v 136.323 14.4835 -58.1651 1 1 1 1 
v 136.306 14.4866 -58.1733 1 1 1 1 
v 136.324 14.486 -58.165 1 1 1 1 
v 136.324 14.4785 -58.1465 1 1 1 1 
v 136.325 14.4808 -58.1454 1 1 1 1 
v 136.308 14.4788 -58.1346 1 1 1 1 
v 136.308 14.4767 -58.1363 1 1 1 1 
v 136.298 14.4788 -58.2978 1 1 1 1 
v 136.316 14.4785 -58.2879 1 1 1 1 
v 136.298 14.4767 -58.2961 1 1 1 1 
v 136.317 14.4808 -58.2891 1 1 1 1 
v 136.318 14.486 -58.2696 1 1 1 1 
v 136.317 14.4835 -58.2694 1 1 1 1 
v 136.301 14.4893 -58.2587 1 1 1 1 
v 136.301 14.4866 -58.2591 1 1 1 1 
v 136.378 14.8227 -58.0041 1 1 1 1 
v 136.378 14.7912 -57.9912 1 1 1 1 
v 136.377 14.7965 -58.0111 1 1 1 1 
v 136.379 14.8173 -57.9843 1 1 1 1 
v 136.38 14.8659 -57.9927 1 1 1 1 
v 136.381 14.8606 -57.9728 1 1 1 1 
v 136.372 14.8528 -58.1167 1 1 1 1 
v 136.371 14.8267 -58.1236 1 1 1 1 
v 136.371 14.8591 -58.1401 1 1 1 1 
v 136.37 14.8329 -58.147 1 1 1 1 
v 136.374 14.9023 -58.1286 1 1 1 1 
v 136.375 14.8961 -58.1052 1 1 1 1 
v 136.35 14.7912 -58.4486 1 1 1 1 
v 136.352 14.8227 -58.4358 1 1 1 1 
v 136.351 14.7965 -58.4287 1 1 1 1 
v 136.35 14.8173 -58.4556 1 1 1 1 
v 136.353 14.8659 -58.4475 1 1 1 1 
v 136.351 14.8606 -58.4673 1 1 1 1 
v 136.36 14.8528 -58.3234 1 1 1 1 
v 136.359 14.8267 -58.3163 1 1 1 1 
v 136.361 14.8591 -58.3 1 1 1 1 
v 136.361 14.8329 -58.293 1 1 1 1 
v 136.362 14.9023 -58.3117 1 1 1 1 
v 136.361 14.8961 -58.3351 1 1 1 1 
v 136.127 14.5348 -58.1596 1 1 1 1 
v 136.123 14.522 -58.1513 1 1 1 1 
v 136.132 14.5424 -58.1487 1 1 1 1 
v 136.129 14.5302 -58.1395 1 1 1 1 
v 136.118 14.5154 -58.1663 1 1 1 1 
v 136.13 14.5492 -58.1624 1 1 1 1 
v 136.136 14.5575 -58.1508 1 1 1 1 
v 136.127 14.5441 -58.1744 1 1 1 1 
v 136.123 14.5295 -58.1722 1 1 1 1 
v 136.114 14.5124 -58.1821 1 1 1 1 
v 136.124 14.5414 -58.1871 1 1 1 1 
v 136.12 14.5268 -58.1856 1 1 1 1 
v 136.113 14.5126 -58.2001 1 1 1 1 
v 136.119 14.5269 -58.1999 1 1 1 1 
v 136.124 14.5416 -58.1995 1 1 1 1 
v 136.122 14.5427 -58.2117 1 1 1 1 
v 136.118 14.5283 -58.2141 1 1 1 1 
v 136.112 14.5144 -58.2182 1 1 1 1 
v 136.119 14.5326 -58.2275 1 1 1 1 
v 136.123 14.5469 -58.2244 1 1 1 1 
v 136.113 14.5191 -58.2342 1 1 1 1 
v 136.122 14.5396 -58.24 1 1 1 1 
v 136.126 14.5539 -58.2365 1 1 1 1 
v 136.117 14.5276 -58.2488 1 1 1 1 
v 136.125 14.548 -58.2514 1 1 1 1 
v 136.129 14.5628 -58.2483 1 1 1 1 
v 136.121 14.5368 -58.2615 1 1 1 1 
v 136.277 14.1822 -58.1933 1 1 1 1 
v 136.279 14.1823 -58.2036 1 1 1 1 
v 136.28 14.1824 -58.2142 1 1 1 1 
v 136.264 14.1625 -58.2059 1 1 1 1 
v 136.263 14.1625 -58.2204 1 1 1 1 
v 136.264 14.1625 -58.2132 1 1 1 1 
v 136.26 14.1624 -58.2273 1 1 1 1 
v 136.246 14.1519 -58.2084 1 1 1 1 
v 136.228 14.1464 -58.211 1 1 1 1 
v 136.247 14.1519 -58.2122 1 1 1 1 
v 136.228 14.1464 -58.211 1 1 1 1 
v 136.246 14.1519 -58.2158 1 1 1 1 
v 136.228 14.1464 -58.211 1 1 1 1 
v 136.245 14.1519 -58.2193 1 1 1 1 
v 136.228 14.1464 -58.211 1 1 1 1 
v 136.243 14.1518 -58.2225 1 1 1 1 
v 136.228 14.1464 -58.211 1 1 1 1 
v 136.257 14.1622 -58.2335 1 1 1 1 
v 136.24 14.1517 -58.2252 1 1 1 1 
v 136.228 14.1464 -58.211 1 1 1 1 
v 136.252 14.162 -58.2388 1 1 1 1 
v 136.237 14.1515 -58.2274 1 1 1 1 
v 136.228 14.1464 -58.211 1 1 1 1 
v 136.246 14.1617 -58.2431 1 1 1 1 
v 136.228 14.1464 -58.211 1 1 1 1 
v 136.234 14.1514 -58.2289 1 1 1 1 
v 136.253 14.1812 -58.2575 1 1 1 1 
v 136.228 14.1464 -58.211 1 1 1 1 
v 136.259 14.207 -58.2702 1 1 1 1 
v 136.247 14.2064 -58.2758 1 1 1 1 
v 136.264 14.2441 -58.2805 1 1 1 1 
v 136.249 14.2435 -58.2871 1 1 1 1 
v 136.266 14.2864 -58.2881 1 1 1 1 
v 136.25 14.2856 -58.2955 1 1 1 1 
v 136.233 14.2848 -58.2996 1 1 1 1 
v 136.248 14.3305 -58.3005 1 1 1 1 
v 136.265 14.3313 -58.2927 1 1 1 1 
v 136.28 14.332 -58.2817 1 1 1 1 
v 136.259 14.3729 -58.2972 1 1 1 1 
v 136.274 14.374 -58.2859 1 1 1 1 
v 136.288 14.3751 -58.2719 1 1 1 1 
v 136.298 14.376 -58.2554 1 1 1 1 
v 136.253 14.4279 -58.2943 1 1 1 1 
v 136.268 14.4301 -58.2833 1 1 1 1 
v 136.28 14.4316 -58.2696 1 1 1 1 
v 136.237 14.4252 -58.3021 1 1 1 1 
v 136.29 14.4324 -58.2537 1 1 1 1 
v 136.262 14.4769 -58.2766 1 1 1 1 
v 136.274 14.4783 -58.2637 1 1 1 1 
v 136.248 14.4749 -58.2869 1 1 1 1 
v 136.25 14.5172 -58.2672 1 1 1 1 
v 136.283 14.4791 -58.2487 1 1 1 1 
v 136.233 14.4723 -58.2942 1 1 1 1 
v 136.238 14.5154 -58.2765 1 1 1 1 
v 136.172 14.3686 -58.1286 1 1 1 1 
v 136.156 14.4006 -58.1416 1 1 1 1 
v 136.156 14.3671 -58.1398 1 1 1 1 
v 136.17 14.4027 -58.1306 1 1 1 1 
v 136.143 14.3659 -58.1539 1 1 1 1 
v 136.157 14.3263 -58.1392 1 1 1 1 
v 136.172 14.327 -58.1282 1 1 1 1 
v 136.189 14.3278 -58.1204 1 1 1 1 
v 136.189 14.3704 -58.1205 1 1 1 1 
v 136.207 14.3287 -58.1161 1 1 1 1 
v 136.207 14.3722 -58.116 1 1 1 1 
v 136.187 14.4055 -58.1228 1 1 1 1 
v 136.225 14.3295 -58.1154 1 1 1 1 
v 136.164 14.4483 -58.1324 1 1 1 1 
v 136.15 14.4462 -58.1427 1 1 1 1 
v 136.148 14.489 -58.1466 1 1 1 1 
v 136.223 14.3729 -58.1151 1 1 1 1 
v 136.204 14.4084 -58.1185 1 1 1 1 
v 136.22 14.4107 -58.1176 1 1 1 1 
v 136.18 14.4508 -58.125 1 1 1 1 
v 136.161 14.4908 -58.1373 1 1 1 1 
v 136.149 14.5272 -58.1532 1 1 1 1 
v 136.197 14.4538 -58.1209 1 1 1 1 
v 136.213 14.457 -58.1202 1 1 1 1 
v 136.175 14.4931 -58.1307 1 1 1 1 
v 136.159 14.5287 -58.1453 1 1 1 1 
v 136.153 14.5555 -58.1624 1 1 1 1 
v 136.19 14.4958 -58.127 1 1 1 1 
v 136.205 14.4988 -58.1264 1 1 1 1 
v 136.171 14.5307 -58.1396 1 1 1 1 
v 136.161 14.5567 -58.1562 1 1 1 1 
v 136.16 14.5746 -58.1738 1 1 1 1 
v 136.184 14.533 -58.1365 1 1 1 1 
v 136.197 14.5355 -58.136 1 1 1 1 
v 136.171 14.5583 -58.1518 1 1 1 1 
v 136.166 14.5755 -58.1696 1 1 1 1 
v 136.172 14.5918 -58.1843 1 1 1 1 
v 136.181 14.5601 -58.1493 1 1 1 1 
v 136.191 14.5621 -58.1489 1 1 1 1 
v 136.172 14.5765 -58.1665 1 1 1 1 
v 136.175 14.5923 -58.1828 1 1 1 1 
v 136.18 14.5993 -58.2004 1 1 1 1 
v 136.179 14.5778 -58.1648 1 1 1 1 
v 136.186 14.5791 -58.1646 1 1 1 1 
v 136.182 14.5937 -58.1818 1 1 1 1 
v 136.179 14.593 -58.1819 1 1 1 1 
v 136.18 14.5993 -58.2004 1 1 1 1 
v 136.18 14.5993 -58.2004 1 1 1 1 
v 136.326 14.5317 -58.1523 1 1 1 1 
v 136.309 14.5348 -58.1606 1 1 1 1 
v 136.309 14.5375 -58.161 1 1 1 1 
v 136.327 14.5342 -58.1522 1 1 1 1 
v 136.327 14.5268 -58.1338 1 1 1 1 
v 136.328 14.529 -58.1326 1 1 1 1 
v 136.311 14.527 -58.1218 1 1 1 1 
v 136.311 14.5249 -58.1235 1 1 1 1 
v 136.318 14.5317 -58.2824 1 1 1 1 
v 136.302 14.5375 -58.2717 1 1 1 1 
v 136.302 14.5348 -58.2721 1 1 1 1 
v 136.319 14.5342 -58.2826 1 1 1 1 
v 136.317 14.5268 -58.3009 1 1 1 1 
v 136.318 14.529 -58.3021 1 1 1 1 
v 136.299 14.527 -58.3108 1 1 1 1 
v 136.299 14.5249 -58.3092 1 1 1 1 
v 136.322 14.7678 -58.366 1 1 1 1 
v 136.322 14.7219 -58.3542 1 1 1 1 
v 136.305 14.766 -58.3742 1 1 1 1 
v 136.304 14.7199 -58.3629 1 1 1 1 
v 136.323 14.7728 -58.3475 1 1 1 1 
v 136.323 14.7271 -58.3346 1 1 1 1 
v 136.306 14.7304 -58.3238 1 1 1 1 
v 136.307 14.7759 -58.3372 1 1 1 1 
v 136.324 14.766 -58.0595 1 1 1 1 
v 136.321 14.7199 -58.0706 1 1 1 1 
v 136.339 14.7219 -58.0815 1 1 1 1 
v 136.34 14.7678 -58.0698 1 1 1 1 
v 136.339 14.7728 -58.0883 1 1 1 1 
v 136.338 14.7271 -58.1011 1 1 1 1 
v 136.319 14.7304 -58.1098 1 1 1 1 
v 136.322 14.7759 -58.0966 1 1 1 1 
v 136.15 14.6842 -58.2389 1 1 1 1 
v 136.158 14.6733 -58.2281 1 1 1 1 
v 136.156 14.6861 -58.2301 1 1 1 1 
v 136.166 14.6882 -58.2307 1 1 1 1 
v 136.148 14.6977 -58.2399 1 1 1 1 
v 136.152 14.6711 -58.2374 1 1 1 1 
v 136.153 14.6993 -58.2316 1 1 1 1 
v 136.155 14.6843 -58.2484 1 1 1 1 
v 136.157 14.671 -58.2474 1 1 1 1 
v 136.152 14.698 -58.2488 1 1 1 1 
v 136.16 14.6577 -58.2464 1 1 1 1 
v 136.146 14.7112 -58.2408 1 1 1 1 
v 136.15 14.7117 -58.2491 1 1 1 1 
v 136.151 14.7126 -58.233 1 1 1 1 
v 136.163 14.7013 -58.2322 1 1 1 1 
v 136.16 14.7144 -58.2336 1 1 1 1 
v 136.154 14.658 -58.2359 1 1 1 1 
v 136.164 14.632 -58.2432 1 1 1 1 
v 136.16 14.6606 -58.2261 1 1 1 1 
v 136.158 14.6328 -58.2319 1 1 1 1 
v 136.169 14.6075 -58.2389 1 1 1 1 
v 136.165 14.636 -58.2213 1 1 1 1 
v 136.163 14.6086 -58.2271 1 1 1 1 
v 136.174 14.5842 -58.2338 1 1 1 1 
v 136.167 14.5858 -58.2217 1 1 1 1 
v 136.174 14.59 -58.2105 1 1 1 1 
v 136.17 14.6125 -58.216 1 1 1 1 
v 136.183 14.6152 -58.2168 1 1 1 1 
v 136.188 14.5927 -58.2114 1 1 1 1 
v 136.195 14.5912 -58.2234 1 1 1 1 
v 136.178 14.6386 -58.2221 1 1 1 1 
v 136.189 14.614 -58.2287 1 1 1 1 
v 136.183 14.6101 -58.2397 1 1 1 1 
v 136.188 14.587 -58.2346 1 1 1 1 
v 136.174 14.5842 -58.2338 1 1 1 1 
v 136.169 14.6075 -58.2389 1 1 1 1 
v 136.177 14.6345 -58.244 1 1 1 1 
v 136.164 14.632 -58.2432 1 1 1 1 
v 136.16 14.6577 -58.2464 1 1 1 1 
v 136.184 14.6378 -58.2334 1 1 1 1 
v 136.171 14.66 -58.2471 1 1 1 1 
v 136.157 14.671 -58.2474 1 1 1 1 
v 136.172 14.6629 -58.2268 1 1 1 1 
v 136.177 14.6626 -58.2373 1 1 1 1 
v 136.169 14.6755 -58.2288 1 1 1 1 
v 136.168 14.6732 -58.2481 1 1 1 1 
v 136.165 14.6864 -58.2491 1 1 1 1 
v 136.155 14.6843 -58.2484 1 1 1 1 
v 136.174 14.6755 -58.2388 1 1 1 1 
v 136.152 14.698 -58.2488 1 1 1 1 
v 136.171 14.6883 -58.2402 1 1 1 1 
v 136.162 14.7 -58.2494 1 1 1 1 
v 136.159 14.7136 -58.2497 1 1 1 1 
v 136.15 14.7117 -58.2491 1 1 1 1 
v 136.167 14.7016 -58.2411 1 1 1 1 
v 136.164 14.7149 -58.2419 1 1 1 1 
v 136.321 14.7196 -58.353 1 1 1 1 
v 136.321 14.6736 -58.3412 1 1 1 1 
v 136.304 14.7178 -58.3612 1 1 1 1 
v 136.303 14.6717 -58.3499 1 1 1 1 
v 136.322 14.7246 -58.3345 1 1 1 1 
v 136.322 14.6789 -58.3216 1 1 1 1 
v 136.305 14.6822 -58.3108 1 1 1 1 
v 136.306 14.7277 -58.3242 1 1 1 1 
v 136.321 14.7178 -58.0723 1 1 1 1 
v 136.319 14.6717 -58.0834 1 1 1 1 
v 136.336 14.6736 -58.0943 1 1 1 1 
v 136.337 14.7196 -58.0826 1 1 1 1 
v 136.336 14.7246 -58.1011 1 1 1 1 
v 136.335 14.6789 -58.1139 1 1 1 1 
v 136.317 14.6822 -58.1226 1 1 1 1 
v 136.319 14.7277 -58.1094 1 1 1 1 
v 136.32 14.6254 -58.3282 1 1 1 1 
v 136.321 14.6764 -58.3214 1 1 1 1 
v 136.321 14.6307 -58.3086 1 1 1 1 
v 136.304 14.634 -58.2978 1 1 1 1 
v 136.305 14.6795 -58.3112 1 1 1 1 
v 136.32 14.6714 -58.34 1 1 1 1 
v 136.303 14.6696 -58.3482 1 1 1 1 
v 136.301 14.6235 -58.3369 1 1 1 1 
v 136.333 14.6254 -58.1071 1 1 1 1 
v 136.319 14.6696 -58.0851 1 1 1 1 
v 136.316 14.6235 -58.0962 1 1 1 1 
v 136.335 14.6714 -58.0954 1 1 1 1 
v 136.334 14.6764 -58.1139 1 1 1 1 
v 136.332 14.6307 -58.1267 1 1 1 1 
v 136.314 14.634 -58.1354 1 1 1 1 
v 136.317 14.6795 -58.1222 1 1 1 1 
v 136.319 14.6232 -58.3269 1 1 1 1 
v 136.319 14.5772 -58.3152 1 1 1 1 
v 136.302 14.6213 -58.3352 1 1 1 1 
v 136.3 14.5753 -58.3239 1 1 1 1 
v 136.32 14.6282 -58.3084 1 1 1 1 
v 136.32 14.5825 -58.2956 1 1 1 1 
v 136.303 14.5858 -58.2847 1 1 1 1 
v 136.304 14.6313 -58.2981 1 1 1 1 
v 136.316 14.6213 -58.0979 1 1 1 1 
v 136.314 14.5753 -58.109 1 1 1 1 
v 136.331 14.5772 -58.1199 1 1 1 1 
v 136.332 14.6232 -58.1082 1 1 1 1 
v 136.331 14.6282 -58.1267 1 1 1 1 
v 136.33 14.5825 -58.1394 1 1 1 1 
v 136.312 14.5858 -58.1482 1 1 1 1 
v 136.314 14.6313 -58.135 1 1 1 1 
v 136.343 14.8235 -58.0755 1 1 1 1 
v 136.341 14.7701 -58.0687 1 1 1 1 
v 136.34 14.7753 -58.0883 1 1 1 1 
v 136.322 14.7786 -58.097 1 1 1 1 
v 136.325 14.8268 -58.0842 1 1 1 1 
v 136.344 14.8183 -58.0559 1 1 1 1 
v 136.327 14.8163 -58.045 1 1 1 1 
v 136.324 14.7681 -58.0578 1 1 1 1 
v 136.324 14.8183 -58.3802 1 1 1 1 
v 136.323 14.7701 -58.3672 1 1 1 1 
v 136.306 14.8163 -58.389 1 1 1 1 
v 136.305 14.7681 -58.3759 1 1 1 1 
v 136.325 14.8235 -58.3607 1 1 1 1 
v 136.324 14.7753 -58.3477 1 1 1 1 
v 136.307 14.7786 -58.3368 1 1 1 1 
v 136.309 14.8268 -58.3498 1 1 1 1 
v 136.318 14.529 -58.3021 1 1 1 1 
v 136.319 14.5799 -58.2954 1 1 1 1 
v 136.319 14.5342 -58.2826 1 1 1 1 
v 136.302 14.5375 -58.2717 1 1 1 1 
v 136.303 14.5831 -58.2851 1 1 1 1 
v 136.318 14.575 -58.3139 1 1 1 1 
v 136.3 14.5731 -58.3222 1 1 1 1 
v 136.299 14.527 -58.3108 1 1 1 1 
v 136.329 14.5799 -58.1395 1 1 1 1 
v 136.328 14.529 -58.1326 1 1 1 1 
v 136.327 14.5342 -58.1522 1 1 1 1 
v 136.309 14.5375 -58.161 1 1 1 1 
v 136.312 14.5831 -58.1478 1 1 1 1 
v 136.33 14.575 -58.121 1 1 1 1 
v 136.313 14.5731 -58.1107 1 1 1 1 
v 136.311 14.527 -58.1218 1 1 1 1 
v 136.325 14.4808 -58.1454 1 1 1 1 
v 136.311 14.5249 -58.1235 1 1 1 1 
v 136.308 14.4788 -58.1346 1 1 1 1 
v 136.327 14.5268 -58.1338 1 1 1 1 
v 136.326 14.5317 -58.1523 1 1 1 1 
v 136.324 14.486 -58.165 1 1 1 1 
v 136.306 14.4893 -58.1738 1 1 1 1 
v 136.309 14.5348 -58.1606 1 1 1 1 
v 136.299 14.5249 -58.3092 1 1 1 1 
v 136.317 14.4808 -58.2891 1 1 1 1 
v 136.298 14.4788 -58.2978 1 1 1 1 
v 136.317 14.5268 -58.3009 1 1 1 1 
v 136.318 14.5317 -58.2824 1 1 1 1 
v 136.318 14.486 -58.2696 1 1 1 1 
v 136.301 14.4893 -58.2587 1 1 1 1 
v 136.302 14.5348 -58.2721 1 1 1 1 
v 136.316 14.4326 -58.2761 1 1 1 1 
v 136.317 14.4835 -58.2694 1 1 1 1 
v 136.317 14.4378 -58.2565 1 1 1 1 
v 136.3 14.4411 -58.2457 1 1 1 1 
v 136.301 14.4866 -58.2591 1 1 1 1 
v 136.316 14.4785 -58.2879 1 1 1 1 
v 136.298 14.4767 -58.2961 1 1 1 1 
v 136.297 14.4306 -58.2848 1 1 1 1 
v 136.323 14.4835 -58.1651 1 1 1 1 
v 136.323 14.4326 -58.1582 1 1 1 1 
v 136.322 14.4378 -58.1778 1 1 1 1 
v 136.304 14.4411 -58.1865 1 1 1 1 
v 136.306 14.4866 -58.1733 1 1 1 1 
v 136.324 14.4785 -58.1465 1 1 1 1 
v 136.308 14.4767 -58.1363 1 1 1 1 
v 136.306 14.4306 -58.1474 1 1 1 1 
v 136.33 14.575 -58.121 1 1 1 1 
v 136.329 14.5799 -58.1395 1 1 1 1 
v 136.33 14.5825 -58.1394 1 1 1 1 
v 136.312 14.5858 -58.1482 1 1 1 1 
v 136.312 14.5831 -58.1478 1 1 1 1 
v 136.331 14.5772 -58.1199 1 1 1 1 
v 136.314 14.5753 -58.109 1 1 1 1 
v 136.313 14.5731 -58.1107 1 1 1 1 
v 136.3 14.5753 -58.3239 1 1 1 1 
v 136.318 14.575 -58.3139 1 1 1 1 
v 136.3 14.5731 -58.3222 1 1 1 1 
v 136.319 14.5772 -58.3152 1 1 1 1 
v 136.32 14.5825 -58.2956 1 1 1 1 
v 136.319 14.5799 -58.2954 1 1 1 1 
v 136.303 14.5858 -58.2847 1 1 1 1 
v 136.303 14.5831 -58.2851 1 1 1 1 
v 136.166 14.6559 -58.1546 1 1 1 1 
v 136.183 14.6323 -58.1601 1 1 1 1 
v 136.177 14.6582 -58.1553 1 1 1 1 
v 136.188 14.6356 -58.1714 1 1 1 1 
v 136.163 14.669 -58.1519 1 1 1 1 
v 136.17 14.6298 -58.1594 1 1 1 1 
v 136.182 14.6616 -58.1657 1 1 1 1 
v 136.193 14.6095 -58.1764 1 1 1 1 
v 136.174 14.6712 -58.1525 1 1 1 1 
v 136.157 14.6701 -58.161 1 1 1 1 
v 136.175 14.6626 -58.1753 1 1 1 1 
v 136.159 14.6569 -58.1642 1 1 1 1 
v 136.163 14.6602 -58.1746 1 1 1 1 
v 136.168 14.6338 -58.1812 1 1 1 1 
v 136.161 14.6734 -58.1707 1 1 1 1 
v 136.163 14.6306 -58.1699 1 1 1 1 
v 136.172 14.6074 -58.1868 1 1 1 1 
v 136.155 14.6832 -58.1577 1 1 1 1 
v 136.159 14.6865 -58.1669 1 1 1 1 
v 136.153 14.697 -58.1537 1 1 1 1 
v 136.157 14.7002 -58.1623 1 1 1 1 
v 136.161 14.682 -58.1491 1 1 1 1 
v 136.159 14.6957 -58.1458 1 1 1 1 
v 136.172 14.6841 -58.1498 1 1 1 1 
v 136.169 14.6977 -58.1464 1 1 1 1 
v 136.179 14.6745 -58.1623 1 1 1 1 
v 136.176 14.6874 -58.159 1 1 1 1 
v 136.173 14.7009 -58.1549 1 1 1 1 
v 136.167 14.7022 -58.1629 1 1 1 1 
v 136.172 14.6756 -58.1714 1 1 1 1 
v 136.17 14.6886 -58.1675 1 1 1 1 
v 136.161 14.6734 -58.1707 1 1 1 1 
v 136.159 14.6865 -58.1669 1 1 1 1 
v 136.157 14.7002 -58.1623 1 1 1 1 
v 136.163 14.6602 -58.1746 1 1 1 1 
v 136.18 14.6364 -58.1819 1 1 1 1 
v 136.168 14.6338 -58.1812 1 1 1 1 
v 136.186 14.6101 -58.1876 1 1 1 1 
v 136.172 14.6074 -58.1868 1 1 1 1 
v 136.177 14.5811 -58.1914 1 1 1 1 
v 136.191 14.5838 -58.1923 1 1 1 1 
v 136.199 14.5834 -58.1809 1 1 1 1 
v 136.188 14.6063 -58.1645 1 1 1 1 
v 136.193 14.5804 -58.1687 1 1 1 1 
v 136.175 14.6037 -58.1637 1 1 1 1 
v 136.179 14.5777 -58.1678 1 1 1 1 
v 136.167 14.6042 -58.1748 1 1 1 1 
v 136.172 14.578 -58.1792 1 1 1 1 
v 136.177 14.5811 -58.1914 1 1 1 1 
v 136.264 14.8998 -58.3291 1 1 1 1 
v 136.36 14.8528 -58.3234 1 1 1 1 
v 136.263 14.8566 -58.3175 1 1 1 1 
v 136.361 14.8961 -58.3351 1 1 1 1 
v 136.208 14.3873 -58.1011 1 1 1 1 
v 136.203 14.3542 -58.1008 1 1 1 1 
v 136.217 14.3831 -58.0892 1 1 1 1 
v 136.211 14.3546 -58.0888 1 1 1 1 
v 136.281 14.417 -58.1056 1 1 1 1 
v 136.283 14.408 -58.0932 1 1 1 1 
v 136.216 14.3831 -58.114 1 1 1 1 
v 136.281 14.408 -58.118 1 1 1 1 
v 136.21 14.3546 -58.1137 1 1 1 1 
v 136.22 14.3267 -58.0893 1 1 1 1 
v 136.218 14.3267 -58.1142 1 1 1 1 
v 136.212 14.3218 -58.1013 1 1 1 1 
v 136.288 14.2861 -58.106 1 1 1 1 
v 136.288 14.2952 -58.0935 1 1 1 1 
v 136.287 14.2952 -58.1184 1 1 1 1 
v 136.19 14.3542 -58.3176 1 1 1 1 
v 136.195 14.3873 -58.3179 1 1 1 1 
v 136.202 14.3831 -58.3309 1 1 1 1 
v 136.268 14.417 -58.3224 1 1 1 1 
v 136.268 14.408 -58.3349 1 1 1 1 
v 136.197 14.3546 -58.3305 1 1 1 1 
v 136.204 14.3831 -58.306 1 1 1 1 
v 136.269 14.408 -58.31 1 1 1 1 
v 136.198 14.3546 -58.3056 1 1 1 1 
v 136.205 14.3267 -58.331 1 1 1 1 
v 136.207 14.3267 -58.3061 1 1 1 1 
v 136.198 14.3218 -58.3181 1 1 1 1 
v 136.275 14.2861 -58.3228 1 1 1 1 
v 136.273 14.2952 -58.3352 1 1 1 1 
v 136.275 14.2952 -58.3103 1 1 1 1 
v 136.261 14.5185 -58.2556 1 1 1 1 
v 136.235 14.5512 -58.2557 1 1 1 1 
v 136.217 14.4695 -58.2983 1 1 1 1 
v 136.224 14.5131 -58.2831 1 1 1 1 
v 136.225 14.5497 -58.2636 1 1 1 1 
v 136.209 14.5104 -58.2867 1 1 1 1 
v 136.213 14.5477 -58.2692 1 1 1 1 
v 136.2 14.5454 -58.2724 1 1 1 1 
v 136.221 14.5744 -58.243 1 1 1 1 
v 136.213 14.5732 -58.2492 1 1 1 1 
v 136.203 14.5716 -58.2536 1 1 1 1 
v 136.193 14.5074 -58.2874 1 1 1 1 
v 136.193 14.5698 -58.2561 1 1 1 1 
v 136.187 14.5429 -58.2729 1 1 1 1 
v 136.174 14.5402 -58.2708 1 1 1 1 
v 136.178 14.5043 -58.2849 1 1 1 1 
v 136.173 14.5657 -58.2548 1 1 1 1 
v 136.183 14.5678 -58.2565 1 1 1 1 
v 136.188 14.5845 -58.2383 1 1 1 1 
v 136.181 14.5831 -58.2386 1 1 1 1 
v 136.195 14.5857 -58.2367 1 1 1 1 
v 136.183 14.5964 -58.2194 1 1 1 1 
v 136.187 14.597 -58.2185 1 1 1 1 
v 136.18 14.5993 -58.2004 1 1 1 1 
v 136.19 14.5976 -58.217 1 1 1 1 
v 136.18 14.5993 -58.2004 1 1 1 1 
v 136.202 14.5868 -58.2336 1 1 1 1 
v 136.18 14.5957 -58.2196 1 1 1 1 
v 136.18 14.5993 -58.2004 1 1 1 1 
v 136.174 14.5817 -58.2375 1 1 1 1 
v 136.176 14.595 -58.219 1 1 1 1 
v 136.18 14.5993 -58.2004 1 1 1 1 
v 136.163 14.5636 -58.2511 1 1 1 1 
v 136.168 14.5802 -58.235 1 1 1 1 
v 136.173 14.5942 -58.2177 1 1 1 1 
v 136.18 14.5993 -58.2004 1 1 1 1 
v 136.155 14.5615 -58.2456 1 1 1 1 
v 136.162 14.5375 -58.2661 1 1 1 1 
v 136.162 14.5788 -58.2312 1 1 1 1 
v 136.17 14.5935 -58.2157 1 1 1 1 
v 136.18 14.5993 -58.2004 1 1 1 1 
v 136.164 14.5011 -58.2794 1 1 1 1 
v 136.151 14.5349 -58.2591 1 1 1 1 
v 136.151 14.498 -58.2711 1 1 1 1 
v 136.147 14.5596 -58.2385 1 1 1 1 
v 136.156 14.5774 -58.2262 1 1 1 1 
v 136.167 14.5928 -58.2132 1 1 1 1 
v 136.18 14.5993 -58.2004 1 1 1 1 
v 136.141 14.5578 -58.2299 1 1 1 1 
v 136.152 14.5762 -58.2203 1 1 1 1 
v 136.165 14.5922 -58.2102 1 1 1 1 
v 136.18 14.5993 -58.2004 1 1 1 1 
v 136.137 14.5564 -58.2203 1 1 1 1 
v 136.15 14.5752 -58.2137 1 1 1 1 
v 136.164 14.5917 -58.2069 1 1 1 1 
v 136.18 14.5993 -58.2004 1 1 1 1 
v 136.129 14.5283 -58.2269 1 1 1 1 
v 136.135 14.5552 -58.21 1 1 1 1 
v 136.148 14.5744 -58.2067 1 1 1 1 
v 136.163 14.5913 -58.2033 1 1 1 1 
v 136.18 14.5993 -58.2004 1 1 1 1 
v 136.126 14.5269 -58.2138 1 1 1 1 
v 136.126 14.5259 -58.2004 1 1 1 1 
v 136.135 14.5545 -58.1995 1 1 1 1 
v 136.121 14.4874 -58.2021 1 1 1 1 
v 136.128 14.5254 -58.1871 1 1 1 1 
v 136.148 14.5739 -58.1994 1 1 1 1 
v 136.163 14.591 -58.1996 1 1 1 1 
v 136.18 14.5993 -58.2004 1 1 1 1 
v 136.163 14.5909 -58.1959 1 1 1 1 
v 136.18 14.5993 -58.2004 1 1 1 1 
v 136.149 14.5737 -58.1922 1 1 1 1 
v 136.137 14.5545 -58.1834 1 1 1 1 
v 136.165 14.5909 -58.1924 1 1 1 1 
v 136.18 14.5993 -58.2004 1 1 1 1 
v 136.152 14.5737 -58.1854 1 1 1 1 
v 136.14 14.5542 -58.1792 1 1 1 1 
v 136.167 14.5911 -58.1892 1 1 1 1 
v 136.18 14.5993 -58.2004 1 1 1 1 
v 136.155 14.574 -58.1792 1 1 1 1 
v 136.133 14.5255 -58.1745 1 1 1 1 
v 136.169 14.5914 -58.1865 1 1 1 1 
v 136.18 14.5993 -58.2004 1 1 1 1 
v 136.146 14.5546 -58.1702 1 1 1 1 
v 136.18 14.5993 -58.2004 1 1 1 1 
v 136.124 14.4869 -58.1865 1 1 1 1 
v 136.129 14.487 -58.1717 1 1 1 1 
v 136.139 14.5261 -58.163 1 1 1 1 
v 136.123 14.4439 -58.187 1 1 1 1 
v 136.137 14.4877 -58.1582 1 1 1 1 
v 136.129 14.444 -58.1705 1 1 1 1 
v 136.139 14.4448 -58.1556 1 1 1 1 
v 136.143 14.3991 -58.1553 1 1 1 1 
v 136.133 14.3982 -58.1712 1 1 1 1 
v 136.331 14.6282 -58.1267 1 1 1 1 
v 136.314 14.6313 -58.135 1 1 1 1 
v 136.314 14.634 -58.1354 1 1 1 1 
v 136.332 14.6307 -58.1267 1 1 1 1 
v 136.332 14.6232 -58.1082 1 1 1 1 
v 136.333 14.6254 -58.1071 1 1 1 1 
v 136.316 14.6235 -58.0962 1 1 1 1 
v 136.316 14.6213 -58.0979 1 1 1 1 
v 136.304 14.634 -58.2978 1 1 1 1 
v 136.32 14.6282 -58.3084 1 1 1 1 
v 136.321 14.6307 -58.3086 1 1 1 1 
v 136.304 14.6313 -58.2981 1 1 1 1 
v 136.319 14.6232 -58.3269 1 1 1 1 
v 136.32 14.6254 -58.3282 1 1 1 1 
v 136.301 14.6235 -58.3369 1 1 1 1 
v 136.302 14.6213 -58.3352 1 1 1 1 
v 136.276 14.8566 -58.1108 1 1 1 1 
v 136.372 14.8528 -58.1167 1 1 1 1 
v 136.278 14.8998 -58.0993 1 1 1 1 
v 136.375 14.8961 -58.1052 1 1 1 1 
v 136.247 14.5082 -58.1426 1 1 1 1 
v 136.245 14.4634 -58.129 1 1 1 1 
v 136.259 14.4669 -58.1382 1 1 1 1 
v 136.264 14.4194 -58.1364 1 1 1 1 
v 136.258 14.5111 -58.1534 1 1 1 1 
v 136.234 14.5051 -58.1344 1 1 1 1 
v 136.271 14.4701 -58.1501 1 1 1 1 
v 136.278 14.4229 -58.1491 1 1 1 1 
v 136.281 14.473 -58.1643 1 1 1 1 
v 136.288 14.426 -58.1641 1 1 1 1 
v 136.284 14.3768 -58.1476 1 1 1 1 
v 136.242 14.546 -58.1589 1 1 1 1 
v 136.267 14.5137 -58.1661 1 1 1 1 
v 136.296 14.3775 -58.1632 1 1 1 1 
v 136.295 14.4285 -58.1811 1 1 1 1 
v 136.304 14.3778 -58.1807 1 1 1 1 
v 136.299 14.3328 -58.1623 1 1 1 1 
v 136.288 14.3322 -58.1472 1 1 1 1 
v 136.308 14.3778 -58.1993 1 1 1 1 
v 136.308 14.3774 -58.2184 1 1 1 1 
v 136.299 14.4306 -58.1992 1 1 1 1 
v 136.297 14.4325 -58.2362 1 1 1 1 
v 136.3 14.4319 -58.2178 1 1 1 1 
v 136.289 14.4792 -58.2322 1 1 1 1 
v 136.269 14.5192 -58.2421 1 1 1 1 
v 136.292 14.4786 -58.2149 1 1 1 1 
v 136.292 14.4773 -58.1973 1 1 1 1 
v 136.288 14.4754 -58.1803 1 1 1 1 
v 136.275 14.5193 -58.2273 1 1 1 1 
v 136.273 14.5159 -58.1805 1 1 1 1 
v 136.277 14.5176 -58.1959 1 1 1 1 
v 136.29 14.4848 -58.1631 1 1 1 1 
v 136.306 14.4893 -58.1738 1 1 1 1 
v 136.306 14.4866 -58.1733 1 1 1 1 
v 136.289 14.4874 -58.1629 1 1 1 1 
v 136.29 14.4821 -58.1433 1 1 1 1 
v 136.291 14.4798 -58.1445 1 1 1 1 
v 136.308 14.4788 -58.1346 1 1 1 1 
v 136.308 14.4767 -58.1363 1 1 1 1 
v 136.298 14.4788 -58.2978 1 1 1 1 
v 136.282 14.4798 -58.2859 1 1 1 1 
v 136.281 14.4821 -58.287 1 1 1 1 
v 136.298 14.4767 -58.2961 1 1 1 1 
v 136.284 14.4848 -58.2673 1 1 1 1 
v 136.283 14.4874 -58.2674 1 1 1 1 
v 136.301 14.4893 -58.2587 1 1 1 1 
v 136.301 14.4866 -58.2591 1 1 1 1 
v 136.334 14.6764 -58.1139 1 1 1 1 
v 136.317 14.6795 -58.1222 1 1 1 1 
v 136.317 14.6822 -58.1226 1 1 1 1 
v 136.335 14.6789 -58.1139 1 1 1 1 
v 136.335 14.6714 -58.0954 1 1 1 1 
v 136.336 14.6736 -58.0943 1 1 1 1 
v 136.319 14.6717 -58.0834 1 1 1 1 
v 136.319 14.6696 -58.0851 1 1 1 1 
v 136.303 14.6717 -58.3499 1 1 1 1 
v 136.32 14.6714 -58.34 1 1 1 1 
v 136.303 14.6696 -58.3482 1 1 1 1 
v 136.321 14.6736 -58.3412 1 1 1 1 
v 136.322 14.6789 -58.3216 1 1 1 1 
v 136.321 14.6764 -58.3214 1 1 1 1 
v 136.305 14.6822 -58.3108 1 1 1 1 
v 136.305 14.6795 -58.3112 1 1 1 1 
v 136.143 14.5383 -58.1515 1 1 1 1 
v 136.132 14.5424 -58.1487 1 1 1 1 
v 136.129 14.5302 -58.1395 1 1 1 1 
v 136.141 14.5258 -58.1424 1 1 1 1 
v 136.148 14.5531 -58.1538 1 1 1 1 
v 136.136 14.5575 -58.1508 1 1 1 1 
v 136.275 14.8628 -58.1341 1 1 1 1 
v 136.37 14.8329 -58.147 1 1 1 1 
v 136.273 14.8366 -58.1411 1 1 1 1 
v 136.371 14.8591 -58.1401 1 1 1 1 
v 136.374 14.9023 -58.1286 1 1 1 1 
v 136.277 14.9061 -58.1227 1 1 1 1 
v 136.136 14.5436 -58.2506 1 1 1 1 
v 136.121 14.5368 -58.2615 1 1 1 1 
v 136.125 14.548 -58.2514 1 1 1 1 
v 136.133 14.5322 -58.2607 1 1 1 1 
v 136.141 14.5581 -58.2475 1 1 1 1 
v 136.129 14.5628 -58.2483 1 1 1 1 
v 136.275 14.8628 -58.1341 1 1 1 1 
v 136.274 14.8304 -58.1177 1 1 1 1 
v 136.276 14.8566 -58.1108 1 1 1 1 
v 136.273 14.8366 -58.1411 1 1 1 1 
v 136.277 14.9061 -58.1227 1 1 1 1 
v 136.278 14.8998 -58.0993 1 1 1 1 
v 136.28 14.8002 -58.0052 1 1 1 1 
v 136.281 14.8264 -57.9982 1 1 1 1 
v 136.281 14.7949 -57.9853 1 1 1 1 
v 136.282 14.8211 -57.9784 1 1 1 1 
v 136.284 14.8696 -57.9867 1 1 1 1 
v 136.285 14.8643 -57.9669 1 1 1 1 
v 136.262 14.8304 -58.3104 1 1 1 1 
v 136.265 14.8628 -58.2941 1 1 1 1 
v 136.263 14.8566 -58.3175 1 1 1 1 
v 136.264 14.8366 -58.2871 1 1 1 1 
v 136.266 14.9061 -58.3058 1 1 1 1 
v 136.264 14.8998 -58.3291 1 1 1 1 
v 136.254 14.8002 -58.4228 1 1 1 1 
v 136.255 14.8264 -58.4299 1 1 1 1 
v 136.253 14.7949 -58.4427 1 1 1 1 
v 136.254 14.8211 -58.4497 1 1 1 1 
v 136.256 14.8696 -58.4416 1 1 1 1 
v 136.255 14.8643 -58.4614 1 1 1 1 
v 136.264 14.8366 -58.2871 1 1 1 1 
v 136.361 14.8329 -58.293 1 1 1 1 
v 136.265 14.8628 -58.2941 1 1 1 1 
v 136.361 14.8591 -58.3 1 1 1 1 
v 136.362 14.9023 -58.3117 1 1 1 1 
v 136.266 14.9061 -58.3058 1 1 1 1 
v 136.293 14.533 -58.1503 1 1 1 1 
v 136.309 14.5375 -58.161 1 1 1 1 
v 136.309 14.5348 -58.1606 1 1 1 1 
v 136.292 14.5356 -58.1501 1 1 1 1 
v 136.293 14.5303 -58.1305 1 1 1 1 
v 136.294 14.528 -58.1317 1 1 1 1 
v 136.311 14.527 -58.1218 1 1 1 1 
v 136.311 14.5249 -58.1235 1 1 1 1 
v 136.283 14.5303 -58.3 1 1 1 1 
v 136.285 14.533 -58.2804 1 1 1 1 
v 136.284 14.5356 -58.2804 1 1 1 1 
v 136.302 14.5375 -58.2717 1 1 1 1 
v 136.302 14.5348 -58.2721 1 1 1 1 
v 136.283 14.528 -58.2989 1 1 1 1 
v 136.299 14.527 -58.3108 1 1 1 1 
v 136.299 14.5249 -58.3092 1 1 1 1 
v 136.336 14.7246 -58.1011 1 1 1 1 
v 136.319 14.7304 -58.1098 1 1 1 1 
v 136.338 14.7271 -58.1011 1 1 1 1 
v 136.319 14.7277 -58.1094 1 1 1 1 
v 136.337 14.7196 -58.0826 1 1 1 1 
v 136.339 14.7219 -58.0815 1 1 1 1 
v 136.321 14.7199 -58.0706 1 1 1 1 
v 136.321 14.7178 -58.0723 1 1 1 1 
v 136.306 14.7304 -58.3238 1 1 1 1 
v 136.322 14.7246 -58.3345 1 1 1 1 
v 136.323 14.7271 -58.3346 1 1 1 1 
v 136.306 14.7277 -58.3242 1 1 1 1 
v 136.321 14.7196 -58.353 1 1 1 1 
v 136.322 14.7219 -58.3542 1 1 1 1 
v 136.304 14.7199 -58.3629 1 1 1 1 
v 136.304 14.7178 -58.3612 1 1 1 1 
v 136.326 14.4541 -58.2176 1 1 1 1 
v 136.266 14.4444 -58.2139 1 1 1 1 
v 136.275 14.4393 -58.1536 1 1 1 1 
v 136.334 14.4475 -58.0837 1 1 1 1 
v 136.326 14.4541 -58.2176 1 1 1 1 
v 136.288 14.4297 -58.0942 1 1 1 1 
v 136.335 14.4331 -58.0765 1 1 1 1 
v 136.283 14.4175 -58.0882 1 1 1 1 
v 136.34 14.3468 -58.0687 1 1 1 1 
v 136.269 14.4252 -58.1517 1 1 1 1 
v 136.261 14.4293 -58.2136 1 1 1 1 
v 136.281 14.3435 -58.0826 1 1 1 1 
v 136.268 14.4393 -58.2749 1 1 1 1 
v 136.326 14.4541 -58.2176 1 1 1 1 
v 136.318 14.4475 -58.3515 1 1 1 1 
v 136.265 14.3433 -58.1504 1 1 1 1 
v 136.297 14.2544 -58.0947 1 1 1 1 
v 136.344 14.2411 -58.0843 1 1 1 1 
v 136.285 14.2439 -58.1542 1 1 1 1 
v 136.336 14.2345 -58.2182 1 1 1 1 
v 136.276 14.2383 -58.2146 1 1 1 1 
v 136.257 14.3433 -58.2134 1 1 1 1 
v 136.276 14.2383 -58.2146 1 1 1 1 
v 136.277 14.2439 -58.2755 1 1 1 1 
v 136.336 14.2345 -58.2182 1 1 1 1 
v 136.261 14.4252 -58.276 1 1 1 1 
v 136.257 14.3433 -58.2768 1 1 1 1 
v 136.328 14.2411 -58.3521 1 1 1 1 
v 136.336 14.2345 -58.2182 1 1 1 1 
v 136.282 14.2544 -58.336 1 1 1 1 
v 136.322 14.3468 -58.367 1 1 1 1 
v 136.265 14.3435 -58.3461 1 1 1 1 
v 136.267 14.4175 -58.3408 1 1 1 1 
v 136.318 14.4331 -58.3587 1 1 1 1 
v 136.273 14.4297 -58.3355 1 1 1 1 
v 136.224 14.3552 -58.0943 1 1 1 1 
v 136.223 14.3552 -58.1097 1 1 1 1 
v 136.229 14.3764 -58.1101 1 1 1 1 
v 136.281 14.408 -58.118 1 1 1 1 
v 136.282 14.3933 -58.1133 1 1 1 1 
v 136.216 14.3831 -58.114 1 1 1 1 
v 136.283 14.3933 -58.098 1 1 1 1 
v 136.21 14.3546 -58.1137 1 1 1 1 
v 136.218 14.3267 -58.1142 1 1 1 1 
v 136.23 14.3764 -58.0947 1 1 1 1 
v 136.283 14.408 -58.0932 1 1 1 1 
v 136.217 14.3831 -58.0892 1 1 1 1 
v 136.211 14.3546 -58.0888 1 1 1 1 
v 136.22 14.3267 -58.0893 1 1 1 1 
v 136.232 14.3347 -58.0948 1 1 1 1 
v 136.288 14.2952 -58.0935 1 1 1 1 
v 136.287 14.3098 -58.0982 1 1 1 1 
v 136.231 14.3347 -58.1102 1 1 1 1 
v 136.286 14.3098 -58.1136 1 1 1 1 
v 136.287 14.2952 -58.1184 1 1 1 1 
v 136.21 14.3552 -58.3265 1 1 1 1 
v 136.217 14.3764 -58.3115 1 1 1 1 
v 136.21 14.3552 -58.3111 1 1 1 1 
v 136.269 14.408 -58.31 1 1 1 1 
v 136.27 14.3933 -58.3148 1 1 1 1 
v 136.269 14.3933 -58.3302 1 1 1 1 
v 136.204 14.3831 -58.306 1 1 1 1 
v 136.198 14.3546 -58.3056 1 1 1 1 
v 136.207 14.3267 -58.3061 1 1 1 1 
v 136.216 14.3764 -58.3269 1 1 1 1 
v 136.268 14.408 -58.3349 1 1 1 1 
v 136.202 14.3831 -58.3309 1 1 1 1 
v 136.197 14.3546 -58.3305 1 1 1 1 
v 136.205 14.3267 -58.331 1 1 1 1 
v 136.218 14.3347 -58.327 1 1 1 1 
v 136.273 14.2952 -58.3352 1 1 1 1 
v 136.273 14.3098 -58.3304 1 1 1 1 
v 136.219 14.3347 -58.3116 1 1 1 1 
v 136.274 14.3098 -58.315 1 1 1 1 
v 136.275 14.2952 -58.3103 1 1 1 1 
v 136.25 14.5482 -58.1698 1 1 1 1 
v 136.255 14.5501 -58.182 1 1 1 1 
v 136.277 14.5188 -58.2117 1 1 1 1 
v 136.232 14.572 -58.1755 1 1 1 1 
v 136.258 14.5516 -58.1951 1 1 1 1 
v 136.256 14.553 -58.2218 1 1 1 1 
v 136.237 14.5735 -58.1851 1 1 1 1 
v 136.258 14.5525 -58.2085 1 1 1 1 
v 136.239 14.5746 -58.1953 1 1 1 1 
v 136.251 14.5529 -58.2344 1 1 1 1 
v 136.237 14.5758 -58.2163 1 1 1 1 
v 136.244 14.5523 -58.2458 1 1 1 1 
v 136.228 14.5752 -58.2352 1 1 1 1 
v 136.234 14.5757 -58.2262 1 1 1 1 
v 136.216 14.5885 -58.2178 1 1 1 1 
v 136.212 14.5882 -58.224 1 1 1 1 
v 136.207 14.5876 -58.2293 1 1 1 1 
v 136.193 14.598 -58.2148 1 1 1 1 
v 136.18 14.5993 -58.2004 1 1 1 1 
v 136.196 14.5983 -58.2121 1 1 1 1 
v 136.18 14.5993 -58.2004 1 1 1 1 
v 136.198 14.5985 -58.2089 1 1 1 1 
v 136.18 14.5993 -58.2004 1 1 1 1 
v 136.218 14.5886 -58.211 1 1 1 1 
v 136.199 14.5985 -58.2055 1 1 1 1 
v 136.18 14.5993 -58.2004 1 1 1 1 
v 136.239 14.5754 -58.2059 1 1 1 1 
v 136.22 14.5883 -58.2038 1 1 1 1 
v 136.22 14.5878 -58.1965 1 1 1 1 
v 136.199 14.5984 -58.2018 1 1 1 1 
v 136.18 14.5993 -58.2004 1 1 1 1 
v 136.199 14.5981 -58.1981 1 1 1 1 
v 136.18 14.5993 -58.2004 1 1 1 1 
v 136.218 14.587 -58.1894 1 1 1 1 
v 136.199 14.5977 -58.1945 1 1 1 1 
v 136.18 14.5993 -58.2004 1 1 1 1 
v 136.215 14.586 -58.1828 1 1 1 1 
v 136.227 14.5703 -58.1669 1 1 1 1 
v 136.197 14.5972 -58.1911 1 1 1 1 
v 136.18 14.5993 -58.2004 1 1 1 1 
v 136.211 14.5848 -58.177 1 1 1 1 
v 136.233 14.5435 -58.1498 1 1 1 1 
v 136.219 14.5684 -58.1597 1 1 1 1 
v 136.222 14.5409 -58.1428 1 1 1 1 
v 136.195 14.5966 -58.1881 1 1 1 1 
v 136.18 14.5993 -58.2004 1 1 1 1 
v 136.206 14.5835 -58.172 1 1 1 1 
v 136.21 14.5663 -58.1542 1 1 1 1 
v 136.192 14.5959 -58.1856 1 1 1 1 
v 136.18 14.5993 -58.2004 1 1 1 1 
v 136.2 14.5821 -58.1682 1 1 1 1 
v 136.21 14.5382 -58.1381 1 1 1 1 
v 136.189 14.5952 -58.1837 1 1 1 1 
v 136.18 14.5993 -58.2004 1 1 1 1 
v 136.201 14.5641 -58.1506 1 1 1 1 
v 136.193 14.5806 -58.1657 1 1 1 1 
v 136.197 14.5355 -58.136 1 1 1 1 
v 136.191 14.5621 -58.1489 1 1 1 1 
v 136.205 14.4988 -58.1264 1 1 1 1 
v 136.186 14.5791 -58.1646 1 1 1 1 
v 136.22 14.5019 -58.1289 1 1 1 1 
v 136.213 14.457 -58.1202 1 1 1 1 
v 136.186 14.5944 -58.1824 1 1 1 1 
v 136.18 14.5993 -58.2004 1 1 1 1 
v 136.182 14.5937 -58.1818 1 1 1 1 
v 136.18 14.5993 -58.2004 1 1 1 1 
v 136.229 14.4601 -58.1229 1 1 1 1 
v 136.234 14.4128 -58.1203 1 1 1 1 
v 136.22 14.4107 -58.1176 1 1 1 1 
v 136.249 14.4158 -58.1266 1 1 1 1 
v 136.223 14.3729 -58.1151 1 1 1 1 
v 136.27 14.3756 -58.1346 1 1 1 1 
v 136.254 14.3742 -58.1245 1 1 1 1 
v 136.238 14.3732 -58.1179 1 1 1 1 
v 136.225 14.3295 -58.1154 1 1 1 1 
v 136.303 14.7232 -58.0793 1 1 1 1 
v 136.324 14.766 -58.0595 1 1 1 1 
v 136.307 14.7691 -58.0678 1 1 1 1 
v 136.321 14.7199 -58.0706 1 1 1 1 
v 136.306 14.7741 -58.0863 1 1 1 1 
v 136.302 14.7285 -58.0989 1 1 1 1 
v 136.319 14.7304 -58.1098 1 1 1 1 
v 136.322 14.7759 -58.0966 1 1 1 1 
v 136.305 14.766 -58.3742 1 1 1 1 
v 136.287 14.7232 -58.3521 1 1 1 1 
v 136.289 14.7691 -58.364 1 1 1 1 
v 136.304 14.7199 -58.3629 1 1 1 1 
v 136.29 14.7741 -58.3454 1 1 1 1 
v 136.288 14.7285 -58.3325 1 1 1 1 
v 136.306 14.7304 -58.3238 1 1 1 1 
v 136.307 14.7759 -58.3372 1 1 1 1 
v 136.301 14.675 -58.0921 1 1 1 1 
v 136.321 14.7178 -58.0723 1 1 1 1 
v 136.304 14.7209 -58.0805 1 1 1 1 
v 136.319 14.6717 -58.0834 1 1 1 1 
v 136.303 14.7259 -58.0991 1 1 1 1 
v 136.3 14.6802 -58.1117 1 1 1 1 
v 136.317 14.6822 -58.1226 1 1 1 1 
v 136.319 14.7277 -58.1094 1 1 1 1 
v 136.304 14.7178 -58.3612 1 1 1 1 
v 136.286 14.675 -58.339 1 1 1 1 
v 136.288 14.7209 -58.351 1 1 1 1 
v 136.303 14.6717 -58.3499 1 1 1 1 
v 136.289 14.7259 -58.3324 1 1 1 1 
v 136.287 14.6802 -58.3195 1 1 1 1 
v 136.305 14.6822 -58.3108 1 1 1 1 
v 136.306 14.7277 -58.3242 1 1 1 1 
v 136.128 14.5358 -58.1928 1 1 1 1 
v 136.136 14.5262 -58.1713 1 1 1 1 
v 136.134 14.5368 -58.1943 1 1 1 1 
v 136.128 14.5117 -58.1617 1 1 1 1 
v 136.138 14.4766 -58.1471 1 1 1 1 
v 136.296 14.5762 -58.1189 1 1 1 1 
v 136.314 14.5753 -58.109 1 1 1 1 
v 136.296 14.5786 -58.1177 1 1 1 1 
v 136.313 14.5731 -58.1107 1 1 1 1 
v 136.295 14.5812 -58.1375 1 1 1 1 
v 136.295 14.5838 -58.1373 1 1 1 1 
v 136.312 14.5858 -58.1482 1 1 1 1 
v 136.312 14.5831 -58.1478 1 1 1 1 
v 136.286 14.5812 -58.2934 1 1 1 1 
v 136.284 14.5786 -58.313 1 1 1 1 
v 136.285 14.5762 -58.3119 1 1 1 1 
v 136.3 14.5753 -58.3239 1 1 1 1 
v 136.3 14.5731 -58.3222 1 1 1 1 
v 136.285 14.5838 -58.2934 1 1 1 1 
v 136.303 14.5858 -58.2847 1 1 1 1 
v 136.303 14.5831 -58.2851 1 1 1 1 
v 136.301 14.6777 -58.1119 1 1 1 1 
v 136.314 14.634 -58.1354 1 1 1 1 
v 136.297 14.632 -58.1245 1 1 1 1 
v 136.317 14.6795 -58.1222 1 1 1 1 
v 136.298 14.6268 -58.1049 1 1 1 1 
v 136.302 14.6727 -58.0933 1 1 1 1 
v 136.319 14.6696 -58.0851 1 1 1 1 
v 136.316 14.6235 -58.0962 1 1 1 1 
v 136.288 14.6777 -58.3194 1 1 1 1 
v 136.286 14.632 -58.3065 1 1 1 1 
v 136.304 14.634 -58.2978 1 1 1 1 
v 136.305 14.6795 -58.3112 1 1 1 1 
v 136.285 14.6268 -58.326 1 1 1 1 
v 136.287 14.6727 -58.3379 1 1 1 1 
v 136.303 14.6696 -58.3482 1 1 1 1 
v 136.301 14.6235 -58.3369 1 1 1 1 
v 136.34 14.7753 -58.0883 1 1 1 1 
v 136.34 14.7678 -58.0698 1 1 1 1 
v 136.339 14.7728 -58.0883 1 1 1 1 
v 136.322 14.7786 -58.097 1 1 1 1 
v 136.322 14.7759 -58.0966 1 1 1 1 
v 136.341 14.7701 -58.0687 1 1 1 1 
v 136.324 14.7681 -58.0578 1 1 1 1 
v 136.324 14.766 -58.0595 1 1 1 1 
v 136.296 14.5786 -58.1177 1 1 1 1 
v 136.316 14.6213 -58.0979 1 1 1 1 
v 136.299 14.6245 -58.1061 1 1 1 1 
v 136.314 14.5753 -58.109 1 1 1 1 
v 136.298 14.6294 -58.1247 1 1 1 1 
v 136.295 14.5838 -58.1373 1 1 1 1 
v 136.312 14.5858 -58.1482 1 1 1 1 
v 136.314 14.6313 -58.135 1 1 1 1 
v 136.302 14.6213 -58.3352 1 1 1 1 
v 136.284 14.5786 -58.313 1 1 1 1 
v 136.286 14.6245 -58.3249 1 1 1 1 
v 136.3 14.5753 -58.3239 1 1 1 1 
v 136.287 14.6294 -58.3064 1 1 1 1 
v 136.285 14.5838 -58.2934 1 1 1 1 
v 136.303 14.5858 -58.2847 1 1 1 1 
v 136.304 14.6313 -58.2981 1 1 1 1 
v 136.307 14.7786 -58.3368 1 1 1 1 
v 136.323 14.7728 -58.3475 1 1 1 1 
v 136.324 14.7753 -58.3477 1 1 1 1 
v 136.307 14.7759 -58.3372 1 1 1 1 
v 136.322 14.7678 -58.366 1 1 1 1 
v 136.323 14.7701 -58.3672 1 1 1 1 
v 136.305 14.7681 -58.3759 1 1 1 1 
v 136.305 14.766 -58.3742 1 1 1 1 
v 136.324 14.7681 -58.0578 1 1 1 1 
v 136.327 14.8163 -58.045 1 1 1 1 
v 136.306 14.7714 -58.0665 1 1 1 1 
v 136.309 14.8196 -58.0537 1 1 1 1 
v 136.308 14.8249 -58.0733 1 1 1 1 
v 136.305 14.7767 -58.0861 1 1 1 1 
v 136.322 14.7786 -58.097 1 1 1 1 
v 136.325 14.8268 -58.0842 1 1 1 1 
v 136.306 14.8163 -58.389 1 1 1 1 
v 136.288 14.7714 -58.3651 1 1 1 1 
v 136.289 14.8196 -58.3781 1 1 1 1 
v 136.305 14.7681 -58.3759 1 1 1 1 
v 136.29 14.8249 -58.3585 1 1 1 1 
v 136.289 14.7767 -58.3455 1 1 1 1 
v 136.307 14.7786 -58.3368 1 1 1 1 
v 136.309 14.8268 -58.3498 1 1 1 1 
v 136.295 14.5812 -58.1375 1 1 1 1 
v 136.309 14.5375 -58.161 1 1 1 1 
v 136.292 14.5356 -58.1501 1 1 1 1 
v 136.312 14.5831 -58.1478 1 1 1 1 
v 136.293 14.5303 -58.1305 1 1 1 1 
v 136.296 14.5762 -58.1189 1 1 1 1 
v 136.313 14.5731 -58.1107 1 1 1 1 
v 136.311 14.527 -58.1218 1 1 1 1 
v 136.286 14.5812 -58.2934 1 1 1 1 
v 136.302 14.5375 -58.2717 1 1 1 1 
v 136.303 14.5831 -58.2851 1 1 1 1 
v 136.284 14.5356 -58.2804 1 1 1 1 
v 136.283 14.5303 -58.3 1 1 1 1 
v 136.285 14.5762 -58.3119 1 1 1 1 
v 136.3 14.5731 -58.3222 1 1 1 1 
v 136.299 14.527 -58.3108 1 1 1 1 
v 136.293 14.533 -58.1503 1 1 1 1 
v 136.306 14.4893 -58.1738 1 1 1 1 
v 136.289 14.4874 -58.1629 1 1 1 1 
v 136.309 14.5348 -58.1606 1 1 1 1 
v 136.29 14.4821 -58.1433 1 1 1 1 
v 136.294 14.528 -58.1317 1 1 1 1 
v 136.311 14.5249 -58.1235 1 1 1 1 
v 136.308 14.4788 -58.1346 1 1 1 1 
v 136.285 14.533 -58.2804 1 1 1 1 
v 136.301 14.4893 -58.2587 1 1 1 1 
v 136.302 14.5348 -58.2721 1 1 1 1 
v 136.283 14.4874 -58.2674 1 1 1 1 
v 136.281 14.4821 -58.287 1 1 1 1 
v 136.283 14.528 -58.2989 1 1 1 1 
v 136.299 14.5249 -58.3092 1 1 1 1 
v 136.298 14.4788 -58.2978 1 1 1 1 
v 136.288 14.4339 -58.1561 1 1 1 1 
v 136.308 14.4767 -58.1363 1 1 1 1 
v 136.291 14.4798 -58.1445 1 1 1 1 
v 136.306 14.4306 -58.1474 1 1 1 1 
v 136.29 14.4848 -58.1631 1 1 1 1 
v 136.287 14.4392 -58.1757 1 1 1 1 
v 136.304 14.4411 -58.1865 1 1 1 1 
v 136.306 14.4866 -58.1733 1 1 1 1 
v 136.298 14.4767 -58.2961 1 1 1 1 
v 136.28 14.4339 -58.274 1 1 1 1 
v 136.282 14.4798 -58.2859 1 1 1 1 
v 136.297 14.4306 -58.2848 1 1 1 1 
v 136.284 14.4848 -58.2673 1 1 1 1 
v 136.282 14.4392 -58.2544 1 1 1 1 
v 136.3 14.4411 -58.2457 1 1 1 1 
v 136.301 14.4866 -58.2591 1 1 1 1 
v 136.132 14.5353 -58.2197 1 1 1 1 
v 136.13 14.4962 -58.2556 1 1 1 1 
v 136.121 14.5164 -58.24 1 1 1 1 
v 136.298 14.6294 -58.1247 1 1 1 1 
v 136.298 14.6268 -58.1049 1 1 1 1 
v 136.297 14.632 -58.1245 1 1 1 1 
v 136.314 14.634 -58.1354 1 1 1 1 
v 136.314 14.6313 -58.135 1 1 1 1 
v 136.299 14.6245 -58.1061 1 1 1 1 
v 136.316 14.6235 -58.0962 1 1 1 1 
v 136.316 14.6213 -58.0979 1 1 1 1 
v 136.304 14.634 -58.2978 1 1 1 1 
v 136.286 14.632 -58.3065 1 1 1 1 
v 136.287 14.6294 -58.3064 1 1 1 1 
v 136.304 14.6313 -58.2981 1 1 1 1 
v 136.285 14.6268 -58.326 1 1 1 1 
v 136.286 14.6245 -58.3249 1 1 1 1 
v 136.301 14.6235 -58.3369 1 1 1 1 
v 136.302 14.6213 -58.3352 1 1 1 1 
v 136.253 14.3672 -58.0689 1 1 1 1 
v 136.253 14.3617 -58.0786 1 1 1 1 
v 136.256 14.3651 -58.0724 1 1 1 1 
v 136.276 14.3428 -58.0585 1 1 1 1 
v 136.26 14.3654 -58.0755 1 1 1 1 
v 136.257 14.3622 -58.0811 1 1 1 1 
v 136.274 14.344 -58.0542 1 1 1 1 
v 136.286 14.333 -58.0461 1 1 1 1 
v 136.274 14.3469 -58.0502 1 1 1 1 
v 136.291 14.333 -58.0514 1 1 1 1 
v 136.285 14.3401 -58.0392 1 1 1 1 
v 136.279 14.3433 -58.0616 1 1 1 1 
v 136.263 14.368 -58.0775 1 1 1 1 
v 136.283 14.3457 -58.0635 1 1 1 1 
v 136.296 14.3374 -58.0538 1 1 1 1 
v 136.286 14.3492 -58.0631 1 1 1 1 
v 136.299 14.346 -58.0494 1 1 1 1 
v 136.272 14.3688 -58.0731 1 1 1 1 
v 136.288 14.356 -58.0567 1 1 1 1 
v 136.267 14.3803 -58.072 1 1 1 1 
v 136.264 14.3795 -58.0788 1 1 1 1 
v 136.258 14.3808 -58.0847 1 1 1 1 
v 136.264 14.3728 -58.0812 1 1 1 1 
v 136.252 14.3582 -58.1123 1 1 1 1 
v 136.242 14.356 -58.1246 1 1 1 1 
v 136.261 14.365 -58.0842 1 1 1 1 
v 136.254 14.3513 -58.112 1 1 1 1 
v 136.239 14.3359 -58.1446 1 1 1 1 
v 136.227 14.3499 -58.1442 1 1 1 1 
v 136.251 14.342 -58.1138 1 1 1 1 
v 136.239 14.3263 -58.14 1 1 1 1 
v 136.246 14.337 -58.1119 1 1 1 1 
v 136.234 14.322 -58.1357 1 1 1 1 
v 136.227 14.3213 -58.1317 1 1 1 1 
v 136.24 14.3369 -58.1077 1 1 1 1 
v 136.234 14.3391 -58.1064 1 1 1 1 
v 136.22 14.3245 -58.1293 1 1 1 1 
v 136.248 14.3634 -58.0776 1 1 1 1 
v 136.216 14.3293 -58.129 1 1 1 1 
v 136.25 14.3733 -58.0681 1 1 1 1 
v 136.226 14.3499 -58.1103 1 1 1 1 
v 136.213 14.3422 -58.1332 1 1 1 1 
v 136.276 14.3508 -58.0478 1 1 1 1 
v 136.245 14.3753 -58.075 1 1 1 1 
v 136.29 14.3474 -58.0394 1 1 1 1 
v 136.228 14.3559 -58.1138 1 1 1 1 
v 136.232 14.36 -58.1165 1 1 1 1 
v 136.219 14.3499 -58.1399 1 1 1 1 
v 136.254 14.375 -58.063 1 1 1 1 
v 136.237 14.3594 -58.1217 1 1 1 1 
v 136.227 14.3499 -58.1442 1 1 1 1 
v 136.242 14.356 -58.1246 1 1 1 1 
v 136.251 14.3797 -58.0888 1 1 1 1 
v 136.258 14.3808 -58.0847 1 1 1 1 
v 136.254 14.384 -58.0779 1 1 1 1 
v 136.246 14.3792 -58.0862 1 1 1 1 
v 136.246 14.3798 -58.0772 1 1 1 1 
v 136.267 14.3803 -58.072 1 1 1 1 
v 136.254 14.38 -58.0663 1 1 1 1 
v 136.26 14.3833 -58.0698 1 1 1 1 
v 136.261 14.3748 -58.0598 1 1 1 1 
v 136.268 14.3778 -58.0649 1 1 1 1 
v 136.288 14.356 -58.0567 1 1 1 1 
v 136.265 14.3774 -58.0617 1 1 1 1 
v 136.279 14.3544 -58.0474 1 1 1 1 
v 136.283 14.3568 -58.0492 1 1 1 1 
v 136.286 14.3573 -58.0525 1 1 1 1 
v 136.296 14.3488 -58.044 1 1 1 1 
v 136.299 14.346 -58.0494 1 1 1 1 
v 136.129 14.5628 -58.2483 1 1 1 1 
v 136.126 14.5539 -58.2365 1 1 1 1 
v 136.138 14.5494 -58.2358 1 1 1 1 
v 136.141 14.5581 -58.2475 1 1 1 1 
v 136.135 14.5426 -58.2241 1 1 1 1 
v 136.123 14.5469 -58.2244 1 1 1 1 
v 136.135 14.5384 -58.2119 1 1 1 1 
v 136.122 14.5427 -58.2117 1 1 1 1 
v 136.124 14.5416 -58.1995 1 1 1 1 
v 136.136 14.5375 -58.2006 1 1 1 1 
v 136.136 14.5372 -58.1892 1 1 1 1 
v 136.124 14.5414 -58.1871 1 1 1 1 
v 136.127 14.5441 -58.1744 1 1 1 1 
v 136.139 14.54 -58.1769 1 1 1 1 
v 136.13 14.5492 -58.1624 1 1 1 1 
v 136.142 14.5448 -58.1654 1 1 1 1 
v 136.136 14.5575 -58.1508 1 1 1 1 
v 136.148 14.5531 -58.1538 1 1 1 1 
v 136.301 14.675 -58.0921 1 1 1 1 
v 136.301 14.6777 -58.1119 1 1 1 1 
v 136.302 14.6727 -58.0933 1 1 1 1 
v 136.319 14.6717 -58.0834 1 1 1 1 
v 136.319 14.6696 -58.0851 1 1 1 1 
v 136.3 14.6802 -58.1117 1 1 1 1 
v 136.317 14.6822 -58.1226 1 1 1 1 
v 136.317 14.6795 -58.1222 1 1 1 1 
v 136.13 14.5286 -58.2272 1 1 1 1 
v 136.124 14.5102 -58.2183 1 1 1 1 
v 136.126 14.5149 -58.2339 1 1 1 1 
v 136.13 14.5243 -58.2142 1 1 1 1 
v 136.125 14.5084 -58.2012 1 1 1 1 
v 136.133 14.5354 -58.2393 1 1 1 1 
v 136.129 14.5231 -58.2481 1 1 1 1 
v 136.135 14.5384 -58.2119 1 1 1 1 
v 136.135 14.5426 -58.2241 1 1 1 1 
v 136.138 14.5494 -58.2358 1 1 1 1 
v 136.136 14.5436 -58.2506 1 1 1 1 
v 136.133 14.5322 -58.2607 1 1 1 1 
v 136.141 14.5581 -58.2475 1 1 1 1 
v 136.13 14.5229 -58.2009 1 1 1 1 
v 136.136 14.5375 -58.2006 1 1 1 1 
v 136.136 14.5372 -58.1892 1 1 1 1 
v 136.131 14.5229 -58.1875 1 1 1 1 
v 136.127 14.5084 -58.1842 1 1 1 1 
v 136.134 14.5258 -58.1746 1 1 1 1 
v 136.139 14.54 -58.1769 1 1 1 1 
v 136.13 14.5114 -58.1688 1 1 1 1 
v 136.138 14.5307 -58.1625 1 1 1 1 
v 136.135 14.5176 -58.1544 1 1 1 1 
v 136.141 14.5258 -58.1424 1 1 1 1 
v 136.142 14.5448 -58.1654 1 1 1 1 
v 136.143 14.5383 -58.1515 1 1 1 1 
v 136.148 14.5531 -58.1538 1 1 1 1 
v 136.286 14.675 -58.339 1 1 1 1 
v 136.288 14.6777 -58.3194 1 1 1 1 
v 136.287 14.6802 -58.3195 1 1 1 1 
v 136.305 14.6822 -58.3108 1 1 1 1 
v 136.305 14.6795 -58.3112 1 1 1 1 
v 136.287 14.6727 -58.3379 1 1 1 1 
v 136.303 14.6717 -58.3499 1 1 1 1 
v 136.303 14.6696 -58.3482 1 1 1 1 
v 136.239 14.3762 -58.3397 1 1 1 1 
v 136.246 14.3755 -58.3465 1 1 1 1 
v 136.241 14.3749 -58.3508 1 1 1 1 
v 136.244 14.3725 -58.3345 1 1 1 1 
v 136.252 14.3725 -58.3466 1 1 1 1 
v 136.237 14.3706 -58.3284 1 1 1 1 
v 136.229 14.3462 -58.2981 1 1 1 1 
v 136.253 14.3706 -58.354 1 1 1 1 
v 136.271 14.3489 -58.3651 1 1 1 1 
v 136.249 14.3707 -58.357 1 1 1 1 
v 136.268 14.3506 -58.3691 1 1 1 1 
v 136.281 14.3391 -58.3739 1 1 1 1 
v 136.276 14.3428 -58.3807 1 1 1 1 
v 136.265 14.3505 -58.3722 1 1 1 1 
v 136.27 14.3402 -58.384 1 1 1 1 
v 136.261 14.3485 -58.374 1 1 1 1 
v 136.245 14.3685 -58.3589 1 1 1 1 
v 136.258 14.345 -58.3738 1 1 1 1 
v 136.266 14.3347 -58.3838 1 1 1 1 
v 136.238 14.3687 -58.3553 1 1 1 1 
v 136.242 14.3564 -58.3567 1 1 1 1 
v 136.256 14.3377 -58.3679 1 1 1 1 
v 136.267 14.327 -58.3777 1 1 1 1 
v 136.258 14.336 -58.3639 1 1 1 1 
v 136.272 14.3263 -58.3726 1 1 1 1 
v 136.234 14.3667 -58.3501 1 1 1 1 
v 136.23 14.3682 -58.3429 1 1 1 1 
v 136.231 14.3725 -58.3404 1 1 1 1 
v 136.214 14.3466 -58.3057 1 1 1 1 
v 136.232 14.3709 -58.3313 1 1 1 1 
v 136.218 14.3496 -58.3022 1 1 1 1 
v 136.223 14.3486 -58.2981 1 1 1 1 
v 136.213 14.3374 -58.2756 1 1 1 1 
v 136.223 14.3261 -58.2766 1 1 1 1 
v 136.202 14.337 -58.2814 1 1 1 1 
v 136.213 14.3374 -58.2756 1 1 1 1 
v 136.198 14.328 -58.2882 1 1 1 1 
v 136.212 14.3416 -58.3101 1 1 1 1 
v 136.201 14.3188 -58.2917 1 1 1 1 
v 136.218 14.33 -58.3144 1 1 1 1 
v 136.205 14.3139 -58.2921 1 1 1 1 
v 136.212 14.3101 -58.2903 1 1 1 1 
v 136.235 14.3603 -58.3469 1 1 1 1 
v 136.225 14.3273 -58.3135 1 1 1 1 
v 136.24 14.3578 -58.3469 1 1 1 1 
v 136.237 14.354 -58.341 1 1 1 1 
v 136.23 14.327 -58.3101 1 1 1 1 
v 136.219 14.3101 -58.2867 1 1 1 1 
v 136.224 14.3137 -58.2824 1 1 1 1 
v 136.242 14.354 -58.3386 1 1 1 1 
v 136.236 14.3332 -58.3098 1 1 1 1 
v 136.225 14.3201 -58.2786 1 1 1 1 
v 136.244 14.3577 -58.3441 1 1 1 1 
v 136.262 14.3361 -58.3609 1 1 1 1 
v 136.248 14.36 -58.3421 1 1 1 1 
v 136.265 14.3381 -58.3591 1 1 1 1 
v 136.278 14.3302 -58.3702 1 1 1 1 
v 136.245 14.3565 -58.3354 1 1 1 1 
v 136.269 14.3415 -58.3593 1 1 1 1 
v 136.281 14.3391 -58.3739 1 1 1 1 
v 136.25 14.3648 -58.3405 1 1 1 1 
v 136.24 14.3441 -58.3132 1 1 1 1 
v 136.271 14.3453 -58.3616 1 1 1 1 
v 136.271 14.3489 -58.3651 1 1 1 1 
v 136.242 14.3575 -58.3191 1 1 1 1 
v 136.229 14.3462 -58.2981 1 1 1 1 
v 136.244 14.3725 -58.3345 1 1 1 1 
v 136.251 14.3699 -58.3419 1 1 1 1 
v 136.252 14.3725 -58.3466 1 1 1 1 
v 136.303 14.7259 -58.0991 1 1 1 1 
v 136.319 14.7304 -58.1098 1 1 1 1 
v 136.319 14.7277 -58.1094 1 1 1 1 
v 136.302 14.7285 -58.0989 1 1 1 1 
v 136.303 14.7232 -58.0793 1 1 1 1 
v 136.304 14.7209 -58.0805 1 1 1 1 
v 136.321 14.7199 -58.0706 1 1 1 1 
v 136.321 14.7178 -58.0723 1 1 1 1 
v 136.306 14.7304 -58.3238 1 1 1 1 
v 136.288 14.7285 -58.3325 1 1 1 1 
v 136.289 14.7259 -58.3324 1 1 1 1 
v 136.306 14.7277 -58.3242 1 1 1 1 
v 136.287 14.7232 -58.3521 1 1 1 1 
v 136.288 14.7209 -58.351 1 1 1 1 
v 136.304 14.7199 -58.3629 1 1 1 1 
v 136.304 14.7178 -58.3612 1 1 1 1 
v 136.28 14.3142 -58.4025 1 1 1 1 
v 136.286 14.3261 -58.4034 1 1 1 1 
v 136.291 14.3172 -58.3955 1 1 1 1 
v 136.293 14.3286 -58.3948 1 1 1 1 
v 136.286 14.3377 -58.3976 1 1 1 1 
v 136.276 14.3347 -58.4046 1 1 1 1 
v 136.276 14.3432 -58.3968 1 1 1 1 
v 136.283 14.3447 -58.3872 1 1 1 1 
v 136.27 14.3459 -58.3879 1 1 1 1 
v 136.292 14.3361 -58.3861 1 1 1 1 
v 136.295 14.3234 -58.3847 1 1 1 1 
v 136.29 14.3115 -58.3838 1 1 1 1 
v 136.284 14.3083 -58.3932 1 1 1 1 
v 136.279 14.3049 -58.3836 1 1 1 1 
v 136.275 14.3442 -58.3763 1 1 1 1 
v 136.264 14.3424 -58.3783 1 1 1 1 
v 136.268 14.3366 -58.369 1 1 1 1 
v 136.286 14.3404 -58.3772 1 1 1 1 
v 136.281 14.3354 -58.3684 1 1 1 1 
v 136.273 14.3274 -58.3647 1 1 1 1 
v 136.263 14.3246 -58.3681 1 1 1 1 
v 136.272 14.3161 -58.3669 1 1 1 1 
v 136.291 14.3303 -58.3744 1 1 1 1 
v 136.284 14.3227 -58.3671 1 1 1 1 
v 136.291 14.3188 -58.375 1 1 1 1 
v 136.283 14.3111 -58.3729 1 1 1 1 
v 136.272 14.3076 -58.3746 1 1 1 1 
v 136.157 14.7002 -58.1623 1 1 1 1 
v 136.168 14.7039 -58.1684 1 1 1 1 
v 136.167 14.7022 -58.1629 1 1 1 1 
v 136.155 14.7012 -58.1676 1 1 1 1 
v 136.176 14.7018 -58.1553 1 1 1 1 
v 136.173 14.7009 -58.1549 1 1 1 1 
v 136.169 14.6977 -58.1464 1 1 1 1 
v 136.171 14.6971 -58.1413 1 1 1 1 
v 136.158 14.6944 -58.1405 1 1 1 1 
v 136.159 14.6957 -58.1458 1 1 1 1 
v 136.15 14.6965 -58.1536 1 1 1 1 
v 136.153 14.697 -58.1537 1 1 1 1 
v 136.157 14.7002 -58.1623 1 1 1 1 
v 136.155 14.7012 -58.1676 1 1 1 1 
v 136.16 14.7144 -58.2336 1 1 1 1 
v 136.149 14.7121 -58.2274 1 1 1 1 
v 136.151 14.7126 -58.233 1 1 1 1 
v 136.162 14.7147 -58.2282 1 1 1 1 
v 136.142 14.7107 -58.2404 1 1 1 1 
v 136.168 14.7157 -58.2419 1 1 1 1 
v 136.146 14.7112 -58.2408 1 1 1 1 
v 136.15 14.7117 -58.2491 1 1 1 1 
v 136.148 14.7117 -58.2541 1 1 1 1 
v 136.164 14.7149 -58.2419 1 1 1 1 
v 136.159 14.7136 -58.2497 1 1 1 1 
v 136.16 14.7143 -58.2549 1 1 1 1 
v 136.15 14.7117 -58.2491 1 1 1 1 
v 136.148 14.7117 -58.2541 1 1 1 1 
v 136.305 14.7767 -58.0861 1 1 1 1 
v 136.322 14.7786 -58.097 1 1 1 1 
v 136.306 14.7741 -58.0863 1 1 1 1 
v 136.322 14.7759 -58.0966 1 1 1 1 
v 136.306 14.7714 -58.0665 1 1 1 1 
v 136.307 14.7691 -58.0678 1 1 1 1 
v 136.324 14.7681 -58.0578 1 1 1 1 
v 136.324 14.766 -58.0595 1 1 1 1 
v 136.288 14.7714 -58.3651 1 1 1 1 
v 136.305 14.7681 -58.3759 1 1 1 1 
v 136.289 14.7691 -58.364 1 1 1 1 
v 136.305 14.766 -58.3742 1 1 1 1 
v 136.29 14.7741 -58.3454 1 1 1 1 
v 136.289 14.7767 -58.3455 1 1 1 1 
v 136.307 14.7786 -58.3368 1 1 1 1 
v 136.307 14.7759 -58.3372 1 1 1 1 
v 136.284 14.8696 -57.9867 1 1 1 1 
v 136.378 14.8227 -58.0041 1 1 1 1 
v 136.281 14.8264 -57.9982 1 1 1 1 
v 136.38 14.8659 -57.9927 1 1 1 1 
v 136.28 14.338 -58.0507 1 1 1 1 
v 136.285 14.3378 -58.0522 1 1 1 1 
v 136.28 14.3365 -58.0553 1 1 1 1 
v 136.283 14.3367 -58.0472 1 1 1 1 
v 136.289 14.3344 -58.049 1 1 1 1 
v 136.287 14.3322 -58.0452 1 1 1 1 
v 136.291 14.3276 -58.0469 1 1 1 1 
v 136.289 14.334 -58.0537 1 1 1 1 
v 136.286 14.3342 -58.0571 1 1 1 1 
v 136.282 14.3319 -58.059 1 1 1 1 
v 136.278 14.3311 -58.0571 1 1 1 1 
v 136.287 14.3273 -58.0601 1 1 1 1 
v 136.282 14.3255 -58.0601 1 1 1 1 
v 136.276 14.3288 -58.0537 1 1 1 1 
v 136.278 14.3237 -58.057 1 1 1 1 
v 136.293 14.3287 -58.052 1 1 1 1 
v 136.291 14.3286 -58.057 1 1 1 1 
v 136.287 14.3199 -58.0599 1 1 1 1 
v 136.282 14.3191 -58.0587 1 1 1 1 
v 136.286 14.3146 -58.0567 1 1 1 1 
v 136.291 14.3223 -58.0587 1 1 1 1 
v 136.291 14.3165 -58.0567 1 1 1 1 
v 136.289 14.3134 -58.0533 1 1 1 1 
v 136.293 14.3219 -58.0549 1 1 1 1 
v 136.293 14.3166 -58.0517 1 1 1 1 
v 136.294 14.3225 -58.0502 1 1 1 1 
v 136.287 14.3258 -58.0438 1 1 1 1 
v 136.291 14.3202 -58.0468 1 1 1 1 
v 136.289 14.3148 -58.0486 1 1 1 1 
v 136.268 14.32 -58.3806 1 1 1 1 
v 136.274 14.3158 -58.3749 1 1 1 1 
v 136.272 14.3139 -58.3784 1 1 1 1 
v 136.273 14.3099 -58.3739 1 1 1 1 
v 136.269 14.3085 -58.3769 1 1 1 1 
v 136.268 14.3262 -58.3786 1 1 1 1 
v 136.272 14.3214 -58.3776 1 1 1 1 
v 136.27 14.328 -58.3747 1 1 1 1 
v 136.264 14.3307 -58.376 1 1 1 1 
v 136.274 14.3219 -58.3726 1 1 1 1 
v 136.274 14.3148 -58.3703 1 1 1 1 
v 136.272 14.3093 -58.3688 1 1 1 1 
v 136.27 14.3066 -58.3724 1 1 1 1 
v 136.267 14.3077 -58.3687 1 1 1 1 
v 136.266 14.3312 -58.371 1 1 1 1 
v 136.261 14.3318 -58.3723 1 1 1 1 
v 136.271 14.3271 -58.3701 1 1 1 1 
v 136.262 14.3299 -58.3678 1 1 1 1 
v 136.258 14.3286 -58.3708 1 1 1 1 
v 136.268 14.3271 -58.3665 1 1 1 1 
v 136.272 14.3214 -58.3675 1 1 1 1 
v 136.268 14.32 -58.3643 1 1 1 1 
v 136.264 14.3248 -58.3647 1 1 1 1 
v 136.259 14.3245 -58.3664 1 1 1 1 
v 136.263 14.3184 -58.3642 1 1 1 1 
v 136.272 14.315 -58.3663 1 1 1 1 
v 136.268 14.3126 -58.3651 1 1 1 1 
v 136.263 14.3122 -58.3661 1 1 1 1 
v 136.283 14.3482 -58.0439 1 1 1 1 
v 136.288 14.351 -58.0343 1 1 1 1 
v 136.294 14.3507 -58.0462 1 1 1 1 
v 136.301 14.3505 -58.0357 1 1 1 1 
v 136.296 14.3479 -58.026 1 1 1 1 
v 136.286 14.3433 -58.0538 1 1 1 1 
v 136.276 14.3391 -58.0466 1 1 1 1 
v 136.281 14.3313 -58.0556 1 1 1 1 
v 136.306 14.3429 -58.0262 1 1 1 1 
v 136.296 14.3387 -58.019 1 1 1 1 
v 136.292 14.3348 -58.0592 1 1 1 1 
v 136.291 14.3234 -58.0581 1 1 1 1 
v 136.299 14.3428 -58.0552 1 1 1 1 
v 136.305 14.3473 -58.0463 1 1 1 1 
v 136.311 14.3426 -58.0382 1 1 1 1 
v 136.31 14.3378 -58.0502 1 1 1 1 
v 136.302 14.3305 -58.0578 1 1 1 1 
v 136.313 14.3344 -58.0302 1 1 1 1 
v 136.306 14.3307 -58.0215 1 1 1 1 
v 136.315 14.3302 -58.0408 1 1 1 1 
v 136.311 14.3229 -58.0305 1 1 1 1 
v 136.301 14.3187 -58.0232 1 1 1 1 
v 136.31 14.3263 -58.0507 1 1 1 1 
v 136.31 14.3182 -58.0425 1 1 1 1 
v 136.305 14.3139 -58.0332 1 1 1 1 
v 136.299 14.311 -58.0428 1 1 1 1 
v 136.302 14.3183 -58.0531 1 1 1 1 
v 136.292 14.3142 -58.0511 1 1 1 1 
v 136.256 14.8696 -58.4416 1 1 1 1 
v 136.352 14.8227 -58.4358 1 1 1 1 
v 136.353 14.8659 -58.4475 1 1 1 1 
v 136.255 14.8264 -58.4299 1 1 1 1 
v 136.151 14.7386 -58.148 1 1 1 1 
v 136.16 14.7421 -58.1537 1 1 1 1 
v 136.159 14.7402 -58.1485 1 1 1 1 
v 136.149 14.7398 -58.153 1 1 1 1 
v 136.167 14.7397 -58.1428 1 1 1 1 
v 136.164 14.7387 -58.1423 1 1 1 1 
v 136.161 14.7358 -58.1357 1 1 1 1 
v 136.163 14.735 -58.1311 1 1 1 1 
v 136.152 14.7327 -58.1305 1 1 1 1 
v 136.153 14.7342 -58.1352 1 1 1 1 
v 136.145 14.7351 -58.1414 1 1 1 1 
v 136.148 14.7356 -58.1414 1 1 1 1 
v 136.151 14.7386 -58.148 1 1 1 1 
v 136.149 14.7398 -58.153 1 1 1 1 
v 136.15 14.7555 -58.2354 1 1 1 1 
v 136.142 14.7536 -58.2297 1 1 1 1 
v 136.143 14.7541 -58.2349 1 1 1 1 
v 136.153 14.7557 -58.2303 1 1 1 1 
v 136.136 14.7529 -58.2406 1 1 1 1 
v 136.157 14.7572 -58.2419 1 1 1 1 
v 136.139 14.7535 -58.241 1 1 1 1 
v 136.143 14.7543 -58.2474 1 1 1 1 
v 136.14 14.7544 -58.2521 1 1 1 1 
v 136.154 14.7563 -58.2418 1 1 1 1 
v 136.15 14.7557 -58.2478 1 1 1 1 
v 136.151 14.7565 -58.2528 1 1 1 1 
v 136.143 14.7543 -58.2474 1 1 1 1 
v 136.14 14.7544 -58.2521 1 1 1 1 
v 136.343 14.1036 -58.1609 1 1 1 1 
v 136.349 14.0959 -58.1565 1 1 1 1 
v 136.346 14.0942 -58.1646 1 1 1 1 
v 136.343 14.1038 -58.1538 1 1 1 1 
v 136.146 14.7773 -58.1304 1 1 1 1 
v 136.153 14.7805 -58.1356 1 1 1 1 
v 136.151 14.7785 -58.1307 1 1 1 1 
v 136.143 14.7786 -58.135 1 1 1 1 
v 136.159 14.778 -58.1268 1 1 1 1 
v 136.155 14.7771 -58.1263 1 1 1 1 
v 136.153 14.7746 -58.1215 1 1 1 1 
v 136.155 14.7737 -58.1174 1 1 1 1 
v 136.146 14.7719 -58.1169 1 1 1 1 
v 136.147 14.7735 -58.1211 1 1 1 1 
v 136.14 14.7743 -58.1256 1 1 1 1 
v 136.144 14.7748 -58.1256 1 1 1 1 
v 136.146 14.7773 -58.1304 1 1 1 1 
v 136.143 14.7786 -58.135 1 1 1 1 
v 136.141 14.7984 -58.2345 1 1 1 1 
v 136.134 14.7966 -58.2293 1 1 1 1 
v 136.136 14.7974 -58.2341 1 1 1 1 
v 136.143 14.7984 -58.2299 1 1 1 1 
v 136.129 14.7967 -58.2382 1 1 1 1 
v 136.147 14.8001 -58.2392 1 1 1 1 
v 136.133 14.7972 -58.2384 1 1 1 1 
v 136.135 14.7981 -58.243 1 1 1 1 
v 136.133 14.7984 -58.2475 1 1 1 1 
v 136.143 14.7992 -58.239 1 1 1 1 
v 136.14 14.7991 -58.2433 1 1 1 1 
v 136.141 14.8001 -58.248 1 1 1 1 
v 136.135 14.7981 -58.243 1 1 1 1 
v 136.133 14.7984 -58.2475 1 1 1 1 
v 136.378 14.7912 -57.9912 1 1 1 1 
v 136.281 14.7949 -57.9853 1 1 1 1 
v 136.28 14.8002 -58.0052 1 1 1 1 
v 136.377 14.7965 -58.0111 1 1 1 1 
v 136.274 14.8304 -58.1177 1 1 1 1 
v 136.371 14.8267 -58.1236 1 1 1 1 
v 136.273 14.8366 -58.1411 1 1 1 1 
v 136.37 14.8329 -58.147 1 1 1 1 
v 136.254 14.8002 -58.4228 1 1 1 1 
v 136.35 14.7912 -58.4486 1 1 1 1 
v 136.351 14.7965 -58.4287 1 1 1 1 
v 136.253 14.7949 -58.4427 1 1 1 1 
v 136.262 14.8304 -58.3104 1 1 1 1 
v 136.359 14.8267 -58.3163 1 1 1 1 
v 136.264 14.8366 -58.2871 1 1 1 1 
v 136.361 14.8329 -58.293 1 1 1 1 
v 136.14 14.8209 -58.106 1 1 1 1 
v 136.144 14.8239 -58.1108 1 1 1 1 
v 136.143 14.8217 -58.1062 1 1 1 1 
v 136.137 14.8224 -58.1103 1 1 1 1 
v 136.149 14.8215 -58.1041 1 1 1 1 
v 136.146 14.8206 -58.1034 1 1 1 1 
v 136.144 14.8187 -58.1003 1 1 1 1 
v 136.147 14.8176 -58.097 1 1 1 1 
v 136.139 14.8162 -58.0965 1 1 1 1 
v 136.14 14.818 -58.1001 1 1 1 1 
v 136.138 14.8191 -58.103 1 1 1 1 
v 136.134 14.8186 -58.1032 1 1 1 1 
v 136.14 14.8209 -58.106 1 1 1 1 
v 136.137 14.8224 -58.1103 1 1 1 1 
v 136.125 14.8478 -58.2247 1 1 1 1 
v 136.13 14.8492 -58.2293 1 1 1 1 
v 136.132 14.8491 -58.2251 1 1 1 1 
v 136.135 14.8508 -58.2324 1 1 1 1 
v 136.127 14.8486 -58.2291 1 1 1 1 
v 136.131 14.8499 -58.2322 1 1 1 1 
v 136.121 14.8481 -58.2316 1 1 1 1 
v 136.129 14.85 -58.2348 1 1 1 1 
v 136.125 14.8486 -58.2318 1 1 1 1 
v 136.126 14.8493 -58.2346 1 1 1 1 
v 136.124 14.8497 -58.2388 1 1 1 1 
v 136.131 14.851 -58.2392 1 1 1 1 
v 136.126 14.8493 -58.2346 1 1 1 1 
v 136.124 14.8497 -58.2388 1 1 1 1 
v 136.117 14.8902 -58.5663 1 1 1 1 
v 136.535 14.8374 -58.5918 1 1 1 1 
v 136.697 14.818 -58.4471 1 1 1 1 
v 136.556 14.8946 -58.62 1 1 1 1 
v 136.73 14.8738 -58.4647 1 1 1 1 
v 136.328 14.9229 -58.6668 1 1 1 1 
v 136.804 14.8662 -58.2425 1 1 1 1 
v 136.323 14.8638 -58.6354 1 1 1 1 
v 136.108 14.9513 -58.5926 1 1 1 1 
v 135.954 14.972 -58.4172 1 1 1 1 
v 135.974 14.9095 -58.4029 1 1 1 1 
v 135.908 14.9796 -58.1876 1 1 1 1 
v 136.766 14.8109 -58.2401 1 1 1 1 
v 135.931 14.9166 -58.189 1 1 1 1 
v 136.723 14.818 -58.0263 1 1 1 1 
v 136.758 14.8738 -58.0129 1 1 1 1 
v 136 14.9095 -57.982 1 1 1 1 
v 135.982 14.972 -57.9654 1 1 1 1 
v 136.604 14.8946 -57.8375 1 1 1 1 
v 136.162 14.8902 -57.8373 1 1 1 1 
v 136.156 14.9513 -57.8101 1 1 1 1 
v 136.384 14.9229 -57.7633 1 1 1 1 
v 136.58 14.8374 -57.8629 1 1 1 1 
v 136.374 14.8638 -57.7937 1 1 1 1 
v 136.362 14.9729 -58.2154 1 1 1 1 
v 136.679 14.9442 -58.4259 1 1 1 1 
v 136.742 14.9378 -58.2386 1 1 1 1 
v 136.703 14.9442 -58.0451 1 1 1 1 
v 136.362 14.9729 -58.2154 1 1 1 1 
v 136.762 14.9877 -58.2399 1 1 1 1 
v 136.362 14.9729 -58.2154 1 1 1 1 
v 136.533 14.9617 -58.5569 1 1 1 1 
v 136.545 15.0125 -58.5699 1 1 1 1 
v 136.698 14.9943 -58.4341 1 1 1 1 
v 136.546 15.065 -58.5577 1 1 1 1 
v 136.692 15.0475 -58.4267 1 1 1 1 
v 136.755 15.0411 -58.2394 1 1 1 1 
v 136.716 15.0475 -58.0459 1 1 1 1 
v 136.722 14.9943 -58.0392 1 1 1 1 
v 136.586 15.065 -57.8981 1 1 1 1 
v 136.346 15.0373 -58.6108 1 1 1 1 
v 136.354 15.0889 -58.5971 1 1 1 1 
v 136.362 14.9729 -58.2154 1 1 1 1 
v 136.341 14.9856 -58.5963 1 1 1 1 
v 136.168 15.1128 -58.5346 1 1 1 1 
v 136.587 15.0125 -57.8859 1 1 1 1 
v 136.395 15.0373 -57.8211 1 1 1 1 
v 136.4 15.0889 -57.8355 1 1 1 1 
v 136.573 14.9617 -57.8973 1 1 1 1 
v 136.362 14.9729 -58.2154 1 1 1 1 
v 136.208 15.1128 -57.875 1 1 1 1 
v 136.387 14.9856 -57.8347 1 1 1 1 
v 136.362 14.9729 -58.2154 1 1 1 1 
v 136.195 15.062 -57.862 1 1 1 1 
v 136.061 15.1303 -58.0059 1 1 1 1 
v 136.195 15.0095 -57.8742 1 1 1 1 
v 136.362 14.9729 -58.2154 1 1 1 1 
v 136.043 15.0802 -57.9977 1 1 1 1 
v 135.979 15.0868 -58.192 1 1 1 1 
v 135.999 15.1367 -58.1932 1 1 1 1 
v 136.048 15.027 -58.0051 1 1 1 1 
v 136.362 14.9729 -58.2154 1 1 1 1 
v 136.038 15.1303 -58.3867 1 1 1 1 
v 135.986 15.0334 -58.1924 1 1 1 1 
v 136.362 14.9729 -58.2154 1 1 1 1 
v 136.025 15.027 -58.3859 1 1 1 1 
v 136.362 14.9729 -58.2154 1 1 1 1 
v 136.019 15.0802 -58.3926 1 1 1 1 
v 136.154 15.062 -58.5459 1 1 1 1 
v 136.155 15.0095 -58.5338 1 1 1 1 
v 136.362 14.9729 -58.2154 1 1 1 1 
v 136.362 14.9729 -58.2154 1 1 1 1 
v 136.454 15.0752 -58.5452 1 1 1 1 
v 136.405 15.1029 -58.2182 1 1 1 1 
v 136.357 15.0892 -58.5403 1 1 1 1 
v 136.544 15.0576 -58.5424 1 1 1 1 
v 136.405 15.1029 -58.2182 1 1 1 1 
v 136.443 15.0637 -58.6509 1 1 1 1 
v 136.518 15.0283 -58.6467 1 1 1 1 
v 136.593 15.0143 -58.6422 1 1 1 1 
v 136.52 15.0404 -58.6537 1 1 1 1 
v 136.594 15.0248 -58.649 1 1 1 1 
v 136.444 15.0755 -58.6574 1 1 1 1 
v 136.702 14.9771 -58.635 1 1 1 1 
v 136.694 14.9641 -58.6279 1 1 1 1 
v 136.35 15.0869 -58.6471 1 1 1 1 
v 136.349 15.0754 -58.6408 1 1 1 1 
v 136.174 15.0842 -58.6325 1 1 1 1 
v 136.737 15.0101 -58.5117 1 1 1 1 
v 136.694 14.9641 -58.6279 1 1 1 1 
v 136.728 14.999 -58.5094 1 1 1 1 
v 136.76 15.014 -58.4216 1 1 1 1 
v 136.751 15.0042 -58.4192 1 1 1 1 
v 136.789 15.021 -58.3398 1 1 1 1 
v 136.174 15.0718 -58.6256 1 1 1 1 
v 136.101 15.0872 -58.6188 1 1 1 1 
v 136.781 15.0109 -58.339 1 1 1 1 
v 136.17 15.1049 -58.5195 1 1 1 1 
v 136.405 15.1029 -58.2182 1 1 1 1 
v 136.099 15.0768 -58.612 1 1 1 1 
v 135.987 15.0676 -58.5912 1 1 1 1 
v 135.992 15.0528 -58.585 1 1 1 1 
v 136.07 15.1298 -58.3839 1 1 1 1 
v 136.084 15.1012 -58.4861 1 1 1 1 
v 135.992 15.0528 -58.585 1 1 1 1 
v 135.981 15.0935 -58.4637 1 1 1 1 
v 135.971 15.1028 -58.3715 1 1 1 1 
v 136.06 15.127 -58.2967 1 1 1 1 
v 136.405 15.1029 -58.2182 1 1 1 1 
v 135.954 15.1155 -58.2885 1 1 1 1 
v 135.992 15.0528 -58.585 1 1 1 1 
v 135.981 15.0935 -58.4637 1 1 1 1 
v 135.975 15.1064 -58.4651 1 1 1 1 
v 135.966 15.1145 -58.373 1 1 1 1 
v 135.971 15.1028 -58.3715 1 1 1 1 
v 135.949 15.1273 -58.2884 1 1 1 1 
v 136.061 15.1253 -58.197 1 1 1 1 
v 136.405 15.1029 -58.2182 1 1 1 1 
v 135.953 15.1213 -58.1904 1 1 1 1 
v 135.948 15.1339 -58.1901 1 1 1 1 
v 135.961 15.1273 -58.0931 1 1 1 1 
v 135.966 15.1155 -58.0937 1 1 1 1 
v 135.988 15.1145 -58.0107 1 1 1 1 
v 135.993 15.1028 -58.0129 1 1 1 1 
v 136.015 15.0935 -57.9226 1 1 1 1 
v 136.009 15.1064 -57.9205 1 1 1 1 
v 136.035 15.0676 -57.7967 1 1 1 1 
v 136.04 15.0528 -57.8035 1 1 1 1 
v 136.072 15.127 -58.0984 1 1 1 1 
v 136.405 15.1029 -58.2182 1 1 1 1 
v 135.993 15.1028 -58.0129 1 1 1 1 
v 136.093 15.1298 -58.0127 1 1 1 1 
v 136.405 15.1029 -58.2182 1 1 1 1 
v 136.015 15.0935 -57.9226 1 1 1 1 
v 136.208 15.1049 -57.8901 1 1 1 1 
v 136.119 15.1012 -57.9129 1 1 1 1 
v 136.04 15.0528 -57.8035 1 1 1 1 
v 136.15 15.0768 -57.7898 1 1 1 1 
v 136.04 15.0528 -57.8035 1 1 1 1 
v 136.152 15.0872 -57.7832 1 1 1 1 
v 136.226 15.0718 -57.7854 1 1 1 1 
v 136.227 15.0842 -57.7786 1 1 1 1 
v 136.401 15.0754 -57.7916 1 1 1 1 
v 136.403 15.0869 -57.7855 1 1 1 1 
v 136.397 15.0892 -57.8924 1 1 1 1 
v 136.405 15.1029 -58.2182 1 1 1 1 
v 136.495 15.0637 -57.793 1 1 1 1 
v 136.497 15.0755 -57.7867 1 1 1 1 
v 136.573 15.0404 -57.7997 1 1 1 1 
v 136.494 15.0752 -57.8993 1 1 1 1 
v 136.405 15.1029 -58.2182 1 1 1 1 
v 136.57 15.0283 -57.8064 1 1 1 1 
v 136.645 15.0248 -57.8133 1 1 1 1 
v 136.582 15.0576 -57.913 1 1 1 1 
v 136.405 15.1029 -58.2182 1 1 1 1 
v 136.643 15.0143 -57.82 1 1 1 1 
v 136.75 14.9771 -57.8404 1 1 1 1 
v 136.741 14.9641 -57.8464 1 1 1 1 
v 136.684 15.055 -58.0488 1 1 1 1 
v 136.741 14.9641 -57.8464 1 1 1 1 
v 136.771 15.0101 -57.9671 1 1 1 1 
v 136.762 14.999 -57.9683 1 1 1 1 
v 136.782 15.014 -58.0592 1 1 1 1 
v 136.773 15.0042 -58.0606 1 1 1 1 
v 136.801 15.021 -58.1445 1 1 1 1 
v 136.664 15.0323 -57.9462 1 1 1 1 
v 136.741 14.9641 -57.8464 1 1 1 1 
v 136.762 14.999 -57.9683 1 1 1 1 
v 136.773 15.0042 -58.0606 1 1 1 1 
v 136.793 15.0108 -58.1443 1 1 1 1 
v 136.693 15.0484 -58.1364 1 1 1 1 
v 136.405 15.1029 -58.2182 1 1 1 1 
v 136.795 15.0148 -58.2419 1 1 1 1 
v 136.803 15.0257 -58.2424 1 1 1 1 
v 136.692 15.0455 -58.2356 1 1 1 1 
v 136.405 15.1029 -58.2182 1 1 1 1 
v 136.681 15.0484 -58.3347 1 1 1 1 
v 136.405 15.1029 -58.2182 1 1 1 1 
v 136.751 15.0042 -58.4192 1 1 1 1 
v 136.662 15.055 -58.42 1 1 1 1 
v 136.405 15.1029 -58.2182 1 1 1 1 
v 136.728 14.999 -58.5094 1 1 1 1 
v 136.629 15.0323 -58.5194 1 1 1 1 
v 136.694 14.9641 -58.6279 1 1 1 1 
v 136.503 15.0845 -57.7741 1 1 1 1 
v 136.408 15.1108 -57.8017 1 1 1 1 
v 136.385 15.1297 -58.2201 1 1 1 1 
v 136.505 15.0961 -57.7659 1 1 1 1 
v 136.409 15.1218 -57.7935 1 1 1 1 
v 136.325 15.1229 -57.7942 1 1 1 1 
v 136.588 15.0558 -57.8013 1 1 1 1 
v 136.594 15.0657 -57.7947 1 1 1 1 
v 136.644 15.0809 -57.8783 1 1 1 1 
v 136.323 15.1124 -57.8025 1 1 1 1 
v 136.229 15.112 -57.771 1 1 1 1 
v 136.637 15.0708 -57.8836 1 1 1 1 
v 136.229 15.1016 -57.7794 1 1 1 1 
v 136.153 15.1282 -57.8205 1 1 1 1 
v 136.149 15.1405 -57.8144 1 1 1 1 
v 136.101 15.1603 -57.9004 1 1 1 1 
v 136.695 15.0736 -57.9414 1 1 1 1 
v 136.702 15.0843 -57.9348 1 1 1 1 
v 136.106 15.148 -57.9054 1 1 1 1 
v 136.047 15.1665 -57.959 1 1 1 1 
v 136.051 15.1543 -57.9651 1 1 1 1 
v 135.975 15.1512 -58.0133 1 1 1 1 
v 135.971 15.1639 -58.0084 1 1 1 1 
v 135.933 15.1505 -58.0925 1 1 1 1 
v 135.94 15.1385 -58.0932 1 1 1 1 
v 135.961 15.1442 -58.1945 1 1 1 1 
v 135.954 15.1558 -58.1941 1 1 1 1 
v 135.921 15.1505 -58.2876 1 1 1 1 
v 135.928 15.1385 -58.2878 1 1 1 1 
v 135.954 15.1515 -58.3714 1 1 1 1 
v 135.947 15.164 -58.3742 1 1 1 1 
v 135.994 15.1579 -58.4492 1 1 1 1 
v 135.99 15.1704 -58.4546 1 1 1 1 
v 136.065 15.1598 -58.5043 1 1 1 1 
v 136.07 15.1477 -58.4987 1 1 1 1 
v 136.106 15.128 -58.5845 1 1 1 1 
v 136.102 15.1403 -58.5901 1 1 1 1 
v 136.174 15.1122 -58.6422 1 1 1 1 
v 136.176 15.1015 -58.6344 1 1 1 1 
v 136.266 15.1099 -58.6615 1 1 1 1 
v 136.267 15.1215 -58.6698 1 1 1 1 
v 136.357 15.1103 -58.6385 1 1 1 1 
v 136.36 15.121 -58.6469 1 1 1 1 
v 136.441 15.1004 -58.6463 1 1 1 1 
v 136.44 15.0898 -58.6378 1 1 1 1 
v 136.538 15.066 -58.6649 1 1 1 1 
v 136.535 15.0557 -58.6565 1 1 1 1 
v 136.615 15.0655 -58.6152 1 1 1 1 
v 136.622 15.0765 -58.6213 1 1 1 1 
v 136.667 15.0839 -58.5397 1 1 1 1 
v 136.659 15.0733 -58.5348 1 1 1 1 
v 136.714 15.0669 -58.4749 1 1 1 1 
v 136.721 15.0777 -58.4812 1 1 1 1 
v 136.793 15.0446 -58.4229 1 1 1 1 
v 136.801 15.0558 -58.4279 1 1 1 1 
v 136.835 15.0354 -58.3431 1 1 1 1 
v 136.825 15.0249 -58.3427 1 1 1 1 
v 136.799 15.0378 -58.2458 1 1 1 1 
v 136.809 15.0474 -58.2444 1 1 1 1 
v 136.797 15.0343 -58.1565 1 1 1 1 
v 136.807 15.0428 -58.1567 1 1 1 1 
v 136.815 15.0443 -58.0644 1 1 1 1 
v 136.825 15.0545 -58.0635 1 1 1 1 
v 136.785 15.0736 -57.9815 1 1 1 1 
v 136.778 15.0625 -57.9869 1 1 1 1 
v 135.977 15.1705 -58.1919 1 1 1 1 
v 136.743 15.0752 -58.0346 1 1 1 1 
v 136.044 15.1636 -57.9918 1 1 1 1 
v 136.201 15.145 -57.852 1 1 1 1 
v 136.604 15.0939 -57.8767 1 1 1 1 
v 136.406 15.1194 -57.8099 1 1 1 1 
v 136.784 15.0684 -58.2412 1 1 1 1 
v 136.718 15.0752 -58.4413 1 1 1 1 
v 136.019 15.1636 -58.3985 1 1 1 1 
v 136.157 15.145 -58.5564 1 1 1 1 
v 136.561 15.0939 -58.5811 1 1 1 1 
v 136.356 15.1194 -58.6232 1 1 1 1 
v 136.718 15.0752 -58.4413 1 1 1 1 
v 136.589 15.136 -58.6258 1 1 1 1 
v 136.764 15.115 -58.4689 1 1 1 1 
v 136.561 15.0939 -58.5811 1 1 1 1 
v 136.784 15.0684 -58.2412 1 1 1 1 
v 136.358 15.1646 -58.673 1 1 1 1 
v 136.839 15.1073 -58.2446 1 1 1 1 
v 136.356 15.1194 -58.6232 1 1 1 1 
v 136.792 15.115 -58.0128 1 1 1 1 
v 136.136 15.1932 -58.5981 1 1 1 1 
v 136.743 15.0752 -58.0346 1 1 1 1 
v 136.157 15.145 -58.5564 1 1 1 1 
v 136.637 15.136 -57.8357 1 1 1 1 
v 135.981 15.2142 -58.421 1 1 1 1 
v 136.604 15.0939 -57.8767 1 1 1 1 
v 136.019 15.1636 -58.3985 1 1 1 1 
v 136.414 15.1646 -57.7608 1 1 1 1 
v 135.934 15.2218 -58.1892 1 1 1 1 
v 136.406 15.1194 -57.8099 1 1 1 1 
v 135.977 15.1705 -58.1919 1 1 1 1 
v 136.184 15.1932 -57.808 1 1 1 1 
v 136.044 15.1636 -57.9918 1 1 1 1 
v 136.201 15.145 -57.852 1 1 1 1 
v 136.008 15.2142 -57.9649 1 1 1 1 
v 136.853 15.2165 -58.2457 1 1 1 1 
v 136.792 15.115 -58.0128 1 1 1 1 
v 136.839 15.1073 -58.2446 1 1 1 1 
v 136.764 15.115 -58.4689 1 1 1 1 
v 136.806 15.2242 -58.0139 1 1 1 1 
v 136.778 15.2242 -58.4701 1 1 1 1 
v 136.651 15.2452 -57.8367 1 1 1 1 
v 136.602 15.2452 -58.6269 1 1 1 1 
v 136.637 15.136 -57.8357 1 1 1 1 
v 136.589 15.136 -58.6258 1 1 1 1 
v 136.428 15.2738 -57.7618 1 1 1 1 
v 136.372 15.2738 -58.6742 1 1 1 1 
v 136.414 15.1646 -57.7608 1 1 1 1 
v 136.358 15.1646 -58.673 1 1 1 1 
v 136.184 15.1932 -57.808 1 1 1 1 
v 136.136 15.1932 -58.5981 1 1 1 1 
v 136.198 15.3024 -57.8091 1 1 1 1 
v 136.15 15.3024 -58.5993 1 1 1 1 
v 136.008 15.2142 -57.9649 1 1 1 1 
v 135.981 15.2142 -58.421 1 1 1 1 
v 136.022 15.3234 -57.9659 1 1 1 1 
v 135.994 15.3234 -58.4221 1 1 1 1 
v 135.934 15.2218 -58.1892 1 1 1 1 
v 135.948 15.331 -58.1903 1 1 1 1 

vn 0.330709 0.944882 -0.023622 
vn 0.299213 0.944882 -0.125984 
vn 0.125984 0.992126 -0.00787402 
vn 0.732283 0.685039 -0.0472441 
vn 0.314961 0.944882 0.0866142 
vn 0.622047 0.692913 -0.362205 
vn 0.661417 0.692913 0.283465 
vn 0.984252 0.15748 -0.0629921 
vn 0.826772 0.173228 -0.535433 
vn 0.889764 0.173228 0.425197 
vn 0.377953 0.724409 -0.582677 
vn 0.456693 0.212598 -0.858268 
vn 0.220472 0.952756 -0.19685 
vn -0.023622 0.275591 -0.96063 
vn 0.448819 0.724409 0.527559 
vn 0.559055 0.212598 0.795276 
vn 0.0944882 0.275591 0.952756 
vn 0.23622 0.952756 0.173228 
vn 0.133858 0.968504 0.204724 
vn 0.133858 0.76378 0.637795 
vn -0.188976 0.80315 0.566929 
vn 0.0314961 0.984252 0.181102 
vn -0.393701 0.338583 0.858268 
vn -0.0551181 0.992126 0.110236 
vn -0.433071 0.834646 0.346457 
vn -0.755906 0.377953 0.527559 
vn -0.913386 0.393701 0.0551181 
vn -0.0866142 1 0.00787402 
vn -0.535433 0.84252 0.0314961 
vn -0.472441 0.834646 -0.291339 
vn -0.818898 0.377953 -0.433071 
vn -0.488189 0.338583 -0.80315 
vn -0.0629921 0.992126 -0.102362 
vn -0.251969 0.80315 -0.543307 
vn 0.00787402 0.984252 -0.181102 
vn 0.0551181 0.76378 -0.645669 
vn 0.110236 0.968504 -0.220472 
vn 0.244094 0.818898 0.511811 
vn 0.125984 0.992126 -0.00787402 
vn 0.0787402 0.897638 0.433071 
vn -0.133858 0.0472441 0.992126 
vn 0.023622 0.00787402 1 
vn -0.00787402 0.897638 0.448819 
vn 0.11811 -0.015748 0.992126 
vn 0.015748 0.80315 0.598425 
vn -0.133858 -0.0866142 0.984252 
vn 0.472441 0.748031 0.472441 
vn 0.606299 -0.173228 0.771654 
vn 0.787402 -0.0944882 0.606299 
vn -0.15748 0.874016 0.464567 
vn -0.677165 0.102362 0.724409 
vn -0.787402 0.133858 0.598425 
vn 0.346457 0.850394 0.393701 
vn -0.19685 0.929134 0.314961 
vn -0.220472 0.929134 0.283465 
vn -0.637795 0.110236 0.76378 
vn 0.338583 0.858268 0.385827 
vn 0.598425 -0.0551181 0.80315 
vn -0.370079 0.897638 0.23622 
vn -0.76378 0.11811 0.637795 
vn -0.992126 0.0551181 0.102362 
vn 0.519685 0.795276 0.307087 
vn 0.724409 -0.0551181 0.692913 
vn 0.976378 -0.149606 0.149606 
vn -0.488189 0.874016 0.00787402 
vn -0.992126 0.125984 0.0629921 
vn 0.677165 0.740157 -0.023622 
vn -0.330709 0.944882 0.023622 
vn -0.480315 0.874016 0.0551181 
vn -1 0.0551181 0.023622 
vn -0.92126 0.11811 -0.362205 
vn 0.614173 0.779528 -0.0866142 
vn 0.976378 -0.220472 -0.0787402 
vn 0.984252 -0.133858 0.141732 
vn -0.409449 0.913386 -0.0629921 
vn 0.582677 0.811024 0.0393701 
vn 0.685039 0.724409 0 
vn 0.984252 -0.181102 -0.0629921 
vn 0.771654 -0.0787402 -0.637795 
vn -0.307087 0.897638 -0.307087 
vn -0.740157 0.11811 -0.669291 
vn -0.748031 0.11811 -0.653543 
vn 0.582677 0.779528 -0.251969 
vn 0.637795 -0.0551181 -0.76378 
vn -0.141732 0.929134 -0.330709 
vn -0.204724 0.874016 -0.448819 
vn -0.755906 0.0944882 -0.645669 
vn -0.440945 -0.0551181 -0.897638 
vn 0.440945 0.84252 -0.299213 
vn 0.425197 0.850394 -0.314961 
vn 0.811024 -0.0787402 -0.582677 
vn -0.149606 0.84252 -0.519685 
vn -0.0314961 0 -1 
vn 0.370079 0.80315 -0.472441 
vn 0.692913 -0.0708661 -0.716535 
vn 0.133858 -0.125984 -0.984252 
vn -0.0393701 0.850394 -0.519685 
vn 0.125984 0 -0.992126 
vn 0.15748 0.88189 -0.448819 
vn 0.181102 0.771654 -0.606299 
vn -0.0944882 -0.00787402 -0.992126 
vn 0.228346 0.850394 -0.464567 
vn 0.125984 0.992126 -0.00787402 
vn -0.015748 0.992126 0.0944882 
vn 0.0472441 0.992126 0.141732 
vn -0.11811 0.811024 0.566929 
vn -0.015748 -0.0314961 1 
vn -0.00787402 0.779528 0.629921 
vn 0.023622 -0.00787402 1 
vn 0.102362 0.992126 0.0629921 
vn 0.0787402 0.80315 0.590551 
vn 0.0944882 0.00787402 0.992126 
vn 0.23622 0.779528 0.582677 
vn 0.204724 0.976378 0.0551181 
vn 0.125984 0.992126 -0.00787402 
vn 0.346457 0.724409 0.598425 
vn 0.149606 -0.0787402 0.984252 
vn 0.244094 0.96063 0.125984 
vn 0.125984 0.992126 -0.00787402 
vn 0.385827 0.748031 0.543307 
vn 0.244094 0.0393701 0.968504 
vn 0.614173 0.645669 0.448819 
vn 0.732283 -0.188976 0.653543 
vn 0.984252 -0.110236 0.141732 
vn 0.307087 0.929134 0.188976 
vn 0.700787 0.669291 0.23622 
vn 0.96063 -0.220472 0.15748 
vn 0.275591 0.96063 0.0787402 
vn 0.125984 0.992126 -0.00787402 
vn 0.748031 0.637795 0.165354 
vn 0.976378 -0.181102 0.102362 
vn 0.251969 0.968504 -0.00787402 
vn 0.740157 0.669291 0.0866142 
vn 0.984252 -0.141732 -0.0629921 
vn 0.220472 0.976378 -0.015748 
vn 0.125984 0.992126 -0.00787402 
vn 0.708661 0.708661 -0.0393701 
vn 0.724409 0.669291 -0.181102 
vn 0.96063 -0.181102 -0.220472 
vn 0.251969 0.968504 -0.023622 
vn 0.125984 0.992126 -0.00787402 
vn 0.724409 0.637795 -0.251969 
vn 0.937008 -0.220472 -0.275591 
vn 0.259843 0.96063 -0.110236 
vn 0.125984 0.992126 -0.00787402 
vn 0.669291 0.669291 -0.314961 
vn 0.96063 -0.110236 -0.259843 
vn 0.559055 0.645669 -0.519685 
vn 0.645669 -0.188976 -0.740157 
vn 0.125984 0.0393701 -0.992126 
vn 0.283465 0.929134 -0.228346 
vn 0.314961 0.748031 -0.582677 
vn 0.0314961 -0.0787402 -1 
vn 0.267717 0.724409 -0.637795 
vn 0.228346 0.96063 -0.15748 
vn 0.125984 0.992126 -0.00787402 
vn 0.19685 0.976378 -0.0866142 
vn 0.125984 0.992126 -0.00787402 
vn 0.0944882 0.992126 -0.0787402 
vn 0.15748 0.779528 -0.606299 
vn 0.00787402 0.80315 -0.590551 
vn -0.023622 0.00787402 -1 
vn -0.0944882 -0.00787402 -0.992126 
vn -0.0866142 0.779528 -0.622047 
vn -0.133858 -0.0314961 -0.992126 
vn 0.0314961 0.992126 -0.149606 
vn 0.125984 0.992126 -0.00787402 
vn -0.188976 0.811024 -0.551181 
vn -0.228346 0.0787402 -0.968504 
vn -0.440945 0.771654 -0.456693 
vn -0.755906 -0.00787402 -0.653543 
vn -0.984252 0.133858 -0.141732 
vn -0.0708661 0.976378 -0.204724 
vn -0.511811 0.818898 -0.244094 
vn -0.984252 0.023622 -0.15748 
vn -0.0314961 0.992126 -0.0944882 
vn 0.125984 0.992126 -0.00787402 
vn -0.566929 0.80315 -0.173228 
vn -0.992126 0.0708661 -0.102362 
vn -0.00787402 1 -0.00787402 
vn -0.551181 0.826772 -0.102362 
vn -0.992126 0.110236 0.0629921 
vn 0.0314961 1 0 
vn 0.125984 0.992126 -0.00787402 
vn -0.511811 0.858268 0.0314961 
vn -0.535433 0.826772 0.165354 
vn -0.968504 0.0708661 0.220472 
vn -0.00787402 1 0.00787402 
vn 0.125984 0.992126 -0.00787402 
vn -0.543307 0.80315 0.244094 
vn -0.96063 0.023622 0.275591 
vn 0.125984 0.992126 -0.00787402 
vn -0.480315 0.818898 0.307087 
vn -0.96063 0.133858 0.259843 
vn -0.377953 0.771654 0.511811 
vn -0.669291 -0.00787402 0.740157 
vn -0.110236 0.0787402 0.992126 
vn -0.0393701 0.976378 0.212598 
vn 0.440945 0.88189 0.15748 
vn 0.905512 0.425197 -0.0551181 
vn 0.472441 0.88189 -0.0314961 
vn 0.818898 0.440945 0.370079 
vn 0.314961 0.905512 0.291339 
vn 0.527559 0.480315 0.700787 
vn 0.141732 0.92126 0.354331 
vn 0.11811 0.535433 0.834646 
vn -0.181102 0.96063 0.188976 
vn -0.0393701 0.944882 0.314961 
vn -0.307087 0.582677 0.748031 
vn -0.629921 0.622047 0.464567 
vn -0.244094 0.968504 0.015748 
vn -0.76378 0.637795 0.0472441 
vn -0.685039 0.622047 -0.377953 
vn -0.204724 0.96063 -0.165354 
vn -0.393701 0.582677 -0.708661 
vn 0.417323 0.88189 -0.204724 
vn 0.76378 0.440945 -0.472441 
vn 0.275591 0.905512 -0.330709 
vn 0.440945 0.480315 -0.755906 
vn -0.0787402 0.944882 -0.307087 
vn 0.015748 0.535433 -0.84252 
vn 0.0944882 0.92126 -0.370079 
vn -0.110236 -0.992126 -0.110236 
vn 0.622047 -0.606299 -0.496063 
vn 0.653543 -0.748031 0.110236 
vn 0.322835 -0.700787 0.637795 
vn 0.0629921 0 1 
vn 0.417323 0.779528 0.472441 
vn 0.133858 0.811024 0.566929 
vn -0.149606 0.850394 0.503937 
vn -0.440945 0.0629921 0.897638 
vn 0.551181 -0.0629921 0.834646 
vn 0.889764 -0.102362 0.448819 
vn -0.370079 0.874016 0.307087 
vn -0.826772 0.110236 0.551181 
vn 0.614173 0.748031 0.251969 
vn 0.992126 -0.11811 -0.0629921 
vn -0.992126 0.125984 0.0629921 
vn 0.669291 0.740157 -0.0393701 
vn -0.464567 0.88189 0.0314961 
vn -0.409449 0.874016 -0.259843 
vn -0.889764 0.110236 -0.448819 
vn 0.574803 0.748031 -0.322835 
vn 0.826772 -0.102362 -0.551181 
vn -0.551181 0.0629921 -0.834646 
vn 0.354331 0.779528 -0.519685 
vn 0.440945 -0.0629921 -0.897638 
vn -0.0629921 0 -1 
vn -0.212598 0.850394 -0.488189 
vn 0.0708661 0.811024 -0.574803 
vn 0.165354 -0.937008 -0.314961 
vn -0.0787402 -0.905512 0.417323 
vn -0.19685 -0.929134 -0.299213 
vn 0.0551181 -0.464567 -0.88189 
vn -0.393701 -0.826772 0.401575 
vn -0.125984 -0.393701 0.913386 
vn -0.503937 -0.779528 -0.377953 
vn -0.370079 -0.251969 0.889764 
vn -0.606299 -0.708661 0.362205 
vn -0.787402 -0.535433 0.314961 
vn -0.15748 -0.425197 -0.889764 
vn -0.677165 -0.606299 -0.417323 
vn 0.291339 0.204724 -0.937008 
vn 0.401575 0.259843 -0.88189 
vn 0.314961 0.858268 -0.401575 
vn 0.472441 0.771654 -0.417323 
vn 0.220472 0.905512 0.354331 
vn 0.433071 0.0944882 -0.897638 
vn -0.0629921 -0.543307 -0.834646 
vn -0.755906 -0.535433 0.377953 
vn 0.535433 0.740157 0.417323 
vn 0.787402 0.519685 -0.330709 
vn 0.582677 -0.165354 -0.795276 
vn 0.716535 0.527559 0.456693 
vn 0.645669 -0.330709 -0.685039 
vn 0.952756 0.204724 -0.220472 
vn -0.0787402 -0.700787 -0.708661 
vn 0.992126 0.0472441 -0.11811 
vn -0.622047 -0.692913 -0.354331 
vn -0.614173 -0.779528 -0.141732 
vn -0.645669 -0.535433 0.543307 
vn 0.795276 0.330709 0.511811 
vn 0.811024 0.220472 0.543307 
vn 0.173228 0.275591 0.944882 
vn 0.244094 0.181102 0.952756 
vn 0.307087 0.133858 0.944882 
vn -0.259843 -0.165354 0.952756 
vn -0.385827 -0.173228 0.905512 
vn -0.448819 -0.15748 0.874016 
vn 0.0787402 0.307087 0.944882 
vn 0.228346 0.425197 0.874016 
vn 0.992126 0.0708661 0.0629921 
vn 0.551181 -0.724409 0.409449 
vn 0.692913 -0.685039 -0.220472 
vn 0.748031 0.00787402 -0.669291 
vn 0.338583 -0.464567 -0.818898 
vn 0.637795 0.716535 -0.291339 
vn 0.629921 -0.23622 0.740157 
vn 0.614173 0.385827 0.692913 
vn 0.566929 0.76378 0.299213 
vn 0.244094 0.913386 0.330709 
vn 0.188976 -0.314961 0.929134 
vn 0.11811 -0.889764 0.440945 
vn 0.023622 0.968504 -0.259843 
vn 0.023622 0.968504 -0.259843 
vn 0.023622 0.968504 -0.259843 
vn 0.023622 0.968504 -0.259843 
vn 0.023622 0.968504 -0.259843 
vn 0.023622 0.968504 -0.259843 
vn 0.023622 0.968504 -0.259843 
vn 0.023622 0.968504 -0.259843 
vn 0.0551181 0.968504 0.251969 
vn 0.0551181 0.968504 0.251969 
vn 0.0551181 0.968504 0.251969 
vn 0.0551181 0.968504 0.251969 
vn 0.0551181 0.968504 0.251969 
vn 0.0551181 0.968504 0.251969 
vn 0.0551181 0.968504 0.251969 
vn 0.0551181 0.968504 0.251969 
vn -0.283465 -0.708661 0.645669 
vn -0.874016 -0.19685 0.448819 
vn -0.795276 -0.543307 0.275591 
vn -0.952756 -0.0787402 -0.299213 
vn -0.110236 -0.992126 -0.110236 
vn -0.732283 -0.527559 -0.425197 
vn 0.322835 -0.700787 0.637795 
vn -0.291339 -0.283465 0.913386 
vn 0.023622 -0.582677 -0.811024 
vn -0.858268 0.0472441 0.511811 
vn 0.622047 -0.606299 -0.496063 
vn -0.314961 -0.0629921 0.944882 
vn -0.488189 -0.0866142 -0.866142 
vn -0.952756 0.188976 -0.23622 
vn -0.503937 0.149606 -0.850394 
vn 0.212598 -0.133858 -0.968504 
vn -0.795276 0.291339 0.527559 
vn -0.866142 0.456693 -0.19685 
vn -0.464567 0.362205 -0.80315 
vn 0.165354 0.0393701 -0.984252 
vn 0.795276 -0.283465 -0.527559 
vn -0.748031 0.637795 -0.15748 
vn -0.661417 0.543307 0.519685 
vn -0.370079 0.582677 -0.724409 
vn -0.582677 0.80315 -0.110236 
vn -0.598425 0.795276 -0.102362 
vn -0.283465 -0.0314961 0.96063 
vn 0.133858 0.0393701 -0.992126 
vn -0.283465 0.629921 -0.724409 
vn -0.346457 0.669291 -0.653543 
vn 0.0551181 0.102362 -0.992126 
vn -0.708661 0.700787 0.0472441 
vn -0.692913 0.464567 0.551181 
vn -0.779528 0.173228 0.598425 
vn -0.488189 -0.204724 0.850394 
vn -0.543307 -0.496063 0.677165 
vn 0.314961 -0.598425 -0.740157 
vn 0.251969 -0.543307 -0.80315 
vn 0.519685 -0.582677 -0.622047 
vn 0.259843 -0.96063 -0.0629921 
vn 0.165354 -0.952756 -0.251969 
vn -0.15748 -0.929134 0.338583 
vn -0.0787402 -0.80315 0.590551 
vn 0.503937 -0.858268 0.0944882 
vn 0.188976 -0.614173 0.76378 
vn 0.716535 -0.677165 0.149606 
vn 0.708661 -0.377953 -0.598425 
vn 0.338583 -0.440945 0.834646 
vn 0.897638 -0.393701 0.212598 
vn 0.440945 -0.385827 0.811024 
vn 0.889764 -0.409449 0.204724 
vn 0.653543 -0.748031 0.110236 
vn -0.984252 -0.15748 0.0629921 
vn -0.574803 0.0787402 -0.811024 
vn -0.984252 -0.15748 0.0629921 
vn -0.574803 0.0787402 -0.818898 
vn -0.574803 0.0787402 -0.818898 
vn -0.984252 -0.15748 0.0629921 
vn -0.417323 -0.19685 0.889764 
vn -0.417323 -0.19685 0.889764 
vn -0.417323 -0.19685 0.889764 
vn 0.566929 -0.00787402 0.826772 
vn 0.559055 -0.00787402 0.826772 
vn 0.566929 -0.00787402 0.826772 
vn 0.968504 0.23622 -0.0551181 
vn 0.968504 0.228346 -0.0551181 
vn 0.968504 0.23622 -0.0551181 
vn 0.401575 0.275591 -0.874016 
vn 0.401575 0.275591 -0.874016 
vn 0.401575 0.275591 -0.874016 
vn -0.574803 0.0787402 -0.818898 
vn -0.574803 0.0787402 -0.818898 
vn -0.574803 0.0787402 -0.811024 
vn -0.984252 -0.165354 0.0787402 
vn -0.622047 0.362205 -0.692913 
vn -0.984252 -0.165354 0.0787402 
vn -0.622047 0.362205 -0.692913 
vn -0.622047 0.354331 -0.700787 
vn -0.362205 -0.496063 0.787402 
vn -0.362205 -0.496063 0.787402 
vn -0.984252 -0.15748 0.0708661 
vn -0.622047 0.338583 -0.708661 
vn -0.984252 -0.15748 0.0787402 
vn -0.370079 -0.464567 0.80315 
vn 0.614173 -0.299213 0.724409 
vn -0.370079 -0.480315 0.795276 
vn 0.606299 -0.267717 0.748031 
vn 0.614173 -0.283465 0.740157 
vn 0.968504 0.228346 -0.0393701 
vn 0.614173 -0.299213 0.732283 
vn 0.968504 0.23622 -0.0472441 
vn 0.976378 0.228346 -0.0393701 
vn 0.968504 0.228346 -0.0472441 
vn 0.346457 0.559055 -0.748031 
vn 0.354331 0.559055 -0.748031 
vn -0.622047 0.362205 -0.692913 
vn -0.622047 0.362205 -0.692913 
vn -0.622047 0.354331 -0.700787 
vn 0.354331 0.543307 -0.76378 
vn 0.354331 0.535433 -0.76378 
vn -0.622047 0.338583 -0.708661 
vn -0.559055 -0.80315 -0.204724 
vn -0.590551 -0.80315 -0.0866142 
vn -0.779528 -0.614173 -0.110236 
vn -0.299213 -0.944882 -0.11811 
vn -0.314961 -0.944882 -0.0551181 
vn 0.0472441 -1 0 
vn -0.787402 -0.614173 0.0472441 
vn -0.889764 -0.448819 -0.125984 
vn -0.889764 -0.448819 0.0551181 
vn -0.590551 -0.80315 0.0393701 
vn -0.322835 -0.944882 0.015748 
vn 0.0472441 -1 0 
vn -0.307087 -0.944882 0.0866142 
vn 0.0472441 -1 0 
vn -0.574803 -0.80315 0.15748 
vn -0.76378 -0.614173 0.204724 
vn -0.283465 -0.944882 0.15748 
vn 0.0472441 -1 0 
vn -0.527559 -0.80315 0.275591 
vn -0.866142 -0.448819 0.228346 
vn -0.708661 -0.614173 0.354331 
vn -0.952756 -0.307087 0.0551181 
vn -0.944882 -0.307087 -0.125984 
vn -0.92126 -0.307087 0.244094 
vn -0.976378 -0.212598 0.0629921 
vn -0.80315 -0.440945 0.393701 
vn -0.944882 -0.212598 0.251969 
vn -0.622047 -0.614173 0.488189 
vn -0.858268 -0.299213 0.417323 
vn -0.708661 -0.440945 0.551181 
vn -0.464567 -0.80315 0.377953 
vn -0.511811 -0.606299 0.606299 
vn 0.023622 0.968504 -0.259843 
vn 0.023622 0.968504 -0.259843 
vn 0.023622 0.968504 -0.259843 
vn 0.023622 0.968504 -0.259843 
vn 0.0551181 0.968504 0.251969 
vn 0.0551181 0.968504 0.251969 
vn 0.0551181 0.968504 0.251969 
vn 0.0551181 0.968504 0.251969 
vn -0.149606 0.976378 0.149606 
vn -0.165354 0.976378 0.125984 
vn -0.149606 0.976378 0.15748 
vn -0.165354 0.968504 0.173228 
vn -0.173228 0.968504 0.173228 
vn -0.173228 0.976378 0.11811 
vn -0.212598 0.968504 0.125984 
vn -0.204724 0.968504 0.125984 
vn -0.220472 0.96063 0.15748 
vn -0.220472 0.96063 0.165354 
vn -0.204724 0.96063 0.181102 
vn -0.19685 0.96063 0.173228 
vn -0.165354 0.968504 0.173228 
vn -0.173228 0.968504 0.173228 
vn 0.968504 0.259843 -0.0472441 
vn 0.582677 0.0629921 0.811024 
vn 0.574803 0.0629921 0.811024 
vn -0.456693 -0.141732 0.874016 
vn 0.968504 0.259843 -0.0551181 
vn -0.464567 -0.149606 0.874016 
vn 0.433071 0.291339 -0.850394 
vn -0.992126 -0.133858 0.0629921 
vn 0.433071 0.291339 -0.858268 
vn -0.606299 0.0787402 -0.795276 
vn -0.606299 0.0787402 -0.787402 
vn -0.992126 -0.133858 0.0708661 
vn -0.606299 0.0787402 -0.795276 
vn -0.606299 0.0787402 -0.787402 
vn -0.0708661 0.897638 0.425197 
vn -0.110236 0.92126 0.370079 
vn -0.0787402 0.889764 0.448819 
vn -0.11811 0.874016 0.464567 
vn -0.11811 0.874016 0.464567 
vn -0.11811 0.929134 0.354331 
vn -0.212598 0.905512 0.377953 
vn -0.204724 0.905512 0.362205 
vn -0.228346 0.866142 0.440945 
vn -0.212598 0.866142 0.456693 
vn -0.173228 0.866142 0.472441 
vn -0.173228 0.866142 0.472441 
vn -0.11811 0.874016 0.464567 
vn -0.11811 0.874016 0.464567 
vn 0.370079 0.559055 -0.740157 
vn 0.393701 0.559055 -0.732283 
vn 0.96063 0.267717 -0.0472441 
vn -0.637795 0.354331 -0.685039 
vn -0.661417 0.346457 -0.669291 
vn 0.968504 0.251969 -0.015748 
vn 0.622047 -0.220472 0.748031 
vn 0.637795 -0.212598 0.740157 
vn -0.417323 -0.425197 0.80315 
vn -0.401575 -0.425197 0.811024 
vn -0.984252 -0.141732 0.102362 
vn -0.992126 -0.125984 0.0708661 
vn -0.661417 0.346457 -0.669291 
vn -0.637795 0.354331 -0.685039 
vn 0.023622 0.968504 -0.259843 
vn 0.023622 0.968504 -0.259843 
vn 0.023622 0.968504 -0.259843 
vn 0.023622 0.968504 -0.259843 
vn 0.023622 0.968504 -0.259843 
vn 0.023622 0.968504 -0.259843 
vn 0.0551181 0.968504 0.251969 
vn 0.0551181 0.968504 0.251969 
vn 0.0551181 0.968504 0.251969 
vn 0.0551181 0.968504 0.251969 
vn 0.0551181 0.968504 0.251969 
vn 0.0551181 0.968504 0.251969 
vn 0.559055 0.00787402 0.826772 
vn 0.976378 0.228346 -0.0629921 
vn 0.976378 0.220472 -0.0551181 
vn 0.409449 0.244094 -0.88189 
vn 0.409449 0.228346 -0.88189 
vn -0.566929 0.0472441 -0.818898 
vn -0.566929 0.0393701 -0.826772 
vn 0.409449 0.220472 -0.88189 
vn -0.566929 0.023622 -0.826772 
vn 0.968504 0.228346 -0.0629921 
vn 0.559055 0.023622 0.826772 
vn 0.559055 0.0314961 0.826772 
vn -0.425197 -0.165354 0.889764 
vn -0.425197 -0.173228 0.889764 
vn -0.417323 -0.188976 0.889764 
vn -0.984252 -0.165354 0.0629921 
vn -0.984252 -0.165354 0.0629921 
vn -0.984252 -0.165354 0.0551181 
vn -0.566929 0.023622 -0.826772 
vn -0.566929 0.0393701 -0.826772 
vn -0.566929 0.0472441 -0.818898 
vn 0.614173 -0.267717 0.740157 
vn 0.968504 0.228346 -0.0551181 
vn 0.968504 0.228346 -0.0551181 
vn 0.614173 -0.244094 0.748031 
vn -0.377953 -0.448819 0.811024 
vn 0.354331 0.519685 -0.779528 
vn 0.354331 0.503937 -0.787402 
vn -0.614173 0.307087 -0.724409 
vn -0.614173 0.330709 -0.716535 
vn 0.362205 0.535433 -0.76378 
vn -0.629921 0.338583 -0.700787 
vn 0.976378 0.220472 -0.0314961 
vn 0.606299 -0.291339 0.740157 
vn -0.370079 -0.464567 0.80315 
vn -0.362205 -0.488189 0.795276 
vn -0.984252 -0.173228 0.0866142 
vn -0.984252 -0.165354 0.0708661 
vn -0.984252 -0.165354 0.0629921 
vn -0.614173 0.307087 -0.724409 
vn -0.614173 0.330709 -0.716535 
vn -0.629921 0.338583 -0.700787 
vn -0.149606 0.984252 0.110236 
vn -0.173228 0.984252 0.0944882 
vn -0.141732 0.984252 0.110236 
vn -0.165354 0.976378 0.149606 
vn -0.165354 0.976378 0.149606 
vn -0.181102 0.976378 0.0944882 
vn -0.204724 0.976378 0.0944882 
vn -0.204724 0.976378 0.0944882 
vn -0.228346 0.968504 0.11811 
vn -0.23622 0.968504 0.110236 
vn -0.212598 0.968504 0.149606 
vn -0.204724 0.968504 0.149606 
vn -0.165354 0.976378 0.149606 
vn -0.165354 0.976378 0.149606 
vn 0.96063 0.275591 -0.0393701 
vn 0.440945 0.244094 -0.866142 
vn 0.440945 0.244094 -0.866142 
vn -0.598425 0.0314961 -0.795276 
vn -0.598425 0.0393701 -0.80315 
vn 0.96063 0.275591 -0.0629921 
vn 0.566929 0.141732 0.811024 
vn 0.551181 0.141732 0.818898 
vn -0.464567 -0.0629921 0.88189 
vn -0.480315 -0.0629921 0.874016 
vn -0.992126 -0.11811 0.0551181 
vn -0.992126 -0.11811 0.0787402 
vn -0.598425 0.0314961 -0.795276 
vn -0.598425 0.0393701 -0.80315 
vn -0.165354 0.913386 0.377953 
vn -0.149606 0.913386 0.385827 
vn -0.165354 0.905512 0.385827 
vn -0.15748 0.913386 0.377953 
vn -0.228346 0.889764 0.393701 
vn -0.228346 0.874016 0.433071 
vn -0.228346 0.92126 0.314961 
vn -0.212598 0.929134 0.299213 
vn -0.125984 0.944882 0.291339 
vn -0.110236 0.944882 0.307087 
vn -0.0866142 0.92126 0.385827 
vn -0.0787402 0.905512 0.425197 
vn -0.149606 0.913386 0.385827 
vn -0.15748 0.913386 0.377953 
vn 0.96063 0.267717 -0.0551181 
vn 0.614173 -0.173228 0.76378 
vn 0.629921 -0.165354 0.755906 
vn -0.409449 -0.377953 0.826772 
vn 0.968504 0.251969 -0.023622 
vn -0.425197 -0.377953 0.818898 
vn 0.401575 0.519685 -0.755906 
vn -0.984252 -0.141732 0.102362 
vn 0.370079 0.519685 -0.771654 
vn -0.629921 0.322835 -0.708661 
vn -0.653543 0.307087 -0.692913 
vn -0.992126 -0.125984 0.0629921 
vn -0.653543 0.307087 -0.692913 
vn -0.629921 0.322835 -0.708661 
vn 0.417323 0.173228 -0.889764 
vn 0.417323 0.181102 -0.889764 
vn 0.968504 0.228346 -0.0629921 
vn -0.559055 -0.023622 -0.834646 
vn -0.559055 -0.015748 -0.826772 
vn -0.559055 0 -0.826772 
vn 0.417323 0.19685 -0.889764 
vn 0.968504 0.23622 -0.0629921 
vn 0.968504 0.244094 -0.0629921 
vn 0.543307 0.0866142 0.834646 
vn 0.543307 0.0866142 0.834646 
vn 0.543307 0.0944882 0.834646 
vn -0.433071 -0.110236 0.889764 
vn -0.433071 -0.102362 0.897638 
vn -0.433071 -0.102362 0.897638 
vn -0.984252 -0.149606 0.0551181 
vn -0.984252 -0.15748 0.0629921 
vn -0.984252 -0.165354 0.0629921 
vn -0.559055 -0.023622 -0.834646 
vn -0.559055 -0.015748 -0.826772 
vn -0.559055 0 -0.826772 
vn 0.968504 0.228346 -0.0472441 
vn 0.968504 0.23622 -0.0472441 
vn 0.598425 -0.181102 0.779528 
vn 0.590551 -0.165354 0.787402 
vn -0.385827 -0.362205 0.850394 
vn 0.370079 0.448819 -0.811024 
vn 0.370079 0.433071 -0.818898 
vn -0.606299 0.23622 -0.76378 
vn -0.606299 0.259843 -0.755906 
vn 0.370079 0.472441 -0.80315 
vn -0.614173 0.275591 -0.740157 
vn 0.968504 0.23622 -0.0393701 
vn 0.598425 -0.188976 0.779528 
vn -0.377953 -0.385827 0.84252 
vn -0.385827 -0.377953 0.84252 
vn -0.984252 -0.15748 0.0787402 
vn -0.984252 -0.15748 0.0708661 
vn -0.984252 -0.15748 0.0708661 
vn -0.606299 0.23622 -0.76378 
vn -0.606299 0.259843 -0.755906 
vn -0.614173 0.275591 -0.740157 
vn 0.535433 0.19685 0.818898 
vn -0.496063 -0.00787402 0.866142 
vn -0.472441 0 0.88189 
vn -0.992126 -0.11811 0.0787402 
vn 0.559055 0.204724 0.80315 
vn -0.992126 -0.11811 0.0472441 
vn -0.590551 -0.0314961 -0.80315 
vn -0.582677 -0.0314961 -0.811024 
vn 0.96063 0.275591 -0.0393701 
vn 0.96063 0.267717 -0.0787402 
vn 0.448819 0.181102 -0.874016 
vn 0.456693 0.181102 -0.874016 
vn -0.582677 -0.0314961 -0.811024 
vn -0.590551 -0.0314961 -0.80315 
vn -0.141732 0.984252 0.0551181 
vn -0.173228 0.984252 0.0393701 
vn -0.141732 0.992126 0.0472441 
vn -0.15748 0.984252 0.0944882 
vn -0.165354 0.984252 0.102362 
vn -0.181102 0.984252 0.0393701 
vn -0.212598 0.976378 0.0393701 
vn -0.204724 0.976378 0.0393701 
vn -0.244094 0.968504 0.0629921 
vn -0.244094 0.968504 0.0551181 
vn -0.220472 0.968504 0.102362 
vn -0.212598 0.968504 0.102362 
vn -0.15748 0.984252 0.0944882 
vn -0.165354 0.984252 0.102362 
vn 0.448819 -0.023622 0.889764 
vn 0.606299 -0.125984 0.779528 
vn 0.606299 -0.00787402 0.795276 
vn 0.748031 -0.11811 0.645669 
vn 0.740157 -0.220472 0.637795 
vn 0.448819 -0.141732 0.88189 
vn 0.267717 -0.0472441 0.96063 
vn 0.598425 -0.228346 0.76378 
vn 0.708661 -0.370079 0.598425 
vn 0.259843 -0.149606 0.952756 
vn 0.0708661 -0.165354 0.984252 
vn 0.440945 -0.244094 0.866142 
vn 0.574803 -0.377953 0.724409 
vn 0.637795 -0.551181 0.535433 
vn 0.259843 -0.251969 0.929134 
vn 0.0708661 -0.259843 0.96063 
vn 0.425197 -0.385827 0.818898 
vn 0.251969 -0.393701 0.88189 
vn 0.0787402 -0.409449 0.913386 
vn 0.527559 -0.559055 0.645669 
vn 0.385827 -0.566929 0.732283 
vn 0.23622 -0.574803 0.787402 
vn 0.0787402 -0.582677 0.811024 
vn 0.417323 -0.76378 0.496063 
vn 0.314961 -0.76378 0.559055 
vn 0.19685 -0.771654 0.606299 
vn 0.0787402 -0.779528 0.622047 
vn 0.0708661 -0.929134 0.362205 
vn 0.141732 -0.929134 0.346457 
vn 0.0472441 -1 0 
vn 0.204724 -0.92126 0.322835 
vn 0.0472441 -1 0 
vn 0.267717 -0.92126 0.283465 
vn 0.0472441 -1 0 
vn 0.511811 -0.755906 0.409449 
vn 0.732283 -0.543307 0.409449 
vn 0.582677 -0.748031 0.314961 
vn 0.322835 -0.913386 0.23622 
vn 0.0472441 -1 0 
vn 0.362205 -0.913386 0.181102 
vn 0.0472441 -1 0 
vn 0.637795 -0.748031 0.19685 
vn 0.393701 -0.913386 0.11811 
vn 0.0472441 -1 0 
vn -0.0944882 0.929134 0.354331 
vn -0.15748 0.929134 0.330709 
vn -0.102362 0.937008 0.330709 
vn -0.165354 0.929134 0.330709 
vn -0.125984 0.96063 0.259843 
vn -0.133858 0.96063 0.251969 
vn -0.228346 0.937008 0.267717 
vn -0.212598 0.944882 0.259843 
vn -0.228346 0.913386 0.338583 
vn -0.228346 0.905512 0.362205 
vn -0.173228 0.929134 0.330709 
vn -0.165354 0.929134 0.330709 
vn -0.15748 0.929134 0.330709 
vn -0.165354 0.929134 0.330709 
vn -0.0708661 -0.259843 -0.96063 
vn -0.0708661 -0.259843 -0.96063 
vn -0.0708661 -0.259843 -0.96063 
vn -0.0708661 -0.259843 -0.96063 
vn -0.0708661 -0.259843 -0.96063 
vn -0.0708661 -0.259843 -0.96063 
vn -0.448819 -0.0393701 -0.897638 
vn -0.251969 -0.133858 -0.96063 
vn -0.433071 -0.133858 -0.889764 
vn -0.267717 -0.0393701 -0.96063 
vn -0.456693 0.0708661 -0.889764 
vn -0.0629921 -0.0314961 -1 
vn -0.275591 0.0944882 -0.952756 
vn -0.472441 0.133858 -0.874016 
vn -0.629921 0.0944882 -0.771654 
vn -0.291339 0.173228 -0.937008 
vn -0.0708661 0.110236 -0.992126 
vn -0.0944882 0.212598 -0.976378 
vn 0.141732 0.125984 -0.984252 
vn -0.622047 0.0472441 -0.779528 
vn 0.15748 -0.00787402 -0.984252 
vn 0.330709 0.015748 -0.944882 
vn 0.149606 -0.0944882 -0.984252 
vn -0.0551181 -0.11811 -0.992126 
vn -0.0551181 -0.165354 -0.984252 
vn -0.244094 -0.173228 -0.952756 
vn -0.425197 -0.181102 -0.88189 
vn -0.23622 -0.267717 -0.937008 
vn -0.417323 -0.275591 -0.866142 
vn -0.0472441 -0.259843 -0.968504 
vn 0.141732 -0.251969 -0.96063 
vn 0.141732 -0.393701 -0.905512 
vn -0.212598 -0.417323 -0.88189 
vn -0.0393701 -0.409449 -0.913386 
vn 0.141732 -0.574803 -0.811024 
vn 0.299213 -0.566929 -0.771654 
vn 0.244094 -0.76378 -0.598425 
vn -0.385827 -0.425197 -0.818898 
vn 0.125984 -0.771654 -0.622047 
vn 0.0944882 -0.929134 -0.362205 
vn -0.023622 -0.582677 -0.811024 
vn -0.181102 -0.590551 -0.787402 
vn -0.330709 -0.598425 -0.732283 
vn 0.023622 -0.929134 -0.362205 
vn 0.0472441 -1 0 
vn 0 -0.779528 -0.629921 
vn -0.125984 -0.787402 -0.606299 
vn -0.0472441 -0.937008 -0.354331 
vn 0.0472441 -1 0 
vn -0.23622 -0.787402 -0.566929 
vn -0.11811 -0.937008 -0.330709 
vn 0.0472441 -1 0 
vn -0.173228 -0.937008 -0.291339 
vn 0.0472441 -1 0 
vn -0.346457 -0.795276 -0.503937 
vn -0.464567 -0.598425 -0.645669 
vn -0.228346 -0.944882 -0.244094 
vn 0.0472441 -1 0 
vn -0.433071 -0.795276 -0.417323 
vn -0.535433 -0.433071 -0.724409 
vn -0.582677 -0.606299 -0.535433 
vn -0.275591 -0.944882 -0.188976 
vn 0.0472441 -1 0 
vn -0.503937 -0.80315 -0.314961 
vn 0.0472441 -1 0 
vn -0.574803 -0.283465 -0.76378 
vn -0.669291 -0.433071 -0.606299 
vn -0.590551 -0.188976 -0.779528 
vn -0.716535 -0.291339 -0.637795 
vn -0.771654 -0.440945 -0.456693 
vn -0.826772 -0.299213 -0.480315 
vn -0.677165 -0.614173 -0.409449 
vn -0.850394 -0.440945 -0.291339 
vn -0.897638 -0.299213 -0.314961 
vn -0.740157 -0.614173 -0.267717 
vn -0.480315 -0.779528 0.401575 
vn 0.00787402 -0.929134 0.362205 
vn -0.244094 -0.559055 0.795276 
vn -0.362205 -0.92126 -0.133858 
vn 0.251969 -0.944882 -0.19685 
vn 0.551181 -0.795276 0.244094 
vn -0.110236 -0.787402 -0.606299 
vn 0.346457 -0.598425 0.724409 
vn 0.834646 -0.377953 0.401575 
vn -0.590551 -0.559055 -0.582677 
vn -0.133858 -0.362205 -0.92126 
vn -0.590551 0.015748 -0.811024 
vn -0.834646 -0.543307 -0.015748 
vn -0.889764 -0.165354 -0.425197 
vn -0.84252 0.385827 -0.385827 
vn -0.771654 -0.322835 0.551181 
vn -0.992126 0.0393701 0.102362 
vn -0.771654 0.614173 0.181102 
vn -0.503937 0.818898 -0.283465 
vn -0.251969 0.944882 0.19685 
vn -0.811024 0.244094 0.527559 
vn -0.409449 0.598425 0.685039 
vn 0.110236 0.787402 0.606299 
vn -0.401575 0.023622 0.913386 
vn 0.133858 0.362205 0.92126 
vn 0.125984 -0.188976 0.976378 
vn 0.590551 -0.015748 0.811024 
vn 0.590551 0.559055 0.582677 
vn 0.96063 0.275591 -0.0629921 
vn 0.370079 0.511811 -0.779528 
vn 0.409449 0.503937 -0.76378 
vn -0.622047 0.307087 -0.716535 
vn -0.653543 0.291339 -0.692913 
vn 0.968504 0.251969 -0.015748 
vn 0.614173 -0.165354 0.771654 
vn 0.637795 -0.149606 0.755906 
vn -0.433071 -0.370079 0.826772 
vn -0.401575 -0.370079 0.834646 
vn -0.984252 -0.141732 0.110236 
vn -0.992126 -0.11811 0.0551181 
vn -0.653543 0.291339 -0.692913 
vn -0.622047 0.307087 -0.716535 
vn 0.0472441 -0.259843 0.968504 
vn 0.0472441 -0.259843 0.968504 
vn 0.0472441 -0.259843 0.968504 
vn 0.0472441 -0.259843 0.968504 
vn 0.0472441 -0.259843 0.968504 
vn 0.0472441 -0.259843 0.968504 
vn -0.448819 -0.0472441 0.889764 
vn 0.535433 0.133858 0.834646 
vn -0.440945 -0.0629921 0.897638 
vn -0.984252 -0.149606 0.0629921 
vn -0.543307 -0.0708661 -0.834646 
vn -0.551181 -0.0393701 -0.834646 
vn -0.984252 -0.15748 0.0472441 
vn -0.543307 -0.102362 -0.834646 
vn -0.984252 -0.15748 0.0629921 
vn -0.448819 -0.023622 0.889764 
vn 0.535433 0.15748 0.834646 
vn 0.519685 0.173228 0.834646 
vn 0.968504 0.23622 -0.0551181 
vn 0.968504 0.23622 -0.0708661 
vn 0.968504 0.244094 -0.0551181 
vn 0.425197 0.15748 -0.889764 
vn 0.425197 0.125984 -0.897638 
vn 0.440945 0.0944882 -0.889764 
vn -0.543307 -0.102362 -0.834646 
vn -0.543307 -0.0708661 -0.834646 
vn -0.551181 -0.0393701 -0.834646 
vn -0.244094 -0.944882 0.220472 
vn 0.0472441 -1 0 
vn -0.377953 -0.795276 0.464567 
vn -0.19685 -0.944882 0.267717 
vn 0.0472441 -1 0 
vn -0.385827 -0.598425 0.700787 
vn -0.283465 -0.795276 0.535433 
vn -0.141732 -0.937008 0.314961 
vn 0.0472441 -1 0 
vn -0.23622 -0.598425 0.76378 
vn -0.165354 -0.787402 0.590551 
vn -0.0708661 -0.937008 0.338583 
vn 0.0472441 -1 0 
vn -0.0866142 -0.590551 0.80315 
vn -0.0472441 -0.787402 0.622047 
vn -0.00787402 -0.937008 0.354331 
vn 0.0472441 -1 0 
vn 0.0787402 -0.582677 0.811024 
vn 0.0787402 -0.779528 0.622047 
vn 0.0708661 -0.929134 0.362205 
vn 0.0472441 -1 0 
vn 0.0787402 -0.409449 0.913386 
vn -0.102362 -0.417323 0.905512 
vn 0.0708661 -0.259843 0.96063 
vn -0.283465 -0.425197 0.858268 
vn -0.11811 -0.267717 0.952756 
vn 0.0708661 -0.165354 0.984252 
vn -0.125984 -0.173228 0.976378 
vn -0.307087 -0.275591 0.913386 
vn -0.314961 -0.181102 0.929134 
vn -0.440945 -0.433071 0.787402 
vn -0.480315 -0.283465 0.826772 
vn -0.496063 -0.188976 0.850394 
vn -0.590551 -0.433071 0.677165 
vn -0.629921 -0.291339 0.716535 
vn -0.645669 -0.19685 0.732283 
vn -0.755906 -0.299213 0.582677 
vn -0.779528 -0.204724 0.590551 
vn -0.80315 -0.0787402 0.590551 
vn -0.88189 -0.204724 0.425197 
vn -0.905512 -0.0708661 0.417323 
vn -0.92126 -0.00787402 0.393701 
vn -0.968504 -0.0629921 0.23622 
vn -0.976378 -0.00787402 0.220472 
vn -0.992126 -0.0629921 0.0629921 
vn -0.968504 -0.0708661 0.244094 
vn -0.992126 -0.0787402 0.0629921 
vn -1 -0.0314961 0.0708661 
vn -1 -0.015748 0.0629921 
vn -0.968504 -0.212598 -0.133858 
vn -0.992126 -0.0787402 -0.11811 
vn -0.929134 -0.204724 -0.314961 
vn -0.992126 -0.023622 -0.102362 
vn -0.944882 -0.102362 -0.299213 
vn -0.84252 -0.204724 -0.496063 
vn -0.992126 -0.0629921 -0.110236 
vn -0.96063 -0.0393701 -0.283465 
vn -0.866142 -0.11811 -0.480315 
vn -0.732283 -0.19685 -0.645669 
vn -0.992126 -0.023622 -0.11811 
vn -0.992126 0.0787402 -0.110236 
vn -0.952756 0.0944882 -0.291339 
vn -0.952756 -0.0314961 -0.299213 
vn -0.952756 0 -0.307087 
vn -0.88189 -0.0393701 -0.464567 
vn -0.88189 -0.00787402 -0.480315 
vn -0.874016 0.023622 -0.480315 
vn -0.748031 -0.133858 -0.645669 
vn -0.76378 -0.0393701 -0.645669 
vn -0.606299 -0.133858 -0.787402 
vn -0.614173 -0.0393701 -0.787402 
vn -0.76378 0.023622 -0.645669 
vn -0.771654 0.0629921 -0.637795 
vn -0.771654 0.15748 -0.614173 
vn -0.874016 0.125984 -0.464567 
vn -0.76378 0.299213 -0.574803 
vn -0.866142 0.267717 -0.433071 
vn -0.661417 -0.645669 0.385827 
vn -0.76378 -0.598425 -0.251969 
vn -0.275591 -0.937008 -0.212598 
vn -0.11811 -0.834646 0.535433 
vn -0.401575 -0.464567 0.787402 
vn 0.314961 -0.952756 -0.00787402 
vn -0.80315 -0.259843 0.543307 
vn -0.275591 -0.0944882 0.96063 
vn -0.952756 -0.299213 -0.023622 
vn -0.92126 0.0472441 0.385827 
vn -0.566929 0.244094 0.787402 
vn 0.251969 -0.700787 -0.669291 
vn 0.811024 -0.551181 -0.188976 
vn -0.385827 -0.535433 -0.755906 
vn 0.0787402 -0.330709 -0.944882 
vn 0.606299 -0.220472 -0.76378 
vn -0.314961 -0.0944882 -0.944882 
vn 0.283465 0.0708661 -0.952756 
vn 0.92126 -0.0472441 -0.385827 
vn 0.779528 0.244094 -0.582677 
vn -0.771654 -0.23622 -0.598425 
vn -0.133858 0.385827 -0.913386 
vn 0.417323 0.464567 -0.779528 
vn 0.11811 0.834646 -0.535433 
vn -0.692913 0.15748 -0.708661 
vn -0.590551 0.653543 -0.472441 
vn -0.307087 0.952756 0.00787402 
vn -0.968504 0.0944882 -0.212598 
vn -0.834646 0.511811 0.181102 
vn -0.251969 0.740157 0.622047 
vn -0.110236 -0.787402 -0.606299 
vn 0.354331 -0.929134 -0.102362 
vn -0.244094 -0.96063 0.102362 
vn 0.84252 -0.527559 0.102362 
vn 0.291339 -0.76378 0.582677 
vn -0.653543 -0.637795 -0.409449 
vn -0.401575 -0.393701 -0.826772 
vn -0.818898 -0.251969 -0.519685 
vn -0.354331 -0.0314961 -0.937008 
vn -0.937008 -0.346457 0.0472441 
vn -0.692913 -0.677165 0.251969 
vn -0.944882 0.0393701 -0.330709 
vn -0.653543 0.259843 -0.708661 
vn -0.259843 -0.606299 0.748031 
vn -0.724409 -0.322835 0.606299 
vn 0.15748 -0.377953 0.913386 
vn 0.622047 -0.283465 0.732283 
vn -0.259843 -0.19685 0.944882 
vn 0.330709 0 0.944882 
vn -0.96063 0.0314961 0.267717 
vn -0.653543 0.0551181 0.748031 
vn -0.102362 0.299213 0.952756 
vn 0.440945 0.417323 0.795276 
vn 0.795276 0.228346 0.559055 
vn 0.110236 0.787402 0.606299 
vn -0.590551 0.574803 0.559055 
vn -0.354331 0.929134 0.0944882 
vn -0.866142 0.488189 -0.0944882 
vn -0.346457 0.76378 -0.543307 
vn 0.582677 -0.110236 0.80315 
vn -0.393701 -0.307087 0.866142 
vn 0.582677 -0.110236 0.80315 
vn 0.968504 0.23622 -0.0472441 
vn -0.393701 -0.307087 0.866142 
vn -0.401575 -0.314961 0.866142 
vn 0.582677 -0.11811 0.80315 
vn -0.984252 -0.149606 0.0708661 
vn 0.968504 0.23622 -0.0472441 
vn 0.968504 0.244094 -0.0472441 
vn 0.377953 0.401575 -0.834646 
vn 0.377953 0.393701 -0.834646 
vn 0.385827 0.377953 -0.84252 
vn -0.598425 0.212598 -0.771654 
vn -0.598425 0.181102 -0.779528 
vn -0.598425 0.19685 -0.779528 
vn -0.598425 0.19685 -0.779528 
vn -0.598425 0.212598 -0.771654 
vn -0.984252 -0.15748 0.0708661 
vn -0.598425 0.181102 -0.779528 
vn -0.984252 -0.15748 0.0708661 
vn -0.0551181 -0.968504 -0.251969 
vn -0.0551181 -0.968504 -0.251969 
vn -0.0551181 -0.968504 -0.251969 
vn -0.0551181 -0.968504 -0.251969 
vn -0.0551181 -0.968504 -0.251969 
vn -0.0551181 -0.968504 -0.251969 
vn -0.023622 -0.968504 0.259843 
vn -0.023622 -0.968504 0.259843 
vn -0.023622 -0.968504 0.259843 
vn -0.023622 -0.968504 0.259843 
vn -0.023622 -0.968504 0.259843 
vn -0.023622 -0.968504 0.259843 
vn -0.984252 -0.149606 0.102362 
vn -0.929134 -0.11811 -0.346457 
vn -0.826772 -0.511811 -0.228346 
vn -0.590551 -0.80315 0.0551181 
vn -0.629921 -0.732283 -0.251969 
vn -0.582677 -0.574803 -0.574803 
vn -0.748031 -0.637795 0.188976 
vn -0.614173 -0.637795 0.464567 
vn -0.700787 -0.299213 -0.645669 
vn -0.377953 -0.322835 -0.866142 
vn -0.677165 -0.023622 -0.732283 
vn -0.826772 -0.385827 0.401575 
vn -0.629921 -0.464567 0.622047 
vn -0.519685 -0.251969 0.811024 
vn -0.755906 -0.188976 0.629921 
vn -0.322835 0.0866142 0.944882 
vn -0.551181 0.0944882 0.826772 
vn -0.362205 0.464567 0.811024 
vn -0.858268 0.133858 0.488189 
vn -0.96063 0.212598 0.181102 
vn -0.606299 0.637795 0.472441 
vn -0.149606 0.740157 0.653543 
vn -0.456693 0.858268 0.23622 
vn -0.614173 0.787402 -0.0551181 
vn -0.346457 0.858268 -0.370079 
vn -0.165354 0.968504 0.181102 
vn -0.472441 0.598425 -0.653543 
vn -0.866142 0.472441 -0.173228 
vn -0.992126 0.0629921 -0.0944882 
vn -0.834646 0.125984 -0.535433 
vn -0.511811 0.307087 -0.80315 
vn -0.582677 -0.0551181 -0.811024 
vn 0.456693 0.149606 -0.874016 
vn 0.456693 0.149606 -0.874016 
vn -0.574803 -0.0551181 -0.811024 
vn 0.96063 0.267717 -0.0551181 
vn 0.96063 0.267717 -0.0708661 
vn 0.551181 0.220472 0.80315 
vn 0.543307 0.212598 0.811024 
vn -0.480315 0.00787402 0.874016 
vn -0.496063 0.00787402 0.866142 
vn -0.992126 -0.125984 0.0472441 
vn -0.992126 -0.125984 0.0629921 
vn -0.582677 -0.0551181 -0.811024 
vn -0.574803 -0.0551181 -0.811024 
vn -0.141732 0.992126 -0.023622 
vn -0.141732 0.984252 0.0629921 
vn -0.141732 0.992126 -0.00787402 
vn -0.15748 0.984252 0.0708661 
vn -0.188976 0.984252 0.00787402 
vn -0.19685 0.984252 0.00787402 
vn -0.19685 0.984252 0.00787402 
vn -0.19685 0.976378 0.00787402 
vn -0.251969 0.968504 0 
vn -0.259843 0.968504 -0.015748 
vn -0.23622 0.968504 0.0708661 
vn -0.228346 0.968504 0.0787402 
vn -0.141732 0.984252 0.0629921 
vn -0.15748 0.984252 0.0708661 
vn -0.535433 -0.716535 -0.440945 
vn -0.811024 -0.23622 -0.535433 
vn -0.314961 -0.472441 -0.826772 
vn -0.858268 -0.503937 0.015748 
vn -0.0551181 -0.889764 -0.448819 
vn -0.401575 -0.913386 0.0708661 
vn 0.212598 -0.968504 0.102362 
vn 0.472441 -0.811024 -0.354331 
vn -0.11811 -0.834646 0.543307 
vn 0.299213 -0.527559 -0.795276 
vn 0.811024 -0.393701 -0.440945 
vn -0.582677 -0.582677 0.559055 
vn -0.110236 -0.433071 0.889764 
vn -0.543307 -0.0314961 0.834646 
vn -0.874016 -0.165354 0.456693 
vn -0.992126 0.0866142 -0.0393701 
vn -0.80315 0.385827 0.464567 
vn -0.283465 0.543307 0.787402 
vn -0.472441 0.811024 0.354331 
vn -0.748031 0.661417 -0.0866142 
vn -0.212598 0.968504 -0.102362 
vn -0.826772 0.322835 -0.464567 
vn -0.409449 0.677165 -0.606299 
vn 0.11811 0.834646 -0.543307 
vn 0.0866142 0.440945 -0.897638 
vn -0.448819 0.125984 -0.88189 
vn 0.0629921 -0.0708661 -0.992126 
vn 0.543307 0.0314961 -0.834646 
vn -0.220472 0.952756 0.204724 
vn -0.220472 0.929134 0.283465 
vn -0.228346 0.952756 0.212598 
vn -0.141732 0.968504 0.204724 
vn -0.228346 0.929134 0.299213 
vn -0.125984 0.968504 0.212598 
vn -0.173228 0.944882 0.267717 
vn -0.11811 0.952756 0.275591 
vn -0.173228 0.952756 0.259843 
vn -0.173228 0.944882 0.267717 
vn -0.181102 0.944882 0.259843 
vn -0.11811 0.944882 0.299213 
vn -0.173228 0.944882 0.267717 
vn -0.181102 0.944882 0.259843 
vn -0.622047 0.23622 -0.748031 
vn 0.417323 0.440945 -0.795276 
vn 0.385827 0.440945 -0.811024 
vn -0.645669 0.228346 -0.732283 
vn 0.96063 0.267717 -0.0629921 
vn 0.968504 0.259843 -0.023622 
vn 0.598425 -0.0866142 0.795276 
vn 0.614173 -0.0787402 0.779528 
vn -0.425197 -0.291339 0.858268 
vn -0.440945 -0.291339 0.850394 
vn -0.984252 -0.133858 0.0944882 
vn -0.992126 -0.125984 0.0551181 
vn -0.645669 0.228346 -0.732283 
vn -0.622047 0.23622 -0.748031 
vn -0.259843 -0.779528 -0.574803 
vn -0.291339 -0.858268 -0.417323 
vn -0.291339 -0.858268 -0.417323 
vn -0.314961 -0.929134 -0.188976 
vn -0.259843 -0.779528 -0.574803 
vn -0.244094 -0.748031 -0.614173 
vn -0.244094 -0.748031 -0.614173 
vn -0.314961 -0.929134 -0.19685 
vn -0.322835 -0.944882 -0.0314961 
vn -0.322835 -0.944882 -0.0314961 
vn -0.291339 -0.944882 0.133858 
vn -0.291339 -0.944882 0.133858 
vn -0.23622 -0.905512 0.346457 
vn -0.23622 -0.905512 0.346457 
vn -0.173228 -0.826772 0.535433 
vn -0.173228 -0.834646 0.527559 
vn -0.133858 -0.779528 0.606299 
vn -0.133858 -0.779528 0.606299 
vn 0.795276 -0.110236 -0.598425 
vn 0.897638 0.00787402 -0.440945 
vn 0.897638 -0.102362 -0.433071 
vn 0.968504 0.015748 -0.259843 
vn 0.787402 -0.220472 -0.582677 
vn 0.795276 -0.00787402 -0.598425 
vn 0.96063 -0.102362 -0.251969 
vn 0.96063 0.102362 -0.267717 
vn 0.88189 -0.212598 -0.417323 
vn 0.653543 -0.220472 -0.716535 
vn 1 0.015748 -0.0629921 
vn 0.669291 -0.11811 -0.740157 
vn 0.629921 -0.370079 -0.685039 
vn 0.748031 -0.362205 -0.551181 
vn 0.944882 -0.212598 -0.244094 
vn 0.574803 -0.551181 -0.606299 
vn 0.84252 -0.362205 -0.401575 
vn 0.677165 -0.543307 -0.496063 
vn 0.992126 -0.102362 -0.0629921 
vn 0.905512 -0.354331 -0.228346 
vn 0.76378 -0.543307 -0.354331 
vn 0.976378 -0.212598 -0.0629921 
vn 0.818898 -0.535433 -0.204724 
vn 0.929134 -0.354331 -0.0551181 
vn 0.968504 -0.212598 0.125984 
vn 0.929134 -0.354331 0.11811 
vn 0.984252 -0.102362 0.133858 
vn 0.88189 -0.362205 0.291339 
vn 0.929134 -0.212598 0.307087 
vn 0.992126 0.015748 0.125984 
vn 0.944882 -0.102362 0.314961 
vn 0.811024 -0.362205 0.456693 
vn 0.850394 -0.220472 0.480315 
vn 0.944882 0.015748 0.322835 
vn 0.866142 -0.110236 0.496063 
vn 0.76378 -0.645669 0.0472441 
vn 0.0787402 -1 -0.00787402 
vn 0.748031 -0.645669 -0.133858 
vn -0.00787402 -0.740157 -0.677165 
vn 0.0787402 -0.740157 0.669291 
vn 0.0787402 -1 -0.00787402 
vn 0.629921 -0.519685 -0.574803 
vn -0.0629921 -0.0314961 -1 
vn 0.692913 -0.519685 0.496063 
vn 0.0629921 -0.0314961 1 
vn 1 0.023622 0.023622 
vn 0.787402 0.00787402 0.614173 
vn 0.748031 0.314961 0.582677 
vn 0.0393701 0.330709 0.944882 
vn 0.992126 0.023622 -0.149606 
vn 0.708661 0.00787402 -0.708661 
vn 0.669291 0.314961 -0.669291 
vn -0.0708661 0.330709 -0.944882 
vn 0.929134 0.346457 -0.15748 
vn 0.480315 0.748031 -0.456693 
vn -0.0708661 0.84252 -0.535433 
vn 0.559055 0.818898 -0.125984 
vn -0.023622 1 0 
vn 0.937008 0.346457 0.0393701 
vn 0.566929 0.818898 0.0551181 
vn -0.023622 1 0 
vn -0.00787402 0.84252 0.543307 
vn 0.535433 0.748031 0.393701 
vn -0.0551181 0.0787402 -0.992126 
vn 0.748031 -0.299213 -0.590551 
vn -0.0629921 -0.149606 -0.984252 
vn 0.818898 -0.0787402 -0.574803 
vn 0.795276 -0.535433 0.291339 
vn 0.866142 -0.330709 0.377953 
vn 0.0393701 -0.425197 0.905512 
vn 0.023622 -0.622047 0.779528 
vn -0.0708661 -0.425197 -0.897638 
vn 0.755906 -0.535433 -0.385827 
vn -0.0708661 -0.622047 -0.779528 
vn 0.811024 -0.330709 -0.480315 
vn 0.88189 -0.0787402 0.464567 
vn 0.818898 -0.299213 0.496063 
vn 0.0629921 0.0787402 0.992126 
vn 0.0551181 -0.149606 0.984252 
vn 1 -0.0393701 -0.0629921 
vn 1 -0.0393701 -0.0629921 
vn 1 -0.0393701 -0.0629921 
vn 1 -0.0393701 -0.0629921 
vn 1 -0.0393701 -0.0629921 
vn 1 -0.0393701 -0.0629921 
vn 1 -0.0393701 -0.0629921 
vn 1 -0.0393701 -0.0629921 
vn 1 -0.0393701 -0.0629921 
vn 1 -0.0393701 -0.0629921 
vn 1 -0.0393701 -0.0629921 
vn 1 -0.0393701 -0.0629921 
vn 1 -0.0393701 -0.0629921 
vn 1 -0.0393701 -0.0629921 
vn 1 -0.0393701 -0.0629921 
vn 1 -0.0393701 -0.0629921 
vn 1 -0.0393701 -0.0629921 
vn 1 -0.0393701 -0.0629921 
vn 1 -0.0393701 -0.0629921 
vn 1 -0.0393701 -0.0629921 
vn 1 -0.0393701 -0.0629921 
vn 1 -0.0393701 -0.0629921 
vn 1 -0.0393701 -0.0629921 
vn 1 -0.0393701 -0.0629921 
vn -0.929134 0.322835 0.19685 
vn -0.913386 0.370079 0.173228 
vn -0.913386 0.314961 0.251969 
vn -0.905512 0.377953 0.204724 
vn -0.92126 0.370079 0.141732 
vn -0.937008 0.267717 0.244094 
vn -0.92126 0.267717 0.283465 
vn -0.952756 0.267717 0.165354 
vn -0.937008 0.322835 0.149606 
vn -0.913386 0.385827 0.110236 
vn -0.952756 0.283465 0.102362 
vn -0.937008 0.338583 0.110236 
vn -0.913386 0.393701 0.0866142 
vn -0.937008 0.338583 0.0866142 
vn -0.952756 0.291339 0.0787402 
vn -0.952756 0.283465 0.0629921 
vn -0.937008 0.346457 0.0629921 
vn -0.92126 0.385827 0.0629921 
vn -0.937008 0.338583 0.00787402 
vn -0.96063 0.283465 -0.015748 
vn -0.92126 0.385827 0.015748 
vn -0.944882 0.330709 -0.023622 
vn -0.96063 0.283465 -0.0629921 
vn -0.929134 0.377953 0 
vn -0.944882 0.322835 -0.0393701 
vn -0.96063 0.283465 -0.0629921 
vn -0.929134 0.377953 0 
vn 0.80315 -0.543307 0.259843 
vn 0.834646 -0.535433 0.110236 
vn 0.84252 -0.535433 -0.0472441 
vn 0.661417 -0.748031 0.0787402 
vn 0.645669 -0.748031 -0.165354 
vn 0.669291 -0.748031 -0.0393701 
vn 0.606299 -0.748031 -0.275591 
vn 0.409449 -0.913386 0.0472441 
vn 0.0472441 -1 0 
vn 0.409449 -0.913386 -0.023622 
vn 0.0472441 -1 0 
vn 0.401575 -0.913386 -0.0944882 
vn 0.0472441 -1 0 
vn 0.377953 -0.913386 -0.165354 
vn 0.0472441 -1 0 
vn 0.338583 -0.913386 -0.220472 
vn 0.0472441 -1 0 
vn 0.543307 -0.748031 -0.377953 
vn 0.291339 -0.913386 -0.275591 
vn 0.0472441 -1 0 
vn 0.456693 -0.755906 -0.472441 
vn 0.228346 -0.92126 -0.314961 
vn 0.0472441 -1 0 
vn 0.354331 -0.76378 -0.543307 
vn 0.0472441 -1 0 
vn 0.165354 -0.92126 -0.346457 
vn 0.440945 -0.559055 -0.700787 
vn 0.0472441 -1 0 
vn 0.480315 -0.377953 -0.787402 
vn 0.322835 -0.385827 -0.866142 
vn 0.503937 -0.228346 -0.834646 
vn 0.330709 -0.244094 -0.913386 
vn 0.511811 -0.125984 -0.850394 
vn 0.338583 -0.141732 -0.929134 
vn 0.141732 -0.149606 -0.976378 
vn 0.338583 -0.0708661 -0.937008 
vn 0.511811 -0.0472441 -0.858268 
vn 0.669291 -0.023622 -0.748031 
vn 0.496063 0.0393701 -0.866142 
vn 0.653543 0.0629921 -0.755906 
vn 0.787402 0.0787402 -0.606299 
vn 0.889764 0.0944882 -0.440945 
vn 0.488189 0.141732 -0.858268 
vn 0.645669 0.149606 -0.748031 
vn 0.779528 0.149606 -0.606299 
vn 0.322835 0.133858 -0.937008 
vn 0.88189 0.15748 -0.440945 
vn 0.629921 0.267717 -0.732283 
vn 0.76378 0.267717 -0.590551 
vn 0.464567 0.259843 -0.84252 
vn 0.582677 0.409449 -0.700787 
vn 0.866142 0.267717 -0.425197 
vn 0.299213 0.244094 -0.92126 
vn 0.425197 0.393701 -0.811024 
vn -0.511811 0.015748 0.858268 
vn -0.669291 -0.015748 0.748031 
vn -0.669291 0.015748 0.748031 
vn -0.511811 0 0.858268 
vn -0.811024 0.00787402 0.590551 
vn -0.661417 -0.0708661 0.748031 
vn -0.503937 -0.0708661 0.858268 
vn -0.330709 -0.0629921 0.944882 
vn -0.338583 0.023622 0.944882 
vn -0.141732 -0.0629921 0.992126 
vn -0.149606 0.023622 0.992126 
vn -0.338583 0.015748 0.944882 
vn 0.0629921 -0.0629921 1 
vn -0.511811 0.00787402 0.858268 
vn -0.669291 -0.015748 0.740157 
vn -0.677165 0.0787402 0.732283 
vn 0.0629921 0.0393701 1 
vn -0.149606 0.0393701 0.984252 
vn 0.0551181 0.0629921 1 
vn -0.338583 0.0393701 0.937008 
vn -0.519685 0.102362 0.850394 
vn -0.669291 0.228346 0.708661 
vn -0.15748 0.0708661 0.984252 
vn 0.0472441 0.102362 0.992126 
vn -0.354331 0.133858 0.929134 
vn -0.527559 0.251969 0.811024 
vn -0.629921 0.448819 0.629921 
vn -0.165354 0.165354 0.968504 
vn 0.023622 0.204724 0.976378 
vn -0.362205 0.275591 0.889764 
vn -0.503937 0.464567 0.724409 
vn -0.566929 0.622047 0.535433 
vn -0.188976 0.307087 0.929134 
vn -0.00787402 0.338583 0.937008 
vn -0.362205 0.488189 0.795276 
vn -0.464567 0.637795 0.614173 
vn -0.385827 0.811024 0.440945 
vn -0.212598 0.519685 0.826772 
vn -0.0551181 0.551181 0.834646 
vn -0.346457 0.653543 0.669291 
vn -0.307087 0.826772 0.472441 
vn -0.188976 0.976378 0.0629921 
vn -0.228346 0.677165 0.700787 
vn -0.0944882 0.700787 0.700787 
vn -0.141732 0.858268 0.496063 
vn -0.228346 0.834646 0.496063 
vn -0.188976 0.976378 0.0629921 
vn -0.188976 0.976378 0.0629921 
vn 0.748031 -0.299213 -0.590551 
vn -0.0629921 -0.149606 -0.984252 
vn -0.0551181 0.0787402 -0.992126 
vn 0.818898 -0.0787402 -0.574803 
vn 0.795276 -0.535433 0.291339 
vn 0.866142 -0.330709 0.377953 
vn 0.0393701 -0.425197 0.905512 
vn 0.023622 -0.622047 0.779528 
vn 0.818898 -0.299213 0.496063 
vn 0.0629921 0.0787402 0.992126 
vn 0.0551181 -0.149606 0.984252 
vn 0.88189 -0.0787402 0.464567 
vn 0.755906 -0.535433 -0.385827 
vn 0.811024 -0.330709 -0.480315 
vn -0.0708661 -0.425197 -0.897638 
vn -0.0708661 -0.622047 -0.779528 
vn 0.826772 -0.141732 -0.543307 
vn 0.811024 -0.330709 -0.480315 
vn -0.0708661 -0.23622 -0.968504 
vn -0.0708661 -0.425197 -0.897638 
vn 0.897638 0.11811 0.425197 
vn 0.88189 -0.0787402 0.464567 
vn 0.0629921 0.0787402 0.992126 
vn 0.0708661 0.283465 0.96063 
vn 0.0472441 -0.23622 0.968504 
vn 0.0393701 -0.425197 0.905512 
vn 0.866142 -0.330709 0.377953 
vn 0.889764 -0.141732 0.433071 
vn 0.84252 0.11811 -0.527559 
vn 0.818898 -0.0787402 -0.574803 
vn -0.0551181 0.0787402 -0.992126 
vn -0.0472441 0.283465 -0.96063 
vn -0.984252 -0.149606 0.0472441 
vn -0.464567 0.0551181 0.88189 
vn -0.464567 0.0314961 0.88189 
vn 0.519685 0.228346 0.826772 
vn -0.984252 -0.149606 0.0551181 
vn -0.984252 -0.149606 0.0551181 
vn -0.456693 0.015748 0.889764 
vn -0.527559 -0.133858 -0.834646 
vn -0.527559 -0.15748 -0.834646 
vn -0.535433 -0.11811 -0.834646 
vn -0.519685 -0.181102 -0.834646 
vn -0.984252 -0.149606 0.0472441 
vn -0.535433 -0.11811 -0.834646 
vn -0.464567 0.015748 0.889764 
vn 0.519685 0.212598 0.826772 
vn 0.519685 0.212598 0.826772 
vn -0.984252 -0.15748 0.0472441 
vn -0.511811 -0.220472 -0.826772 
vn -0.472441 0.0629921 0.88189 
vn -0.984252 -0.165354 0.0472441 
vn -0.503937 -0.267717 -0.818898 
vn -0.480315 0.0866142 0.874016 
vn -0.984252 -0.181102 0.0472441 
vn -0.503937 -0.283465 -0.818898 
vn -0.984252 -0.188976 0.0551181 
vn -0.480315 0.110236 0.866142 
vn -0.480315 0.102362 0.874016 
vn 0.503937 0.299213 0.811024 
vn 0.503937 0.307087 0.811024 
vn 0.976378 0.204724 -0.0629921 
vn 0.503937 0.291339 0.811024 
vn 0.976378 0.212598 -0.0708661 
vn 0.464567 -0.0708661 -0.88189 
vn 0.472441 -0.0866142 -0.874016 
vn -0.503937 -0.283465 -0.818898 
vn -0.503937 -0.267717 -0.818898 
vn 0.456693 -0.0314961 -0.889764 
vn -0.511811 -0.220472 -0.826772 
vn -0.519685 -0.181102 -0.834646 
vn 0.968504 0.228346 -0.0708661 
vn 0.448819 0.015748 -0.889764 
vn -0.527559 -0.15748 -0.834646 
vn 0.511811 0.259843 0.818898 
vn 0.968504 0.23622 -0.0708661 
vn 0.511811 0.244094 0.826772 
vn 0.448819 0.0393701 -0.889764 
vn 0.440945 0.0551181 -0.897638 
vn -0.527559 -0.133858 -0.834646 
vn 0.968504 0.244094 -0.0629921 
vn -0.535433 -0.11811 -0.834646 
vn 0.968504 0.244094 -0.0708661 
vn 0.440945 0.0787402 -0.897638 
vn 0.433071 0.0787402 -0.897638 
vn -0.535433 -0.11811 -0.834646 
vn 0.968504 0.244094 -0.0629921 
vn 0.968504 0.244094 -0.0708661 
vn 0.826772 -0.141732 -0.543307 
vn 0.811024 -0.330709 -0.480315 
vn -0.0708661 -0.23622 -0.968504 
vn -0.0708661 -0.425197 -0.897638 
vn 0.897638 0.11811 0.425197 
vn 0.88189 -0.0787402 0.464567 
vn 0.0629921 0.0787402 0.992126 
vn 0.0708661 0.283465 0.96063 
vn 0.0472441 -0.23622 0.968504 
vn 0.0393701 -0.425197 0.905512 
vn 0.866142 -0.330709 0.377953 
vn 0.889764 -0.141732 0.433071 
vn 0.84252 0.11811 -0.527559 
vn 0.818898 -0.0787402 -0.574803 
vn -0.0551181 0.0787402 -0.992126 
vn -0.0472441 0.283465 -0.96063 
vn 0.811024 -0.330709 -0.480315 
vn 0.897638 0.11811 0.425197 
vn 0.88189 -0.0787402 0.464567 
vn 0.0629921 0.0787402 0.992126 
vn 0.0708661 0.283465 0.96063 
vn 0.826772 -0.141732 -0.543307 
vn -0.0708661 -0.23622 -0.968504 
vn -0.0708661 -0.425197 -0.897638 
vn 0.866142 -0.330709 0.377953 
vn 0.0472441 -0.23622 0.968504 
vn 0.0393701 -0.425197 0.905512 
vn 0.889764 -0.141732 0.433071 
vn 0.84252 0.11811 -0.527559 
vn 0.818898 -0.0787402 -0.574803 
vn -0.0551181 0.0787402 -0.992126 
vn -0.0472441 0.283465 -0.96063 
vn 0.826772 -0.141732 -0.543307 
vn 0.811024 -0.330709 -0.480315 
vn -0.0708661 -0.23622 -0.968504 
vn -0.0708661 -0.425197 -0.897638 
vn 0.897638 0.11811 0.425197 
vn 0.88189 -0.0787402 0.464567 
vn 0.0629921 0.0787402 0.992126 
vn 0.0708661 0.283465 0.96063 
vn 0.0472441 -0.23622 0.968504 
vn 0.0393701 -0.425197 0.905512 
vn 0.866142 -0.330709 0.377953 
vn 0.889764 -0.141732 0.433071 
vn 0.84252 0.11811 -0.527559 
vn 0.818898 -0.0787402 -0.574803 
vn -0.0551181 0.0787402 -0.992126 
vn -0.0472441 0.283465 -0.96063 
vn 0.84252 0.0944882 -0.535433 
vn 0.858268 -0.346457 0.370079 
vn 0.811024 -0.0866142 -0.574803 
vn -0.0551181 0.0708661 -0.992126 
vn -0.0472441 0.259843 -0.968504 
vn 0.889764 -0.165354 0.433071 
vn 0.0472441 -0.259843 0.968504 
vn 0.0393701 -0.440945 0.897638 
vn 0.826772 -0.165354 -0.535433 
vn 0.811024 -0.346457 -0.472441 
vn -0.0708661 -0.259843 -0.96063 
vn -0.0708661 -0.440945 -0.897638 
vn 0.897638 0.0944882 0.433071 
vn 0.874016 -0.0866142 0.472441 
vn 0.0629921 0.0708661 0.992126 
vn 0.0708661 0.259843 0.96063 
vn 0.811024 -0.330709 -0.480315 
vn 0.897638 0.11811 0.425197 
vn 0.88189 -0.0787402 0.464567 
vn 0.0629921 0.0787402 0.992126 
vn 0.0708661 0.283465 0.96063 
vn 0.826772 -0.141732 -0.543307 
vn -0.0708661 -0.23622 -0.968504 
vn -0.0708661 -0.425197 -0.897638 
vn 0.84252 0.11811 -0.527559 
vn 0.866142 -0.330709 0.377953 
vn 0.818898 -0.0787402 -0.574803 
vn -0.0551181 0.0787402 -0.992126 
vn -0.0472441 0.283465 -0.96063 
vn 0.889764 -0.141732 0.433071 
vn 0.0472441 -0.23622 0.968504 
vn 0.0393701 -0.425197 0.905512 
vn 0.866142 -0.330709 0.377953 
vn 0.0472441 -0.23622 0.968504 
vn 0.0393701 -0.425197 0.905512 
vn 0.889764 -0.141732 0.433071 
vn 0.84252 0.11811 -0.527559 
vn 0.818898 -0.0787402 -0.574803 
vn -0.0551181 0.0787402 -0.992126 
vn -0.0472441 0.283465 -0.96063 
vn -0.0708661 -0.23622 -0.968504 
vn 0.811024 -0.330709 -0.480315 
vn -0.0708661 -0.425197 -0.897638 
vn 0.826772 -0.141732 -0.543307 
vn 0.897638 0.11811 0.425197 
vn 0.88189 -0.0787402 0.464567 
vn 0.0629921 0.0787402 0.992126 
vn 0.0708661 0.283465 0.96063 
vn 0.826772 -0.141732 -0.543307 
vn 0.897638 0.11811 0.425197 
vn 0.897638 0.11811 0.425197 
vn 0.0708661 0.283465 0.96063 
vn 0.0708661 0.283465 0.96063 
vn 0.826772 -0.141732 -0.543307 
vn -0.0708661 -0.23622 -0.968504 
vn -0.0708661 -0.23622 -0.968504 
vn 0.84252 0.11811 -0.527559 
vn 0.889764 -0.141732 0.433071 
vn 0.84252 0.11811 -0.527559 
vn -0.0472441 0.283465 -0.96063 
vn -0.0472441 0.283465 -0.96063 
vn 0.889764 -0.141732 0.433071 
vn 0.0472441 -0.23622 0.968504 
vn 0.0472441 -0.23622 0.968504 
vn 0.795276 -0.535433 0.291339 
vn 0.748031 -0.299213 -0.590551 
vn 0.818898 -0.0787402 -0.574803 
vn -0.0551181 0.0787402 -0.992126 
vn -0.0629921 -0.149606 -0.984252 
vn 0.866142 -0.330709 0.377953 
vn 0.0393701 -0.425197 0.905512 
vn 0.023622 -0.622047 0.779528 
vn -0.0708661 -0.425197 -0.897638 
vn 0.755906 -0.535433 -0.385827 
vn -0.0708661 -0.622047 -0.779528 
vn 0.811024 -0.330709 -0.480315 
vn 0.88189 -0.0787402 0.464567 
vn 0.818898 -0.299213 0.496063 
vn 0.0629921 0.0787402 0.992126 
vn 0.0551181 -0.149606 0.984252 
vn -0.409449 -0.244094 0.88189 
vn 0.566929 -0.0314961 0.818898 
vn 0.574803 -0.0472441 0.818898 
vn 0.968504 0.228346 -0.0551181 
vn -0.409449 -0.251969 0.88189 
vn -0.409449 -0.228346 0.88189 
vn 0.968504 0.23622 -0.0551181 
vn 0.976378 0.212598 -0.0629921 
vn 0.574803 -0.0551181 0.818898 
vn -0.984252 -0.15748 0.0708661 
vn 0.393701 0.314961 -0.866142 
vn -0.984252 -0.15748 0.0629921 
vn -0.582677 0.125984 -0.80315 
vn -0.574803 0.0866142 -0.811024 
vn -0.590551 0.141732 -0.795276 
vn -0.984252 -0.165354 0.0629921 
vn -0.574803 0.0551181 -0.818898 
vn -0.984252 -0.149606 0.0629921 
vn -0.590551 0.15748 -0.795276 
vn -0.984252 -0.149606 0.0708661 
vn -0.590551 0.173228 -0.787402 
vn -0.409449 -0.267717 0.874016 
vn -0.401575 -0.275591 0.874016 
vn 0.574803 -0.0629921 0.811024 
vn 0.574803 -0.0787402 0.811024 
vn 0.968504 0.23622 -0.0472441 
vn 0.968504 0.244094 -0.0551181 
vn 0.968504 0.244094 -0.0472441 
vn 0.385827 0.370079 -0.84252 
vn 0.393701 0.338583 -0.858268 
vn 0.385827 0.354331 -0.850394 
vn -0.590551 0.141732 -0.795276 
vn -0.590551 0.15748 -0.795276 
vn -0.590551 0.173228 -0.787402 
vn -0.582677 0.125984 -0.80315 
vn 0.401575 0.283465 -0.874016 
vn -0.574803 0.0866142 -0.811024 
vn 0.401575 0.251969 -0.88189 
vn -0.574803 0.0551181 -0.818898 
vn -0.566929 0.0393701 -0.818898 
vn 0.409449 0.23622 -0.88189 
vn 0.976378 0.204724 -0.0629921 
vn 0.566929 -0.023622 0.826772 
vn 0.566929 -0.023622 0.826772 
vn -0.417323 -0.220472 0.88189 
vn -0.417323 -0.220472 0.88189 
vn -0.984252 -0.181102 0.0629921 
vn -0.984252 -0.188976 0.0629921 
vn -0.566929 0.0393701 -0.818898 
vn -0.0708661 -0.259843 -0.96063 
vn -0.0708661 -0.259843 -0.96063 
vn -0.0708661 -0.259843 -0.96063 
vn -0.0708661 -0.259843 -0.96063 
vn -0.795276 0.606299 0.0472441 
vn -1 -0.0472441 0.0629921 
vn -0.566929 0.543307 0.622047 
vn -0.795276 -0.0393701 0.606299 
vn -0.362205 0.929134 0.023622 
vn -0.275591 0.795276 0.543307 
vn -0.637795 0.543307 -0.551181 
vn -0.346457 0.795276 -0.503937 
vn -0.858268 -0.0393701 -0.503937 
vn -0.574803 -0.543307 0.614173 
vn -0.645669 -0.543307 -0.535433 
vn -0.771654 -0.637795 0.0472441 
vn -0.417323 -0.905512 0.023622 
vn -0.322835 -0.76378 0.551181 
vn -0.385827 -0.76378 -0.511811 
vn -1 -0.0472441 0.0629921 
vn -0.795276 0.606299 0.0472441 
vn -0.637795 0.543307 -0.551181 
vn -0.362205 0.929134 0.023622 
vn -0.346457 0.795276 -0.503937 
vn -0.858268 -0.0393701 -0.503937 
vn -0.566929 0.543307 0.622047 
vn -0.275591 0.795276 0.543307 
vn -0.795276 -0.0393701 0.606299 
vn -0.645669 -0.543307 -0.535433 
vn -0.574803 -0.543307 0.614173 
vn -0.771654 -0.637795 0.0472441 
vn -0.417323 -0.905512 0.023622 
vn -0.385827 -0.76378 -0.511811 
vn -0.322835 -0.76378 0.551181 
vn 0.708661 0.425197 -0.566929 
vn 0.519685 0.551181 -0.653543 
vn 0.110236 0.23622 -0.968504 
vn 0.259843 0.370079 -0.897638 
vn 0.370079 0.535433 -0.76378 
vn 0.0708661 0.338583 -0.937008 
vn 0.212598 0.503937 -0.834646 
vn 0.0393701 0.472441 -0.88189 
vn 0.401575 0.732283 -0.551181 
vn 0.275591 0.708661 -0.645669 
vn 0.133858 0.692913 -0.708661 
vn -0.11811 0.307087 -0.944882 
vn -0.015748 0.661417 -0.748031 
vn -0.141732 0.440945 -0.889764 
vn -0.314961 0.401575 -0.858268 
vn -0.307087 0.267717 -0.913386 
vn -0.322835 0.598425 -0.732283 
vn -0.173228 0.629921 -0.755906 
vn -0.0629921 0.795276 -0.598425 
vn -0.188976 0.771654 -0.606299 
vn 0.0629921 0.818898 -0.566929 
vn -0.11811 0.92126 -0.377953 
vn -0.0314961 0.937008 -0.354331 
vn -0.188976 0.976378 0.0629921 
vn 0.0472441 0.944882 -0.322835 
vn -0.188976 0.976378 0.0629921 
vn 0.173228 0.84252 -0.511811 
vn -0.204724 0.905512 -0.377953 
vn -0.188976 0.976378 0.0629921 
vn -0.314961 0.748031 -0.582677 
vn -0.291339 0.88189 -0.370079 
vn -0.188976 0.976378 0.0629921 
vn -0.472441 0.566929 -0.677165 
vn -0.440945 0.716535 -0.535433 
vn -0.370079 0.866142 -0.338583 
vn -0.188976 0.976378 0.0629921 
vn -0.598425 0.535433 -0.590551 
vn -0.488189 0.370079 -0.795276 
vn -0.543307 0.692913 -0.472441 
vn -0.440945 0.850394 -0.291339 
vn -0.188976 0.976378 0.0629921 
vn -0.480315 0.228346 -0.850394 
vn -0.637795 0.330709 -0.700787 
vn -0.637795 0.188976 -0.748031 
vn -0.716535 0.503937 -0.488189 
vn -0.637795 0.669291 -0.385827 
vn -0.503937 0.834646 -0.228346 
vn -0.188976 0.976378 0.0629921 
vn -0.80315 0.480315 -0.362205 
vn -0.708661 0.645669 -0.275591 
vn -0.551181 0.818898 -0.165354 
vn -0.188976 0.976378 0.0629921 
vn -0.866142 0.456693 -0.220472 
vn -0.76378 0.629921 -0.165354 
vn -0.590551 0.80315 -0.0866142 
vn -0.188976 0.976378 0.0629921 
vn -0.929134 0.23622 -0.267717 
vn -0.897638 0.440945 -0.0708661 
vn -0.787402 0.614173 -0.0393701 
vn -0.606299 0.795276 0 
vn -0.188976 0.976378 0.0629921 
vn -0.968504 0.220472 -0.0944882 
vn -0.976378 0.204724 0.0787402 
vn -0.897638 0.425197 0.0787402 
vn -0.992126 0.0629921 0.0787402 
vn -0.944882 0.19685 0.267717 
vn -0.787402 0.606299 0.0866142 
vn -0.606299 0.787402 0.0866142 
vn -0.188976 0.976378 0.0629921 
vn -0.590551 0.787402 0.173228 
vn -0.188976 0.976378 0.0629921 
vn -0.76378 0.606299 0.220472 
vn -0.858268 0.425197 0.291339 
vn -0.559055 0.787402 0.251969 
vn -0.188976 0.976378 0.0629921 
vn -0.708661 0.606299 0.354331 
vn -0.80315 0.425197 0.425197 
vn -0.519685 0.795276 0.322835 
vn -0.188976 0.976378 0.0629921 
vn -0.653543 0.606299 0.448819 
vn -0.874016 0.19685 0.440945 
vn -0.456693 0.795276 0.385827 
vn -0.188976 0.976378 0.0629921 
vn -0.740157 0.433071 0.519685 
vn -0.188976 0.976378 0.0629921 
vn -0.96063 0.0551181 0.259843 
vn -0.897638 0.0551181 0.433071 
vn -0.787402 0.212598 0.574803 
vn -0.968504 -0.0393701 0.259843 
vn -0.80315 0.0629921 0.598425 
vn -0.897638 -0.0393701 0.440945 
vn -0.795276 -0.0314961 0.598425 
vn -0.80315 -0.0314961 0.598425 
vn -0.905512 -0.0551181 0.417323 
vn 0.748031 -0.299213 -0.590551 
vn -0.0629921 -0.149606 -0.984252 
vn -0.0551181 0.0787402 -0.992126 
vn 0.818898 -0.0787402 -0.574803 
vn 0.795276 -0.535433 0.291339 
vn 0.866142 -0.330709 0.377953 
vn 0.0393701 -0.425197 0.905512 
vn 0.023622 -0.622047 0.779528 
vn 0.0629921 0.0787402 0.992126 
vn 0.818898 -0.299213 0.496063 
vn 0.88189 -0.0787402 0.464567 
vn 0.0551181 -0.149606 0.984252 
vn 0.755906 -0.535433 -0.385827 
vn 0.811024 -0.330709 -0.480315 
vn -0.0708661 -0.425197 -0.897638 
vn -0.0708661 -0.622047 -0.779528 
vn 0.0472441 -0.259843 0.968504 
vn 0.0472441 -0.259843 0.968504 
vn 0.0472441 -0.259843 0.968504 
vn 0.0472441 -0.259843 0.968504 
vn 0.543307 0.307087 0.779528 
vn 0.425197 0.149606 0.889764 
vn 0.582677 0.173228 0.795276 
vn 0.598425 0.102362 0.795276 
vn 0.677165 0.338583 0.653543 
vn 0.385827 0.275591 0.88189 
vn 0.724409 0.19685 0.661417 
vn 0.740157 0.11811 0.661417 
vn 0.84252 0.212598 0.503937 
vn 0.858268 0.133858 0.496063 
vn 0.740157 0.102362 0.661417 
vn 0.606299 0.480315 0.629921 
vn 0.787402 0.362205 0.496063 
vn 0.858268 0.110236 0.503937 
vn 0.937008 0.141732 0.314961 
vn 0.944882 0.11811 0.314961 
vn 0.866142 0.00787402 0.503937 
vn 0.748031 0.00787402 0.661417 
vn 0.984252 0.11811 0.125984 
vn 0.992126 0.110236 -0.0708661 
vn 0.976378 0.149606 0.125984 
vn 0.952756 0.15748 -0.259843 
vn 0.984252 0.15748 -0.0708661 
vn 0.929134 0.267717 -0.244094 
vn 0.811024 0.433071 -0.401575 
vn 0.96063 0.259843 -0.0551181 
vn 0.96063 0.244094 0.133858 
vn 0.913386 0.228346 0.322835 
vn 0.874016 0.433071 -0.228346 
vn 0.858268 0.393701 0.330709 
vn 0.897638 0.409449 0.141732 
vn -0.834646 -0.23622 -0.496063 
vn -0.0551181 0.0787402 -0.992126 
vn -0.0629921 -0.149606 -0.984252 
vn -0.88189 -0.015748 -0.464567 
vn -0.834646 -0.267717 0.480315 
vn -0.787402 -0.472441 0.385827 
vn 0.0393701 -0.425197 0.905512 
vn 0.023622 -0.622047 0.779528 
vn -0.0708661 -0.425197 -0.897638 
vn -0.834646 -0.472441 -0.291339 
vn -0.889764 -0.267717 -0.377953 
vn -0.0708661 -0.622047 -0.779528 
vn -0.771654 -0.23622 0.590551 
vn -0.818898 -0.015748 0.574803 
vn 0.0629921 0.0787402 0.992126 
vn 0.0551181 -0.149606 0.984252 
vn 0.748031 -0.299213 -0.590551 
vn -0.0629921 -0.149606 -0.984252 
vn -0.0551181 0.0787402 -0.992126 
vn 0.818898 -0.0787402 -0.574803 
vn 0.795276 -0.535433 0.291339 
vn 0.866142 -0.330709 0.377953 
vn 0.0393701 -0.425197 0.905512 
vn 0.023622 -0.622047 0.779528 
vn -0.0708661 -0.425197 -0.897638 
vn 0.755906 -0.535433 -0.385827 
vn -0.0708661 -0.622047 -0.779528 
vn 0.811024 -0.330709 -0.480315 
vn 0.88189 -0.0787402 0.464567 
vn 0.818898 -0.299213 0.496063 
vn 0.0629921 0.0787402 0.992126 
vn 0.0551181 -0.149606 0.984252 
vn 0.338583 0.291339 0.897638 
vn 0.338583 0.291339 0.897638 
vn 0.385827 0.496063 0.779528 
vn 0.385827 0.496063 0.779528 
vn 0.275591 0.0708661 0.96063 
vn 0.275591 0.0708661 0.96063 
vn -0.0472441 0.259843 -0.968504 
vn -0.0472441 0.259843 -0.968504 
vn -0.0472441 0.259843 -0.968504 
vn -0.0472441 0.259843 -0.968504 
vn -0.0472441 0.259843 -0.968504 
vn -0.0472441 0.259843 -0.968504 
vn 0.212598 0.393701 -0.897638 
vn 0.275591 0.582677 -0.76378 
vn 0.212598 0.385827 -0.897638 
vn 0.275591 0.582677 -0.76378 
vn 0.125984 0.165354 -0.976378 
vn 0.125984 0.165354 -0.976378 
vn -1 0.0393701 0.0629921 
vn -1 0.0393701 0.0629921 
vn -1 0.0393701 0.0629921 
vn -1 0.0393701 0.0629921 
vn -1 0.0393701 0.0629921 
vn -1 0.0393701 0.0629921 
vn -1 0.0393701 0.0629921 
vn -1 0.0393701 0.0629921 
vn -1 0.0393701 0.0629921 
vn -1 0.0393701 0.0629921 
vn -1 0.0393701 0.0629921 
vn -1 0.0393701 0.0629921 
vn -1 0.0393701 0.0629921 
vn -1 0.0393701 0.0629921 
vn -1 0.0393701 0.0629921 
vn -1 0.0393701 0.0629921 
vn -1 0.0393701 0.0629921 
vn -1 0.0393701 0.0629921 
vn -1 0.0393701 0.0629921 
vn -1 0.0393701 0.0629921 
vn -1 0.0393701 0.0629921 
vn -1 0.0393701 0.0629921 
vn -1 0.0393701 0.0629921 
vn -1 0.0393701 0.0629921 
vn 0.0708661 0.259843 0.96063 
vn 0.0708661 0.259843 0.96063 
vn 0.0708661 0.259843 0.96063 
vn 0.0708661 0.259843 0.96063 
vn 0.0708661 0.259843 0.96063 
vn 0.0708661 0.259843 0.96063 
vn -0.834646 -0.23622 -0.496063 
vn -0.0551181 0.0787402 -0.992126 
vn -0.0629921 -0.149606 -0.984252 
vn -0.88189 -0.015748 -0.464567 
vn -0.834646 -0.267717 0.480315 
vn -0.787402 -0.472441 0.385827 
vn 0.0393701 -0.425197 0.905512 
vn 0.023622 -0.622047 0.779528 
vn -0.889764 -0.267717 -0.377953 
vn -0.771654 -0.23622 0.590551 
vn -0.818898 -0.015748 0.574803 
vn 0.0629921 0.0787402 0.992126 
vn 0.0551181 -0.149606 0.984252 
vn -0.834646 -0.472441 -0.291339 
vn -0.0708661 -0.425197 -0.897638 
vn -0.0708661 -0.622047 -0.779528 
vn 0.748031 -0.299213 -0.590551 
vn -0.0551181 0.0787402 -0.992126 
vn 0.818898 -0.0787402 -0.574803 
vn -0.0629921 -0.149606 -0.984252 
vn 0.795276 -0.535433 0.291339 
vn 0.866142 -0.330709 0.377953 
vn 0.0393701 -0.425197 0.905512 
vn 0.023622 -0.622047 0.779528 
vn 0.0629921 0.0787402 0.992126 
vn 0.818898 -0.299213 0.496063 
vn 0.88189 -0.0787402 0.464567 
vn 0.0551181 -0.149606 0.984252 
vn 0.755906 -0.535433 -0.385827 
vn 0.811024 -0.330709 -0.480315 
vn -0.0708661 -0.425197 -0.897638 
vn -0.0708661 -0.622047 -0.779528 
vn -0.023622 1 0 
vn -0.622047 0.779528 0.0393701 
vn -0.622047 0.76378 0.173228 
vn -0.00787402 0.84252 0.543307 
vn -0.023622 1 0 
vn -0.551181 0.692913 0.464567 
vn 0.0393701 0.330709 0.944882 
vn -0.692913 0.244094 0.677165 
vn 0.0629921 -0.0314961 1 
vn -0.952756 0.244094 0.19685 
vn -0.976378 0.228346 0.0551181 
vn -0.708661 -0.0708661 0.700787 
vn -0.637795 0.76378 -0.0944882 
vn -0.023622 1 0 
vn -0.0708661 0.84252 -0.535433 
vn -0.984252 -0.0708661 0.181102 
vn -0.574803 -0.582677 0.574803 
vn 0.0787402 -0.740157 0.669291 
vn -0.669291 -0.716535 0.173228 
vn 0.0787402 -1 -0.00787402 
vn -0.0629921 -1 0 
vn -0.992126 -0.0708661 0.0629921 
vn -0.976378 -0.188976 0.0629921 
vn -0.685039 -0.716535 -0.0866142 
vn 0.0787402 -1 -0.00787402 
vn -0.968504 0.244094 -0.0787402 
vn -0.992126 -0.0708661 -0.0551181 
vn -0.00787402 -0.740157 -0.677165 
vn 0.0787402 -1 -0.00787402 
vn -0.637795 -0.582677 -0.496063 
vn -0.0629921 -0.0314961 -1 
vn -0.787402 -0.0708661 -0.614173 
vn -0.771654 0.244094 -0.582677 
vn -0.0708661 0.330709 -0.944882 
vn -0.606299 0.692913 -0.393701 
vn 0.80315 0.0393701 0.598425 
vn 0.724409 0.0393701 -0.692913 
vn 0.472441 -0.519685 -0.716535 
vn 0.0629921 -0.338583 -0.937008 
vn 0.212598 -0.755906 -0.622047 
vn 0.188976 -0.188976 -0.96063 
vn 0.283465 -0.755906 0.590551 
vn 0.267717 0.015748 -0.96063 
vn 0.188976 0.204724 -0.96063 
vn 0.551181 -0.519685 0.653543 
vn 0.173228 -0.338583 0.92126 
vn 0.307087 -0.188976 0.937008 
vn 0.385827 0.015748 0.92126 
vn 0.307087 0.204724 0.929134 
vn 0.582677 0.527559 0.622047 
vn 0.204724 0.322835 0.929134 
vn 0.354331 0.700787 0.614173 
vn 0.496063 0.527559 -0.692913 
vn 0.275591 0.700787 -0.653543 
vn 0.0866142 0.322835 -0.944882 
vn 0.724409 0.0393701 -0.692913 
vn 0.551181 -0.519685 0.653543 
vn 0.80315 0.0393701 0.598425 
vn 0.173228 -0.338583 0.92126 
vn 0.283465 -0.755906 0.590551 
vn 0.212598 -0.755906 -0.622047 
vn 0.307087 -0.188976 0.937008 
vn 0.385827 0.015748 0.92126 
vn 0.307087 0.204724 0.929134 
vn 0.472441 -0.519685 -0.716535 
vn 0.0629921 -0.338583 -0.937008 
vn 0.188976 -0.188976 -0.96063 
vn 0.267717 0.015748 -0.96063 
vn 0.188976 0.204724 -0.96063 
vn 0.496063 0.527559 -0.692913 
vn 0.0866142 0.322835 -0.944882 
vn 0.275591 0.700787 -0.653543 
vn 0.582677 0.527559 0.622047 
vn 0.354331 0.700787 0.614173 
vn 0.204724 0.322835 0.929134 
vn 0.708661 0.511811 0.480315 
vn 0.779528 0.535433 0.322835 
vn 0.905512 0.425197 -0.0393701 
vn 0.566929 0.692913 0.440945 
vn 0.818898 0.559055 0.149606 
vn 0.795276 0.574803 -0.204724 
vn 0.629921 0.716535 0.299213 
vn 0.818898 0.566929 -0.0314961 
vn 0.669291 0.732283 0.149606 
vn 0.732283 0.574803 -0.370079 
vn 0.645669 0.748031 -0.15748 
vn 0.637795 0.566929 -0.519685 
vn 0.503937 0.740157 -0.440945 
vn 0.590551 0.748031 -0.307087 
vn 0.433071 0.866142 -0.23622 
vn 0.370079 0.866142 -0.346457 
vn 0.283465 0.850394 -0.440945 
vn 0.110236 0.952756 -0.267717 
vn -0.188976 0.976378 0.0629921 
vn 0.173228 0.96063 -0.204724 
vn -0.188976 0.976378 0.0629921 
vn 0.220472 0.968504 -0.133858 
vn -0.188976 0.976378 0.0629921 
vn 0.480315 0.866142 -0.11811 
vn 0.251969 0.968504 -0.0551181 
vn -0.188976 0.976378 0.0629921 
vn 0.669291 0.740157 -0.00787402 
vn 0.503937 0.866142 0.00787402 
vn 0.496063 0.858268 0.133858 
vn 0.267717 0.96063 0.0314961 
vn -0.188976 0.976378 0.0629921 
vn 0.259843 0.96063 0.11811 
vn -0.188976 0.976378 0.0629921 
vn 0.472441 0.84252 0.259843 
vn 0.244094 0.952756 0.204724 
vn -0.188976 0.976378 0.0629921 
vn 0.417323 0.826772 0.377953 
vn 0.480315 0.669291 0.566929 
vn 0.204724 0.937008 0.283465 
vn -0.188976 0.976378 0.0629921 
vn 0.346457 0.80315 0.480315 
vn 0.480315 0.448819 0.755906 
vn 0.370079 0.637795 0.669291 
vn 0.330709 0.417323 0.850394 
vn 0.15748 0.92126 0.354331 
vn -0.188976 0.976378 0.0629921 
vn 0.251969 0.779528 0.574803 
vn 0.23622 0.606299 0.755906 
vn 0.0944882 0.905512 0.409449 
vn -0.188976 0.976378 0.0629921 
vn 0.149606 0.755906 0.637795 
vn 0.165354 0.377953 0.913386 
vn 0.023622 0.889764 0.456693 
vn -0.188976 0.976378 0.0629921 
vn 0.0944882 0.582677 0.811024 
vn 0.0314961 0.732283 0.685039 
vn -0.00787402 0.338583 0.937008 
vn -0.0551181 0.551181 0.834646 
vn 0.023622 0.204724 0.976378 
vn -0.0944882 0.700787 0.700787 
vn 0.204724 0.23622 0.944882 
vn 0.0472441 0.102362 0.992126 
vn -0.0551181 0.874016 0.488189 
vn -0.188976 0.976378 0.0629921 
vn -0.141732 0.858268 0.496063 
vn -0.188976 0.976378 0.0629921 
vn 0.244094 0.133858 0.96063 
vn 0.267717 0.0787402 0.96063 
vn 0.0551181 0.0629921 1 
vn 0.440945 0.0944882 0.889764 
vn 0.0629921 0.0393701 1 
vn 0.598425 0.0866142 0.795276 
vn 0.448819 0.0708661 0.889764 
vn 0.275591 0.0551181 0.96063 
vn 0.0629921 -0.0629921 1 
vn -0.834646 -0.267717 0.480315 
vn 0.0472441 -0.23622 0.968504 
vn -0.834646 -0.0708661 0.543307 
vn 0.0393701 -0.425197 0.905512 
vn -0.889764 0.181102 -0.425197 
vn -0.88189 -0.015748 -0.464567 
vn -0.0551181 0.0787402 -0.992126 
vn -0.0472441 0.283465 -0.96063 
vn -0.0708661 -0.23622 -0.968504 
vn -0.889764 -0.267717 -0.377953 
vn -0.897638 -0.0708661 -0.433071 
vn -0.0708661 -0.425197 -0.897638 
vn -0.826772 0.181102 0.527559 
vn -0.818898 -0.015748 0.574803 
vn 0.0629921 0.0787402 0.992126 
vn 0.0708661 0.283465 0.96063 
vn -0.834646 -0.267717 0.480315 
vn 0.0472441 -0.23622 0.968504 
vn -0.834646 -0.0708661 0.543307 
vn 0.0393701 -0.425197 0.905512 
vn -0.889764 0.181102 -0.425197 
vn -0.88189 -0.015748 -0.464567 
vn -0.0551181 0.0787402 -0.992126 
vn -0.0472441 0.283465 -0.96063 
vn -0.0708661 -0.23622 -0.968504 
vn -0.889764 -0.267717 -0.377953 
vn -0.897638 -0.0708661 -0.433071 
vn -0.0708661 -0.425197 -0.897638 
vn -0.826772 0.181102 0.527559 
vn -0.818898 -0.015748 0.574803 
vn 0.0629921 0.0787402 0.992126 
vn 0.0708661 0.283465 0.96063 
vn -0.456693 0.858268 0.23622 
vn -0.149606 0.740157 0.653543 
vn -0.165354 0.968504 0.181102 
vn -0.362205 0.464567 0.811024 
vn -0.322835 0.0866142 0.944882 
vn -0.787402 -0.472441 0.385827 
vn 0.0393701 -0.425197 0.905512 
vn -0.834646 -0.267717 0.480315 
vn 0.023622 -0.622047 0.779528 
vn -0.834646 -0.23622 -0.496063 
vn -0.88189 -0.015748 -0.464567 
vn -0.0551181 0.0787402 -0.992126 
vn -0.0629921 -0.149606 -0.984252 
vn -0.771654 -0.23622 0.590551 
vn -0.889764 -0.267717 -0.377953 
vn -0.834646 -0.472441 -0.291339 
vn -0.0708661 -0.425197 -0.897638 
vn -0.0708661 -0.622047 -0.779528 
vn -0.818898 -0.015748 0.574803 
vn 0.0629921 0.0787402 0.992126 
vn 0.0551181 -0.149606 0.984252 
vn -0.889764 0.181102 -0.425197 
vn -0.0551181 0.0787402 -0.992126 
vn -0.88189 -0.015748 -0.464567 
vn -0.0472441 0.283465 -0.96063 
vn -0.834646 -0.267717 0.480315 
vn -0.834646 -0.0708661 0.543307 
vn 0.0472441 -0.23622 0.968504 
vn 0.0393701 -0.425197 0.905512 
vn -0.826772 0.181102 0.527559 
vn -0.818898 -0.015748 0.574803 
vn 0.0629921 0.0787402 0.992126 
vn 0.0708661 0.283465 0.96063 
vn -0.889764 -0.267717 -0.377953 
vn -0.897638 -0.0708661 -0.433071 
vn -0.0708661 -0.23622 -0.968504 
vn -0.0708661 -0.425197 -0.897638 
vn 0.811024 -0.0866142 -0.574803 
vn 0.795276 -0.535433 0.291339 
vn 0.748031 -0.299213 -0.590551 
vn -0.0551181 0.0708661 -0.992126 
vn -0.0629921 -0.149606 -0.984252 
vn 0.858268 -0.346457 0.370079 
vn 0.0393701 -0.440945 0.897638 
vn 0.023622 -0.622047 0.779528 
vn -0.834646 -0.267717 0.480315 
vn 0.0472441 -0.23622 0.968504 
vn -0.834646 -0.0708661 0.543307 
vn 0.0393701 -0.425197 0.905512 
vn -0.889764 0.181102 -0.425197 
vn -0.88189 -0.015748 -0.464567 
vn -0.0551181 0.0787402 -0.992126 
vn -0.0472441 0.283465 -0.96063 
vn -0.0708661 -0.23622 -0.968504 
vn -0.889764 -0.267717 -0.377953 
vn -0.897638 -0.0708661 -0.433071 
vn -0.0708661 -0.425197 -0.897638 
vn -0.826772 0.181102 0.527559 
vn -0.818898 -0.015748 0.574803 
vn 0.0629921 0.0787402 0.992126 
vn 0.0708661 0.283465 0.96063 
vn 0.0629921 0.0708661 0.992126 
vn 0.818898 -0.299213 0.496063 
vn 0.874016 -0.0866142 0.472441 
vn 0.0551181 -0.149606 0.984252 
vn 0.755906 -0.535433 -0.385827 
vn 0.811024 -0.346457 -0.472441 
vn -0.0708661 -0.440945 -0.897638 
vn -0.0708661 -0.622047 -0.779528 
vn 0.0393701 -0.440945 0.897638 
vn 0.0472441 -0.259843 0.968504 
vn -0.834646 -0.275591 0.480315 
vn -0.84252 -0.0944882 0.535433 
vn -0.889764 0.165354 -0.433071 
vn -0.88189 -0.023622 -0.472441 
vn -0.0551181 0.0708661 -0.992126 
vn -0.0472441 0.259843 -0.968504 
vn -0.0708661 -0.259843 -0.96063 
vn -0.88189 -0.275591 -0.370079 
vn -0.897638 -0.0944882 -0.433071 
vn -0.0708661 -0.440945 -0.897638 
vn -0.826772 0.165354 0.535433 
vn -0.818898 -0.023622 0.574803 
vn 0.0629921 0.0708661 0.992126 
vn 0.0708661 0.259843 0.96063 
vn -0.889764 0.181102 -0.425197 
vn -0.0551181 0.0787402 -0.992126 
vn -0.88189 -0.015748 -0.464567 
vn -0.0472441 0.283465 -0.96063 
vn -0.834646 -0.267717 0.480315 
vn -0.834646 -0.0708661 0.543307 
vn 0.0472441 -0.23622 0.968504 
vn 0.0393701 -0.425197 0.905512 
vn -0.826772 0.181102 0.527559 
vn 0.0629921 0.0787402 0.992126 
vn 0.0708661 0.283465 0.96063 
vn -0.818898 -0.015748 0.574803 
vn -0.889764 -0.267717 -0.377953 
vn -0.897638 -0.0708661 -0.433071 
vn -0.0708661 -0.23622 -0.968504 
vn -0.0708661 -0.425197 -0.897638 
vn -0.889764 0.181102 -0.425197 
vn -0.0551181 0.0787402 -0.992126 
vn -0.88189 -0.015748 -0.464567 
vn -0.0472441 0.283465 -0.96063 
vn -0.834646 -0.267717 0.480315 
vn -0.834646 -0.0708661 0.543307 
vn 0.0472441 -0.23622 0.968504 
vn 0.0393701 -0.425197 0.905512 
vn -0.826772 0.181102 0.527559 
vn 0.0629921 0.0787402 0.992126 
vn 0.0708661 0.283465 0.96063 
vn -0.818898 -0.015748 0.574803 
vn -0.889764 -0.267717 -0.377953 
vn -0.897638 -0.0708661 -0.433071 
vn -0.0708661 -0.23622 -0.968504 
vn -0.0708661 -0.425197 -0.897638 
vn -0.834646 -0.0708661 0.543307 
vn 0.0472441 -0.23622 0.968504 
vn -0.834646 -0.0708661 0.543307 
vn 0.0472441 -0.23622 0.968504 
vn -0.889764 0.181102 -0.425197 
vn -0.889764 0.181102 -0.425197 
vn -0.0472441 0.283465 -0.96063 
vn -0.0472441 0.283465 -0.96063 
vn -0.0708661 -0.23622 -0.968504 
vn -0.897638 -0.0708661 -0.433071 
vn -0.897638 -0.0708661 -0.433071 
vn -0.0708661 -0.23622 -0.968504 
vn -0.826772 0.181102 0.527559 
vn -0.826772 0.181102 0.527559 
vn 0.0708661 0.283465 0.96063 
vn 0.0708661 0.283465 0.96063 
vn -0.346457 0.858268 -0.370079 
vn -0.511811 0.307087 -0.80315 
vn -0.472441 0.598425 -0.653543 
vn -0.834646 -0.23622 -0.496063 
vn -0.834646 -0.267717 0.480315 
vn -0.88189 -0.015748 -0.464567 
vn -0.0551181 0.0787402 -0.992126 
vn -0.0629921 -0.149606 -0.984252 
vn -0.787402 -0.472441 0.385827 
vn 0.0393701 -0.425197 0.905512 
vn 0.023622 -0.622047 0.779528 
vn 0.0629921 0.0787402 0.992126 
vn -0.818898 -0.015748 0.574803 
vn -0.771654 -0.23622 0.590551 
vn 0.0551181 -0.149606 0.984252 
vn -0.889764 -0.267717 -0.377953 
vn -0.834646 -0.472441 -0.291339 
vn -0.0708661 -0.425197 -0.897638 
vn -0.0708661 -0.622047 -0.779528 
vn -0.669291 -0.645669 0.370079 
vn 0.102362 -0.84252 0.527559 
vn -0.307087 -0.952756 0.0708661 
vn -0.535433 -0.779528 -0.330709 
vn 0.173228 -0.937008 -0.307087 
vn 0.543307 -0.787402 0.299213 
vn -0.748031 -0.645669 0.125984 
vn -0.622047 -0.779528 -0.023622 
vn -0.771654 -0.354331 0.527559 
vn -0.11811 -0.779528 -0.614173 
vn -0.685039 -0.125984 0.724409 
vn -0.181102 -0.724409 -0.669291 
vn 0.551181 -0.590551 -0.590551 
vn 0.220472 -0.456693 -0.866142 
vn 0.488189 -0.283465 -0.826772 
vn 0.598425 -0.0472441 -0.80315 
vn 0.779528 0.503937 -0.370079 
vn 0.700787 0.11811 -0.708661 
vn 0.724409 0.692913 -0.0787402 
vn 0.629921 0.771654 -0.11811 
vn 0.677165 0.582677 -0.448819 
vn 0.393701 0.795276 -0.464567 
vn 0.866142 -0.0629921 -0.496063 
vn 0.779528 0.346457 -0.519685 
vn 0.456693 0.669291 -0.582677 
vn 0.858268 -0.503937 0.00787402 
vn 0.952756 -0.0866142 -0.291339 
vn 0.858268 0.141732 -0.488189 
vn 0.212598 0.834646 -0.503937 
vn 0.88189 -0.472441 -0.0393701 
vn 0.874016 -0.480315 -0.110236 
vn 0.559055 -0.771654 0.299213 
vn 0.543307 -0.80315 0.251969 
vn 0.0866142 -0.858268 0.511811 
vn 0.11811 -0.818898 0.559055 
vn -0.346457 -0.653543 0.669291 
vn -0.338583 -0.685039 0.637795 
vn -0.377953 -0.653543 0.661417 
vn -0.740157 -0.267717 0.622047 
vn -0.779528 -0.0472441 0.622047 
vn -0.889764 0.102362 0.440945 
vn -0.858268 0.409449 0.322835 
vn -0.574803 0.0787402 0.811024 
vn -0.858268 0.23622 0.448819 
vn -0.0787402 0.637795 0.771654 
vn -0.84252 0.511811 0.181102 
vn -0.519685 0.834646 -0.19685 
vn -0.480315 0.866142 -0.110236 
vn -0.598425 0.228346 0.771654 
vn -0.00787402 0.889764 -0.448819 
vn 0.212598 0.834646 -0.503937 
vn 0.456693 0.669291 -0.582677 
vn -0.0866142 0.897638 -0.433071 
vn 0.393701 0.795276 -0.464567 
vn -0.102362 0.992126 -0.0472441 
vn -0.519685 0.826772 -0.204724 
vn -0.685039 0.700787 0.19685 
vn 0.629921 0.771654 -0.11811 
vn -0.448819 0.685039 0.574803 
vn 0.0708661 0.968504 0.251969 
vn -0.19685 0.496063 0.850394 
vn 0.543307 0.779528 0.307087 
vn 0.724409 0.692913 -0.0787402 
vn 0.181102 0.755906 0.629921 
vn -0.228346 0.448819 0.866142 
vn 0.181102 0.708661 0.677165 
vn 0.551181 0.771654 0.307087 
vn 0.496063 0.818898 0.275591 
vn 0.779528 0.503937 -0.370079 
vn 0.244094 0.740157 0.629921 
vn 0.259843 0.771654 0.574803 
vn 0.259843 0.771654 0.574803 
vn 0.244094 0.740157 0.629921 
vn 0.299213 0.858268 0.417323 
vn 0.291339 0.858268 0.425197 
vn 0.322835 0.929134 0.181102 
vn 0.322835 0.929134 0.188976 
vn 0.322835 0.944882 0.0314961 
vn 0.322835 0.944882 0.0314961 
vn 0.299213 0.944882 -0.11811 
vn 0.291339 0.944882 -0.133858 
vn 0.244094 0.905512 -0.346457 
vn 0.244094 0.905512 -0.338583 
vn 0.173228 0.826772 -0.535433 
vn 0.173228 0.834646 -0.527559 
vn 0.133858 0.771654 -0.622047 
vn 0.133858 0.771654 -0.622047 
vn -0.834646 -0.267717 0.480315 
vn -0.834646 -0.23622 -0.496063 
vn -0.787402 -0.472441 0.385827 
vn 0.0393701 -0.425197 0.905512 
vn 0.023622 -0.622047 0.779528 
vn -0.88189 -0.015748 -0.464567 
vn -0.0551181 0.0787402 -0.992126 
vn -0.0629921 -0.149606 -0.984252 
vn 0.944882 -0.338583 -0.015748 
vn 0.937008 -0.338583 -0.0629921 
vn 0.944882 -0.338583 -0.00787402 
vn 0.937008 -0.338583 -0.0708661 
vn 0.937008 -0.346457 -0.0866142 
vn 0.944882 -0.330709 0.023622 
vn 0.937008 -0.338583 0.023622 
vn 0.937008 -0.330709 -0.0866142 
vn 0.944882 -0.330709 -0.015748 
vn 0.944882 -0.330709 0.023622 
vn 0.944882 -0.330709 0.0314961 
vn 0.944882 -0.338583 0.0314961 
vn 0.944882 -0.330709 0.0314961 
vn 0.937008 -0.338583 -0.0866142 
vn 0.937008 -0.338583 -0.0787402 
vn 0.937008 -0.330709 -0.0787402 
vn 0.937008 -0.330709 -0.0944882 
vn 0.937008 -0.338583 -0.110236 
vn 0.937008 -0.322835 -0.141732 
vn 0.937008 -0.322835 -0.133858 
vn 0.937008 -0.322835 -0.15748 
vn 0.929134 -0.322835 -0.19685 
vn 0.92126 -0.322835 -0.19685 
vn 0.913386 -0.338583 -0.23622 
vn 0.929134 -0.314961 -0.204724 
vn 0.913386 -0.322835 -0.244094 
vn 0.913386 -0.314961 -0.244094 
vn -0.889764 -0.267717 -0.377953 
vn -0.771654 -0.23622 0.590551 
vn -0.818898 -0.015748 0.574803 
vn 0.0629921 0.0787402 0.992126 
vn 0.0551181 -0.149606 0.984252 
vn -0.834646 -0.472441 -0.291339 
vn -0.0708661 -0.425197 -0.897638 
vn -0.0708661 -0.622047 -0.779528 
vn -0.0551181 0.984252 0.15748 
vn 0.244094 0.968504 -0.0393701 
vn -0.291339 0.850394 -0.433071 
vn 0.456693 0.732283 0.496063 
vn 0.677165 0.716535 0.15748 
vn 0.0787402 0.826772 0.559055 
vn 0.519685 0.574803 0.637795 
vn 0.535433 0.795276 -0.291339 
vn 0.795276 0.590551 0.15748 
vn 0.133858 0.787402 -0.606299 
vn 0.574803 0.771654 -0.259843 
vn 0.834646 0.425197 0.346457 
vn 0.370079 0.834646 -0.401575 
vn 0.188976 0.76378 -0.614173 
vn -0.275591 0.590551 -0.755906 
vn -0.23622 0.543307 -0.811024 
vn -0.244094 0.551181 -0.80315 
vn -0.566929 0.259843 -0.779528 
vn -0.740157 -0.023622 -0.669291 
vn -0.622047 0.346457 -0.700787 
vn -0.826772 -0.433071 -0.362205 
vn -0.80315 -0.566929 -0.19685 
vn -0.685039 -0.732283 -0.0314961 
vn -0.566929 -0.779528 0.267717 
vn -0.125984 -0.826772 0.551181 
vn -0.818898 0.0551181 -0.566929 
vn -0.858268 0.330709 -0.385827 
vn -0.653543 0.748031 -0.11811 
vn -0.787402 0.614173 -0.0472441 
vn -0.409449 0.850394 0.330709 
vn -0.448819 0.84252 0.299213 
vn 0.102362 0.818898 0.566929 
vn 0.188976 0.811024 0.551181 
vn 0.740157 0.362205 0.566929 
vn -0.598425 0.795276 0.0866142 
vn 0.188976 0.811024 0.551181 
vn -0.88189 0.23622 -0.401575 
vn -0.905512 0.251969 -0.330709 
vn -0.732283 -0.259843 -0.629921 
vn -0.401575 -0.582677 -0.708661 
vn -0.409449 -0.606299 -0.677165 
vn 0.015748 -0.811024 -0.590551 
vn -0.598425 -0.574803 -0.551181 
vn 0.0551181 -0.771654 -0.629921 
vn -0.354331 -0.929134 -0.0944882 
vn 0.0393701 -0.771654 -0.637795 
vn 0.511811 -0.76378 -0.385827 
vn 0.503937 -0.795276 -0.346457 
vn 0.858268 -0.511811 0.015748 
vn 0.488189 -0.779528 -0.393701 
vn 0.866142 -0.496063 -0.0551181 
vn 0.929134 -0.0708661 0.354331 
vn 0.141732 -0.968504 0.212598 
vn -0.181102 -0.771654 0.606299 
vn 0.582677 -0.629921 0.511811 
vn 0.220472 -0.559055 0.80315 
vn 0.503937 -0.409449 0.755906 
vn 0.787402 -0.598425 -0.149606 
vn 0.598425 -0.19685 0.771654 
vn 0.834646 0.425197 0.346457 
vn 0.84252 -0.181102 0.503937 
vn 0.952756 -0.11811 0.267717 
vn 0.811024 0.212598 0.551181 
vn 0.795276 0.590551 0.15748 
vn 0.787402 0.314961 0.527559 
vn 0.519685 0.574803 0.637795 
vn 0.456693 0.732283 0.496063 
vn 0.80315 0.354331 0.480315 
vn 0.677165 0.716535 0.15748 
vn -0.834646 -0.23622 -0.496063 
vn -0.0551181 0.0787402 -0.992126 
vn -0.0629921 -0.149606 -0.984252 
vn -0.88189 -0.015748 -0.464567 
vn -0.834646 -0.267717 0.480315 
vn -0.787402 -0.472441 0.385827 
vn 0.0393701 -0.425197 0.905512 
vn 0.023622 -0.622047 0.779528 
vn 0.0629921 0.0787402 0.992126 
vn -0.818898 -0.015748 0.574803 
vn -0.771654 -0.23622 0.590551 
vn 0.0551181 -0.149606 0.984252 
vn -0.889764 -0.267717 -0.377953 
vn -0.834646 -0.472441 -0.291339 
vn -0.0708661 -0.425197 -0.897638 
vn -0.0708661 -0.622047 -0.779528 
vn 0.299213 -0.527559 -0.795276 
vn 0.543307 0.0314961 -0.834646 
vn 0.811024 -0.393701 -0.440945 
vn 0.88189 0.125984 -0.448819 
vn 0.574803 0.574803 -0.582677 
vn 0.0866142 0.440945 -0.897638 
vn 0.11811 0.834646 -0.543307 
vn 0.401575 0.913386 -0.0708661 
vn -0.212598 0.968504 -0.102362 
vn 0.858268 0.503937 -0.015748 
vn 0.992126 -0.0866142 0.0393701 
vn 0.748031 -0.661417 0.0866142 
vn 0.472441 -0.811024 -0.354331 
vn 0.212598 -0.968504 0.102362 
vn 0.0551181 0.889764 0.448819 
vn -0.472441 0.811024 0.354331 
vn -0.283465 0.543307 0.787402 
vn 0.535433 0.724409 0.440945 
vn 0.314961 0.472441 0.826772 
vn -0.0708661 0.110236 0.992126 
vn -0.543307 -0.0314961 0.834646 
vn -0.110236 -0.433071 0.889764 
vn 0.811024 0.23622 0.535433 
vn 0.448819 -0.125984 0.88189 
vn 0.826772 -0.322835 0.464567 
vn 0.409449 -0.677165 0.606299 
vn -0.11811 -0.834646 0.543307 
vn 0.173228 -0.952756 -0.259843 
vn 0.173228 -0.952756 -0.251969 
vn 0.173228 -0.952756 -0.251969 
vn 0.181102 -0.952756 -0.251969 
vn 0.212598 -0.937008 -0.267717 
vn 0.212598 -0.937008 -0.283465 
vn 0.220472 -0.952756 -0.212598 
vn 0.212598 -0.952756 -0.204724 
vn 0.149606 -0.968504 -0.204724 
vn 0.141732 -0.968504 -0.204724 
vn 0.133858 -0.952756 -0.267717 
vn 0.125984 -0.952756 -0.275591 
vn 0.173228 -0.952756 -0.259843 
vn 0.181102 -0.952756 -0.251969 
vn 0.181102 -0.984252 -0.00787402 
vn 0.204724 -0.976378 -0.023622 
vn 0.212598 -0.976378 -0.015748 
vn 0.181102 -0.984252 -0.015748 
vn 0.165354 -0.984252 0.023622 
vn 0.23622 -0.968504 0.015748 
vn 0.165354 -0.984252 0.0393701 
vn 0.141732 -0.992126 -0.0551181 
vn 0.149606 -0.984252 -0.0629921 
vn 0.23622 -0.968504 0.0393701 
vn 0.244094 -0.968504 -0.0629921 
vn 0.228346 -0.968504 -0.0708661 
vn 0.141732 -0.992126 -0.0551181 
vn 0.149606 -0.984252 -0.0629921 
vn -0.88189 -0.023622 -0.472441 
vn -0.0551181 0.0708661 -0.992126 
vn -0.834646 -0.23622 -0.496063 
vn -0.0629921 -0.149606 -0.984252 
vn -0.834646 -0.275591 0.480315 
vn -0.787402 -0.472441 0.385827 
vn 0.0393701 -0.440945 0.897638 
vn 0.023622 -0.622047 0.779528 
vn -0.88189 -0.275591 -0.370079 
vn -0.0708661 -0.440945 -0.897638 
vn -0.834646 -0.472441 -0.291339 
vn -0.0708661 -0.622047 -0.779528 
vn -0.771654 -0.23622 0.590551 
vn -0.818898 -0.023622 0.574803 
vn 0.0629921 0.0708661 0.992126 
vn 0.0551181 -0.149606 0.984252 
vn -0.0472441 0.259843 -0.968504 
vn -0.0472441 0.259843 -0.968504 
vn -0.0472441 0.259843 -0.968504 
vn -0.0472441 0.259843 -0.968504 
vn -0.354331 0.929134 0.0944882 
vn 0.267717 0.952756 -0.133858 
vn -0.346457 0.76378 -0.543307 
vn 0.110236 0.787402 0.606299 
vn 0.677165 0.653543 0.330709 
vn 0.440945 0.417323 0.795276 
vn 0.795276 0.228346 0.559055 
vn 0.700787 0.653543 -0.283465 
vn 0.314961 0.614173 -0.716535 
vn -0.149606 0.409449 -0.905512 
vn -0.653543 0.259843 -0.708661 
vn 0.259843 0.19685 -0.944882 
vn -0.354331 -0.0314961 -0.937008 
vn -0.944882 0.0393701 -0.330709 
vn -0.818898 -0.251969 -0.519685 
vn 0.937008 0.354331 0 
vn 0.732283 0.338583 -0.582677 
vn 0.102362 -0.299213 -0.952756 
vn -0.401575 -0.393701 -0.826772 
vn -0.110236 -0.787402 -0.606299 
vn 0.653543 -0.0551181 -0.755906 
vn 0.590551 -0.543307 -0.598425 
vn 0.354331 -0.929134 -0.102362 
vn 0.96063 -0.0314961 -0.267717 
vn 0.84252 -0.527559 0.102362 
vn 0.944882 -0.0393701 0.330709 
vn 0.330709 0 0.944882 
vn 0.622047 -0.283465 0.732283 
vn 0.291339 -0.76378 0.582677 
vn 0.283465 0.0708661 -0.952756 
vn 0.92126 -0.0472441 -0.385827 
vn 0.606299 -0.220472 -0.76378 
vn 0.811024 -0.551181 -0.188976 
vn 0.251969 -0.700787 -0.669291 
vn 0.417323 0.464567 -0.779528 
vn 0.779528 0.244094 -0.582677 
vn 0.692913 0.653543 -0.307087 
vn 0.11811 0.834646 -0.535433 
vn 0.952756 0.314961 -0.015748 
vn 0.968504 -0.0944882 0.212598 
vn 0.590551 -0.622047 0.511811 
vn 0.314961 -0.952756 -0.00787402 
vn -0.11811 -0.834646 0.535433 
vn 0.338583 0.92126 0.165354 
vn -0.307087 0.952756 0.00787402 
vn 0.724409 0.606299 0.330709 
vn -0.251969 0.740157 0.622047 
vn -0.834646 0.511811 0.181102 
vn 0.322835 0.527559 0.787402 
vn 0.795276 0.267717 0.551181 
vn 0.354331 0.125984 0.929134 
vn -0.0944882 0.299213 0.952756 
vn -0.566929 0.244094 0.787402 
vn -0.275591 -0.0944882 0.96063 
vn 0.645669 -0.165354 0.740157 
vn 0.0866142 -0.409449 0.905512 
vn -0.401575 -0.464567 0.787402 
vn -0.503937 0.818898 -0.283465 
vn -0.251969 0.944882 0.19685 
vn 0 0.929134 -0.362205 
vn 0.362205 0.92126 0.133858 
vn 0.110236 0.787402 0.606299 
vn -0.362205 0.582677 -0.724409 
vn -0.84252 0.385827 -0.385827 
vn -0.590551 0.015748 -0.811024 
vn 0.590551 0.559055 0.582677 
vn 0.133858 0.362205 0.92126 
vn -0.125984 0.188976 -0.976378 
vn -0.133858 -0.362205 -0.92126 
vn 0.228346 0.574803 -0.787402 
vn 0.503937 0.779528 -0.377953 
vn 0.834646 0.543307 0.015748 
vn 0.771654 0.322835 -0.551181 
vn 0.401575 -0.023622 -0.913386 
vn 0.889764 0.165354 0.425197 
vn 0.590551 -0.015748 0.811024 
vn 0.992126 -0.0629921 -0.0944882 
vn 0.834646 -0.377953 0.401575 
vn 0.346457 -0.598425 0.724409 
vn 0.795276 -0.228346 -0.559055 
vn 0.771654 -0.606299 -0.188976 
vn 0.551181 -0.795276 0.244094 
vn 0.251969 -0.944882 -0.19685 
vn 0.409449 -0.598425 -0.685039 
vn -0.110236 -0.787402 -0.606299 
vn 0.0708661 0.259843 0.96063 
vn 0.0708661 0.259843 0.96063 
vn 0.0708661 0.259843 0.96063 
vn 0.0708661 0.259843 0.96063 
vn 0.173228 -0.937008 -0.314961 
vn 0.165354 -0.937008 -0.307087 
vn 0.165354 -0.937008 -0.314961 
vn 0.173228 -0.937008 -0.307087 
vn 0.19685 -0.92126 -0.330709 
vn 0.19685 -0.92126 -0.338583 
vn 0.212598 -0.937008 -0.275591 
vn 0.204724 -0.944882 -0.267717 
vn 0.141732 -0.952756 -0.259843 
vn 0.133858 -0.952756 -0.267717 
vn 0.133858 -0.937008 -0.322835 
vn 0.133858 -0.929134 -0.338583 
vn 0.173228 -0.937008 -0.314961 
vn 0.173228 -0.937008 -0.307087 
vn 0.19685 -0.976378 -0.0393701 
vn 0.188976 -0.984252 -0.0472441 
vn 0.188976 -0.984252 -0.0393701 
vn 0.19685 -0.976378 -0.0472441 
vn 0.15748 -0.984252 -0.0393701 
vn 0.23622 -0.968504 -0.0393701 
vn 0.149606 -0.984252 -0.023622 
vn 0.15748 -0.984252 -0.0866142 
vn 0.165354 -0.984252 -0.0944882 
vn 0.23622 -0.968504 -0.0314961 
vn 0.228346 -0.968504 -0.0944882 
vn 0.220472 -0.968504 -0.102362 
vn 0.15748 -0.984252 -0.0866142 
vn 0.165354 -0.984252 -0.0944882 
vn 0.637795 0.716535 -0.291339 
vn 0.992126 0.0708661 0.0629921 
vn 0.748031 0.00787402 -0.669291 
vn 0.566929 0.76378 0.299213 
vn 0.173228 -0.92126 -0.354331 
vn 0.15748 -0.929134 -0.346457 
vn 0.149606 -0.92126 -0.354331 
vn 0.173228 -0.92126 -0.346457 
vn 0.181102 -0.905512 -0.377953 
vn 0.173228 -0.897638 -0.401575 
vn 0.204724 -0.929134 -0.322835 
vn 0.19685 -0.929134 -0.314961 
vn 0.133858 -0.944882 -0.307087 
vn 0.133858 -0.937008 -0.314961 
vn 0.141732 -0.913386 -0.377953 
vn 0.133858 -0.905512 -0.401575 
vn 0.173228 -0.92126 -0.354331 
vn 0.173228 -0.92126 -0.346457 
vn 0.204724 -0.976378 -0.0944882 
vn 0.181102 -0.976378 -0.0944882 
vn 0.181102 -0.976378 -0.0944882 
vn 0.19685 -0.976378 -0.0944882 
vn 0.149606 -0.984252 -0.102362 
vn 0.228346 -0.968504 -0.110236 
vn 0.149606 -0.984252 -0.0944882 
vn 0.15748 -0.976378 -0.141732 
vn 0.165354 -0.976378 -0.149606 
vn 0.228346 -0.968504 -0.0944882 
vn 0.212598 -0.968504 -0.149606 
vn 0.204724 -0.968504 -0.149606 
vn 0.15748 -0.976378 -0.141732 
vn 0.165354 -0.976378 -0.149606 
vn -0.0551181 -0.968504 -0.251969 
vn -0.0551181 -0.968504 -0.251969 
vn -0.0551181 -0.968504 -0.251969 
vn -0.0551181 -0.968504 -0.251969 
vn -0.0551181 -0.968504 -0.251969 
vn -0.0551181 -0.968504 -0.251969 
vn -0.0551181 -0.968504 -0.251969 
vn -0.0551181 -0.968504 -0.251969 
vn -0.023622 -0.968504 0.259843 
vn -0.023622 -0.968504 0.259843 
vn -0.023622 -0.968504 0.259843 
vn -0.023622 -0.968504 0.259843 
vn -0.023622 -0.968504 0.259843 
vn -0.023622 -0.968504 0.259843 
vn -0.023622 -0.968504 0.259843 
vn -0.023622 -0.968504 0.259843 
vn 0.173228 -0.897638 -0.409449 
vn 0.141732 -0.905512 -0.401575 
vn 0.141732 -0.897638 -0.409449 
vn 0.173228 -0.897638 -0.401575 
vn 0.149606 -0.889764 -0.433071 
vn 0.165354 -0.88189 -0.440945 
vn 0.173228 -0.897638 -0.409449 
vn 0.165354 -0.897638 -0.401575 
vn 0.141732 -0.905512 -0.401575 
vn 0.141732 -0.905512 -0.409449 
vn 0.141732 -0.889764 -0.440945 
vn 0.149606 -0.889764 -0.433071 
vn 0.173228 -0.897638 -0.409449 
vn 0.173228 -0.897638 -0.401575 
vn 0.173228 -0.976378 -0.11811 
vn 0.204724 -0.968504 -0.125984 
vn 0.204724 -0.968504 -0.125984 
vn 0.220472 -0.96063 -0.149606 
vn 0.173228 -0.976378 -0.11811 
vn 0.228346 -0.96063 -0.149606 
vn 0.149606 -0.976378 -0.141732 
vn 0.204724 -0.96063 -0.173228 
vn 0.149606 -0.976378 -0.141732 
vn 0.165354 -0.968504 -0.173228 
vn 0.165354 -0.968504 -0.173228 
vn 0.19685 -0.96063 -0.173228 
vn 0.165354 -0.968504 -0.173228 
vn 0.165354 -0.968504 -0.173228 
vn -0.417323 -0.771654 -0.472441 
vn 0.149606 -0.84252 -0.511811 
vn 0.377953 -0.874016 -0.314961 
vn 0.440945 -0.0629921 -0.897638 
vn 0.826772 -0.102362 -0.551181 
vn -0.0629921 0 -1 
vn 0.992126 -0.11811 -0.0629921 
vn -0.133858 -0.811024 -0.566929 
vn -0.551181 0.0629921 -0.834646 
vn -0.889764 0.110236 -0.448819 
vn -0.614173 -0.748031 -0.251969 
vn -0.992126 0.125984 0.0629921 
vn 0.472441 -0.88189 -0.0314961 
vn -0.677165 -0.740157 0.0393701 
vn 0.409449 -0.874016 0.267717 
vn 0.889764 -0.102362 0.448819 
vn -0.582677 -0.748031 0.322835 
vn -0.826772 0.110236 0.551181 
vn 0.551181 -0.0629921 0.834646 
vn -0.354331 -0.771654 0.519685 
vn -0.440945 0.0629921 0.897638 
vn 0.0629921 0 1 
vn 0.212598 -0.84252 0.488189 
vn -0.0629921 -0.811024 0.582677 
vn -0.125984 -0.992126 0.00787402 
vn 0.464567 -0.80315 -0.370079 
vn 0.574803 -0.818898 -0.0393701 
vn 0.503937 -0.80315 0.307087 
vn -0.125984 -0.992126 0.00787402 
vn 0.992126 -0.125984 -0.0629921 
vn -0.125984 -0.992126 0.00787402 
vn 0.204724 -0.771654 -0.598425 
vn 0.440945 -0.0629921 -0.897638 
vn 0.826772 -0.110236 -0.551181 
vn 0.440945 0.480315 -0.755906 
vn 0.76378 0.440945 -0.472441 
vn 0.905512 0.425197 -0.0551181 
vn 0.818898 0.440945 0.370079 
vn 0.889764 -0.110236 0.448819 
vn 0.527559 0.480315 0.700787 
vn -0.0629921 0 -1 
vn 0.015748 0.535433 -0.84252 
vn -0.125984 -0.992126 0.00787402 
vn -0.133858 -0.732283 -0.669291 
vn -0.393701 0.582677 -0.708661 
vn 0.551181 -0.0629921 0.834646 
vn 0.0629921 0 1 
vn 0.11811 0.535433 0.834646 
vn 0.275591 -0.771654 0.566929 
vn -0.125984 -0.992126 0.00787402 
vn -0.307087 0.582677 0.748031 
vn -0.0472441 -0.732283 0.677165 
vn -0.125984 -0.992126 0.00787402 
vn -0.440945 0.0629921 0.897638 
vn -0.629921 0.622047 0.464567 
vn -0.393701 -0.692913 0.606299 
vn -0.125984 -0.992126 0.00787402 
vn -0.826772 0.110236 0.551181 
vn -0.992126 0.125984 0.0629921 
vn -0.76378 0.637795 0.0472441 
vn -0.653543 -0.661417 0.377953 
vn -0.125984 -0.992126 0.00787402 
vn -0.685039 0.622047 -0.377953 
vn -0.76378 -0.645669 0.0472441 
vn -0.125984 -0.992126 0.00787402 
vn -0.692913 -0.661417 -0.299213 
vn -0.125984 -0.992126 0.00787402 
vn -0.889764 0.110236 -0.448819 
vn -0.551181 0.0629921 -0.834646 
vn -0.464567 -0.692913 -0.559055 
vn -0.125984 -0.992126 0.00787402 
vn -0.125984 -0.992126 0.00787402 
vn -0.19685 -0.976378 0.125984 
vn -0.133858 -0.992126 0.00787402 
vn -0.0866142 -0.992126 0.11811 
vn -0.228346 -0.952756 0.181102 
vn -0.133858 -0.992126 0.00787402 
vn -0.228346 -0.850394 -0.472441 
vn -0.251969 -0.897638 -0.370079 
vn -0.251969 -0.88189 -0.401575 
vn 0.0314961 -0.0787402 -1 
vn 0.125984 0.0393701 -0.992126 
vn -0.023622 0.00787402 -1 
vn 0.645669 -0.188976 -0.740157 
vn -0.102362 -0.472441 -0.874016 
vn -0.0944882 -0.00787402 -0.992126 
vn -0.110236 -0.889764 -0.440945 
vn -0.133858 -0.0314961 -0.992126 
vn 0.96063 -0.110236 -0.259843 
vn 0.80315 -0.590551 -0.0708661 
vn 0.779528 -0.614173 -0.110236 
vn 0.937008 -0.220472 -0.275591 
vn 0.740157 -0.645669 -0.181102 
vn 0.96063 -0.181102 -0.220472 
vn -0.0629921 -0.913386 -0.401575 
vn -0.228346 0.0787402 -0.968504 
vn 0.291339 -0.952756 -0.0551181 
vn -0.023622 -0.984252 0.173228 
vn -0.133858 -0.992126 0.00787402 
vn -0.023622 -0.905512 -0.417323 
vn -0.755906 -0.00787402 -0.653543 
vn -0.125984 -0.472441 -0.874016 
vn 0.0629921 -0.992126 0.110236 
vn 0.0866142 -0.976378 0.204724 
vn 0.204724 -0.944882 0.267717 
vn 0.204724 -0.952756 0.23622 
vn 0.19685 -0.968504 0.141732 
vn 0.0393701 -1 0.015748 
vn -0.133858 -0.992126 0.00787402 
vn -0.519685 -0.850394 -0.00787402 
vn -0.929134 -0.370079 0.0393701 
vn -0.913386 -0.401575 -0.00787402 
vn -0.984252 0.133858 -0.141732 
vn -0.984252 0.023622 -0.15748 
vn -0.897638 -0.440945 -0.0866142 
vn -0.992126 0.0708661 -0.102362 
vn 0.00787402 -1 0 
vn -0.133858 -0.992126 0.00787402 
vn -0.551181 -0.834646 0.0314961 
vn -0.992126 0.110236 0.0629921 
vn -0.968504 0.0708661 0.220472 
vn -0.519685 -0.850394 0.0708661 
vn -0.96063 0.023622 0.275591 
vn -0.88189 -0.440945 0.188976 
vn -0.905512 -0.401575 0.11811 
vn -0.96063 0.133858 0.259843 
vn -0.669291 -0.00787402 0.740157 
vn -0.929134 -0.370079 0.0787402 
vn 0.0393701 -1 -0.023622 
vn -0.133858 -0.992126 0.00787402 
vn 0.181102 -0.968504 -0.165354 
vn 0.0472441 -0.992126 -0.110236 
vn -0.133858 -0.992126 0.00787402 
vn 0.173228 -0.952756 -0.259843 
vn -0.0393701 -0.984252 -0.165354 
vn 0.0551181 -0.976378 -0.212598 
vn 0.173228 -0.944882 -0.291339 
vn 0.023622 -0.905512 0.417323 
vn -0.015748 -0.472441 0.88189 
vn -0.110236 0.0787402 0.992126 
vn -0.015748 -0.913386 0.409449 
vn -0.015748 -0.0314961 1 
vn -0.0551181 -0.889764 0.448819 
vn 0.023622 -0.00787402 1 
vn -0.102362 -0.992126 -0.110236 
vn -0.133858 -0.992126 0.00787402 
vn -0.165354 -0.850394 0.496063 
vn 0.0944882 0.00787402 0.992126 
vn 0.149606 -0.0787402 0.984252 
vn -0.212598 -0.976378 -0.102362 
vn -0.133858 -0.992126 0.00787402 
vn -0.204724 -0.897638 0.401575 
vn 0.244094 0.0393701 0.968504 
vn -0.251969 -0.952756 -0.149606 
vn -0.133858 -0.992126 0.00787402 
vn -0.204724 -0.88189 0.433071 
vn 0.732283 -0.188976 0.653543 
vn 0 -0.472441 0.88189 
vn -0.307087 -0.944882 -0.0944882 
vn 0.811024 -0.590551 -0.0314961 
vn 0.984252 -0.110236 0.141732 
vn 0.787402 -0.614173 0.015748 
vn 0.96063 -0.220472 0.15748 
vn 0.755906 -0.645669 0.0944882 
vn 0.976378 -0.181102 0.102362 
vn -0.322835 -0.929134 -0.188976 
vn -0.433071 -0.866142 -0.251969 
vn -0.433071 -0.874016 -0.220472 
vn -0.433071 -0.889764 -0.125984 
vn 0.291339 -0.952756 0.023622 
vn -0.291339 -0.952756 0 
vn -0.133858 -0.992126 0.00787402 
vn 0.330709 -0.944882 -0.023622 
vn 0.984252 -0.141732 -0.0629921 
vn -0.259843 -0.968504 0.015748 
vn -0.133858 -0.992126 0.00787402 
vn -0.291339 -0.952756 0.0393701 
vn -0.133858 -0.992126 0.00787402 
vn -0.409449 -0.889764 0.181102 
vn -0.291339 -0.944882 0.133858 
vn -0.133858 -0.992126 0.00787402 
vn -0.401575 -0.874016 0.275591 
vn -0.299213 -0.929134 0.228346 
vn -0.401575 -0.866142 0.307087 
vn -0.23622 -0.826772 0.511811 
vn -0.19685 -0.889764 0.409449 
vn -0.125984 -0.992126 0.00787402 
vn 0.023622 0.00787402 1 
vn -0.133858 0.0472441 0.992126 
vn 0.11811 -0.015748 0.992126 
vn 0.165354 -0.92126 0.346457 
vn 0.606299 -0.173228 0.771654 
vn 0.787402 -0.0944882 0.606299 
vn 0.102362 -0.913386 0.393701 
vn -0.133858 -0.0866142 0.984252 
vn 0.314961 -0.944882 0.11811 
vn -0.15748 -0.88189 0.440945 
vn -0.559055 -0.787402 0.275591 
vn -0.677165 0.102362 0.724409 
vn -0.787402 0.133858 0.598425 
vn 0.165354 -0.944882 0.291339 
vn 0.598425 -0.0551181 0.80315 
vn -0.496063 -0.84252 0.204724 
vn -0.637795 0.110236 0.76378 
vn -0.330709 -0.866142 0.377953 
vn -0.417323 -0.795276 0.440945 
vn -0.76378 0.11811 0.637795 
vn -0.992126 0.0551181 0.102362 
vn -0.551181 -0.834646 0.0944882 
vn -0.448819 -0.889764 0.0314961 
vn -0.992126 0.125984 0.0629921 
vn -1 0.0551181 0.023622 
vn -0.551181 -0.834646 -0.023622 
vn -0.480315 -0.826772 -0.291339 
vn -0.92126 0.11811 -0.362205 
vn -0.448819 -0.811024 -0.385827 
vn -0.740157 0.11811 -0.669291 
vn -0.748031 0.11811 -0.653543 
vn -0.448819 -0.874016 -0.173228 
vn -0.582677 -0.787402 -0.19685 
vn -0.755906 0.0944882 -0.645669 
vn -0.440945 -0.0551181 -0.897638 
vn -0.283465 -0.889764 -0.362205 
vn 0.023622 -0.866142 -0.496063 
vn -0.0314961 0 -1 
vn -0.0551181 -0.913386 -0.401575 
vn 0.125984 0 -0.992126 
vn -0.0944882 -0.00787402 -0.992126 
vn -0.307087 -0.874016 -0.385827 
vn 0.133858 -0.125984 -0.984252 
vn -0.0393701 -0.905512 -0.417323 
vn 0.362205 -0.897638 -0.251969 
vn 0.692913 -0.0708661 -0.716535 
vn 0.811024 -0.0787402 -0.582677 
vn 0.275591 -0.944882 -0.181102 
vn 0.110236 -0.92126 -0.362205 
vn 0.637795 -0.0551181 -0.76378 
vn 0.212598 -0.874016 -0.425197 
vn 0.771654 -0.0787402 -0.637795 
vn 0.984252 -0.181102 -0.0629921 
vn 0.338583 -0.937008 -0.0708661 
vn 0.244094 -0.968504 0.0866142 
vn 0.984252 -0.133858 0.141732 
vn 0.228346 -0.976378 0.023622 
vn 0.976378 -0.220472 -0.0787402 
vn 0.338583 -0.92126 0.188976 
vn 0.976378 -0.149606 0.149606 
vn 0.724409 -0.0551181 0.692913 
vn 0.228346 -0.88189 0.417323 
vn -0.519685 -0.850394 0.0314961 
vn 0.251969 -0.944882 0.188976 
vn -0.456693 -0.858268 0.23622 
vn -0.299213 -0.874016 0.377953 
vn 0.110236 -0.929134 0.354331 
vn -0.0866142 -0.905512 0.417323 
vn 0.291339 -0.952756 -0.015748 
vn 0.228346 -0.944882 -0.220472 
vn -0.480315 -0.858268 -0.181102 
vn -0.338583 -0.874016 -0.338583 
vn 0.0708661 -0.929134 -0.362205 
vn -0.141732 -0.905512 -0.401575 
vn 0.228346 -0.944882 -0.220472 
vn 0.362205 -0.433071 -0.826772 
vn 0.716535 -0.480315 -0.503937 
vn 0.0708661 -0.929134 -0.362205 
vn 0.291339 -0.952756 -0.015748 
vn -0.102362 -0.377953 -0.92126 
vn 0.866142 -0.496063 -0.0551181 
vn -0.141732 -0.905512 -0.401575 
vn 0.771654 -0.480315 0.417323 
vn -0.551181 -0.322835 -0.771654 
vn 0.251969 -0.944882 0.188976 
vn -0.338583 -0.874016 -0.338583 
vn 0.456693 -0.433071 0.771654 
vn -0.866142 -0.275591 -0.409449 
vn 0.110236 -0.929134 0.354331 
vn -0.480315 -0.858268 -0.181102 
vn 0.00787402 -0.377953 0.929134 
vn -0.96063 -0.259843 0.0629921 
vn -0.0866142 -0.905512 0.417323 
vn -0.519685 -0.850394 0.0314961 
vn -0.456693 -0.314961 0.834646 
vn -0.456693 -0.858268 0.23622 
vn -0.299213 -0.874016 0.377953 
vn -0.811024 -0.275591 0.511811 
vn 0.984252 0.15748 -0.0629921 
vn 0.771654 -0.480315 0.417323 
vn 0.866142 -0.496063 -0.0551181 
vn 0.716535 -0.480315 -0.503937 
vn 0.889764 0.173228 0.425197 
vn 0.826772 0.173228 -0.535433 
vn 0.559055 0.212598 0.795276 
vn 0.456693 0.212598 -0.858268 
vn 0.456693 -0.433071 0.771654 
vn 0.362205 -0.433071 -0.826772 
vn 0.0944882 0.275591 0.952756 
vn -0.023622 0.275591 -0.96063 
vn 0.00787402 -0.377953 0.929134 
vn -0.102362 -0.377953 -0.92126 
vn -0.456693 -0.314961 0.834646 
vn -0.551181 -0.322835 -0.771654 
vn -0.393701 0.338583 0.858268 
vn -0.488189 0.338583 -0.80315 
vn -0.811024 -0.275591 0.511811 
vn -0.866142 -0.275591 -0.409449 
vn -0.755906 0.377953 0.527559 
vn -0.818898 0.377953 -0.433071 
vn -0.96063 -0.259843 0.0629921 
vn -0.913386 0.393701 0.0551181 

vt 0.320697 0.544857 
vt 0.295627 0.560512 
vt 0.278964 0.505805 
vt 0.349893 0.572422 
vt 0.334574 0.5189 
vt 0.307214 0.599109 
vt 0.373533 0.528209 
vt 0.371271 0.592229 
vt 0.315958 0.627145 
vt 0.401831 0.535002 
vt 0.256604 0.60084 
vt 0.249887 0.629624 
vt 0.265964 0.561554 
vt 0.192044 0.598129 
vt 0.372432 0.478098 
vt 0.400398 0.470122 
vt 0.366799 0.413729 
vt 0.333812 0.489417 
vt 0.318276 0.464251 
vt 0.346213 0.435168 
vt 0.301936 0.41089 
vt 0.292257 0.450119 
vt 0.308909 0.38229 
vt 0.262557 0.450914 
vt 0.251293 0.412136 
vt 0.242934 0.383881 
vt 0.186708 0.418642 
vt 0.237282 0.466565 
vt 0.208113 0.438724 
vt 0.184094 0.483287 
vt 0.155462 0.476439 
vt 0.157153 0.542361 
vt 0.223251 0.49267 
vt 0.18535 0.53388 
vt 0.224121 0.522287 
vt 0.211976 0.576882 
vt 0.23972 0.547576 
vt 0.131065 0.373438 
vt 0.0769657 0.360797 
vt 0.127441 0.362246 
vt 0.128451 0.361815 
vt 0.13206 0.373213 
vt 0.127093 0.351968 
vt 0.128119 0.351752 
vt 0.129616 0.340452 
vt 0.130621 0.340052 
vt 0.128056 0.383509 
vt 0.128862 0.383852 
vt 0.118946 0.390191 
vt 0.124425 0.331668 
vt 0.125154 0.330781 
vt 0.114644 0.325401 
vt 0.118267 0.389709 
vt 0.11405 0.326431 
vt 0.106686 0.319986 
vt 0.107422 0.319084 
vt 0.111478 0.396971 
vt 0.112308 0.397277 
vt 0.100659 0.311014 
vt 0.101242 0.309997 
vt 0.0910047 0.305642 
vt 0.106235 0.406936 
vt 0.106926 0.407388 
vt 0.0971767 0.41232 
vt 0.0909248 0.306881 
vt 0.0788265 0.308515 
vt 0.0970177 0.411601 
vt 0.078776 0.309774 
vt 0.0674414 0.306024 
vt 0.0674581 0.304783 
vt 0.0571078 0.308294 
vt 0.0858746 0.409636 
vt 0.0858917 0.410366 
vt 0.0753283 0.410905 
vt 0.057449 0.309452 
vt 0.0751142 0.410192 
vt 0.0635218 0.413467 
vt 0.0635198 0.414195 
vt 0.0531967 0.410563 
vt 0.048189 0.314618 
vt 0.0475385 0.313661 
vt 0.0417782 0.322847 
vt 0.0537571 0.410023 
vt 0.0465341 0.401208 
vt 0.0424491 0.323806 
vt 0.0322263 0.328297 
vt 0.0315569 0.327366 
vt 0.0255066 0.336016 
vt 0.0472534 0.400797 
vt 0.0398781 0.39436 
vt 0.0393193 0.39491 
vt 0.0264131 0.336686 
vt 0.0224469 0.347351 
vt 0.0300493 0.38927 
vt 0.0293555 0.389696 
vt 0.0238571 0.379658 
vt 0.0234263 0.34762 
vt 0.0254848 0.358454 
vt 0.0264757 0.358554 
vt 0.0248335 0.379745 
vt 0.0258112 0.368153 
vt 0.0268164 0.368438 
vt 0.105253 0.199474 
vt 0.102896 0.187343 
vt 0.118676 0.201356 
vt 0.131034 0.193582 
vt 0.132813 0.202828 
vt 0.132062 0.202939 
vt 0.132481 0.22515 
vt 0.118947 0.225229 
vt 0.131734 0.225397 
vt 0.13263 0.237011 
vt 0.131838 0.237295 
vt 0.118379 0.23747 
vt 0.105424 0.224853 
vt 0.130463 0.246789 
vt 0.131227 0.24635 
vt 0.116951 0.248663 
vt 0.10478 0.23767 
vt 0.128772 0.255622 
vt 0.129739 0.25541 
vt 0.125926 0.267933 
vt 0.126656 0.268511 
vt 0.110686 0.271673 
vt 0.112994 0.258924 
vt 0.110613 0.271156 
vt 0.099067 0.273428 
vt 0.100173 0.262032 
vt 0.103408 0.250093 
vt 0.0991071 0.273095 
vt 0.0883459 0.27616 
vt 0.089051 0.26327 
vt 0.0883706 0.27568 
vt 0.0759653 0.276773 
vt 0.0764541 0.263366 
vt 0.0902525 0.250588 
vt 0.0759832 0.276279 
vt 0.0636094 0.274768 
vt 0.0635989 0.275248 
vt 0.0638343 0.262345 
vt 0.076927 0.250393 
vt 0.0531527 0.271419 
vt 0.0531684 0.271755 
vt 0.0528947 0.260308 
vt 0.0635533 0.249611 
vt 0.0418185 0.268648 
vt 0.0417079 0.269158 
vt 0.0267806 0.264318 
vt 0.0260108 0.264842 
vt 0.0238904 0.25155 
vt 0.0403347 0.256274 
vt 0.0248393 0.251832 
vt 0.0230661 0.242406 
vt 0.0237956 0.2429 
vt 0.037135 0.245753 
vt 0.0505385 0.248166 
vt 0.0365264 0.234485 
vt 0.0500742 0.235675 
vt 0.0368516 0.222236 
vt 0.0231154 0.233331 
vt 0.0240863 0.221472 
vt 0.0223466 0.23299 
vt 0.0233585 0.221172 
vt 0.0253944 0.199049 
vt 0.0246528 0.198885 
vt 0.0388598 0.198446 
vt 0.050366 0.222845 
vt 0.0271013 0.189792 
vt 0.0261511 0.189548 
vt 0.0300034 0.175922 
vt 0.0292881 0.174956 
vt 0.0451999 0.173382 
vt 0.0428407 0.187539 
vt 0.0452533 0.174443 
vt 0.0568093 0.171894 
vt 0.055618 0.185619 
vt 0.0523842 0.197546 
vt 0.056746 0.172863 
vt 0.0674507 0.169607 
vt 0.0666861 0.18413 
vt 0.067406 0.170636 
vt 0.079886 0.169236 
vt 0.0793502 0.183932 
vt 0.0654678 0.197102 
vt 0.0798482 0.170274 
vt 0.092168 0.171529 
vt 0.0921982 0.1705 
vt 0.0919032 0.185042 
vt 0.0788636 0.197278 
vt 0.1027 0.174539 
vt 0.102708 0.173567 
vt 0.0921671 0.198072 
vt 0.114048 0.176951 
vt 0.114178 0.175897 
vt 0.129149 0.179537 
vt 0.129933 0.178626 
vt 0.131999 0.193407 
vt 0.1155 0.190188 
vt 0.351894 0.286285 
vt 0.330187 0.324602 
vt 0.327331 0.321215 
vt 0.35609 0.28783 
vt 0.355427 0.243627 
vt 0.359834 0.242869 
vt 0.337468 0.20477 
vt 0.340914 0.201907 
vt 0.259368 0.176854 
vt 0.302283 0.18034 
vt 0.303818 0.176116 
vt 0.258537 0.172384 
vt 0.220674 0.1955 
vt 0.217822 0.192118 
vt 0.191748 0.228726 
vt 0.195931 0.230291 
vt 0.187771 0.273614 
vt 0.288529 0.339673 
vt 0.289338 0.344153 
vt 0.245558 0.335964 
vt 0.244021 0.340188 
vt 0.192179 0.272861 
vt 0.206818 0.314503 
vt 0.210254 0.311628 
vt 0.794784 0.435786 
vt 0.794808 0.435792 
vt 0.794794 0.43578 
vt 0.794792 0.435762 
vt 0.0720075 0.429415 
vt 0.0420285 0.443321 
vt 0.0734167 0.435666 
vt 0.105098 0.445163 
vt 0.107249 0.439864 
vt 0.0372225 0.438018 
vt 0.0116454 0.462575 
vt 0.128263 0.470009 
vt 0.133111 0.467484 
vt 0.0188862 0.465433 
vt 0.00120157 0.496584 
vt 0.141652 0.50497 
vt 0.00943513 0.496135 
vt 0.135885 0.503618 
vt 0.125451 0.536276 
vt 0.129995 0.541394 
vt 0.0158742 0.527882 
vt 0.00828105 0.531766 
vt 0.101746 0.566061 
vt 0.0368757 0.55282 
vt 0.0314729 0.559499 
vt 0.0655033 0.572361 
vt 0.100146 0.558478 
vt 0.0675766 0.56427 
vt 0.811466 0.402517 
vt 0.811322 0.402666 
vt 0.811166 0.402498 
vt 0.811298 0.402285 
vt 0.81111 0.402763 
vt 0.811384 0.402874 
vt 0.810345 0.402403 
vt 0.810964 0.403674 
vt 0.810517 0.403078 
vt 0.807274 0.404857 
vt 0.809847 0.400535 
vt 0.806181 0.401561 
vt 0.81156 0.40197 
vt 0.811599 0.402481 
vt 0.81164 0.4025 
vt 0.812052 0.40221 
vt 0.811884 0.402682 
vt 0.8117 0.400355 
vt 0.795162 0.376952 
vt 0.784861 0.417606 
vt 0.812394 0.402918 
vt 0.813493 0.401292 
vt 0.817698 0.375429 
vt 0.816374 0.404288 
vt 0.842518 0.304189 
vt 0.834687 0.388982 
vt 0.760688 0.301073 
vt 0.894442 0.354752 
vt 0.781402 0.39552 
vt 0.692198 0.36405 
vt 0.692198 0.47091 
vt 0.839502 0.410968 
vt 0.911966 0.425107 
vt 0.813461 0.40738 
vt 0.825221 0.42929 
vt 0.873419 0.497404 
vt 0.784463 0.524832 
vt 0.802165 0.431808 
vt 0.809424 0.40787 
vt 0.811742 0.403283 
vt 0.811611 0.402579 
vt 0.811627 0.402509 
vt 0.81159 0.40253 
vt 0.811592 0.402519 
vt 0.811602 0.40251 
vt 0.811556 0.402486 
vt 0.811617 0.402515 
vt 0.811601 0.402533 
vt 0.811611 0.402533 
vt 0.811619 0.402527 
vt 0.811646 0.402552 
vt 0.811567 0.402587 
vt 0.811483 0.402588 
vt 0.0142611 0.137594 
vt 0.0195385 0.135842 
vt 0.0191344 0.137493 
vt 0.0146652 0.135943 
vt 0.0426077 0.137005 
vt 0.0471542 0.135267 
vt 0.0467501 0.136918 
vt 0.0430118 0.135354 
vt 0.0142611 0.137594 
vt 0.0195385 0.135842 
vt 0.0146652 0.135943 
vt 0.0191344 0.137493 
vt 0.0426077 0.137005 
vt 0.0471542 0.135267 
vt 0.0430118 0.135354 
vt 0.0467501 0.136918 
vt 0.794804 0.435756 
vt 0.794854 0.43569 
vt 0.794815 0.435757 
vt 0.794899 0.435721 
vt 0.794784 0.435786 
vt 0.794823 0.43577 
vt 0.794792 0.435762 
vt 0.794793 0.435651 
vt 0.79482 0.435785 
vt 0.794987 0.435426 
vt 0.794808 0.435792 
vt 0.794547 0.43458 
vt 0.794902 0.435775 
vt 0.795175 0.435561 
vt 0.795198 0.435794 
vt 0.7949 0.435846 
vt 0.795272 0.434867 
vt 0.795674 0.435267 
vt 0.795829 0.435824 
vt 0.79572 0.436644 
vt 0.794814 0.435874 
vt 0.796801 0.434609 
vt 0.796849 0.430903 
vt 0.800136 0.436467 
vt 0.800439 0.432507 
vt 0.823336 0.419409 
vt 0.792468 0.429025 
vt 0.804554 0.449436 
vt 0.827113 0.442501 
vt 0.91327 0.47263 
vt 0.846085 0.534615 
vt 0.91327 0.368292 
vt 0.805438 0.404439 
vt 0.823786 0.314745 
vt 0.781278 0.406536 
vt 0.736299 0.340384 
vt 0.788123 0.465842 
vt 0.765093 0.531552 
vt 0.793841 0.442266 
vt 0.768427 0.450353 
vt 0.713675 0.48107 
vt 0.69721 0.411079 
vt 0.765598 0.425571 
vt 0.788509 0.439192 
vt 0.788803 0.433099 
vt 0.793291 0.436581 
vt 0.794717 0.437066 
vt 0.79367 0.435141 
vt 0.794246 0.436074 
vt 0.794722 0.435712 
vt 0.794741 0.43581 
vt 0.794794 0.43578 
vt 0.778906 0.81862 
vt 0.787997 0.851953 
vt 0.787997 0.81862 
vt 0.778906 0.851953 
vt 0.797088 0.851953 
vt 0.797088 0.81862 
vt 0.797088 0.785286 
vt 0.787997 0.785286 
vt 0.778906 0.785286 
vt 0.778906 0.751953 
vt 0.787997 0.751953 
vt 0.797088 0.751953 
vt 0.797088 0.71862 
vt 0.787997 0.71862 
vt 0.778906 0.71862 
vt 0.778906 0.685286 
vt 0.787997 0.685286 
vt 0.797088 0.685286 
vt 0.778906 0.651953 
vt 0.797088 0.651953 
vt 0.787997 0.651953 
vt 0.778906 0.81862 
vt 0.788805 0.851953 
vt 0.788805 0.81862 
vt 0.778906 0.851953 
vt 0.797088 0.851953 
vt 0.788805 0.785286 
vt 0.778906 0.785286 
vt 0.797088 0.81862 
vt 0.806179 0.851953 
vt 0.806179 0.81862 
vt 0.806179 0.785286 
vt 0.778906 0.751953 
vt 0.797088 0.785286 
vt 0.806179 0.751953 
vt 0.797088 0.751953 
vt 0.806179 0.71862 
vt 0.788805 0.751953 
vt 0.797088 0.71862 
vt 0.788805 0.71862 
vt 0.778906 0.71862 
vt 0.778906 0.685286 
vt 0.788805 0.685286 
vt 0.778906 0.651953 
vt 0.788805 0.651953 
vt 0.797088 0.651953 
vt 0.797088 0.685286 
vt 0.806179 0.685286 
vt 0.806179 0.651953 
vt 0.591433 0.0675095 
vt 0.57341 0.0675095 
vt 0.57341 0.107162 
vt 0.591433 0.0278577 
vt 0.57341 0.0278577 
vt 0.582422 -0.0117942 
vt 0.555387 0.107162 
vt 0.57341 0.146814 
vt 0.555387 0.146814 
vt 0.555387 0.0675095 
vt 0.555387 0.0278577 
vt 0.564398 -0.0117942 
vt 0.537364 0.0278577 
vt 0.546375 -0.0117942 
vt 0.537364 0.0675095 
vt 0.537364 0.107162 
vt 0.519341 0.0278577 
vt 0.528352 -0.0117942 
vt 0.519341 0.0675095 
vt 0.537364 0.146814 
vt 0.519341 0.107162 
vt 0.555387 0.186465 
vt 0.57341 0.186465 
vt 0.537364 0.186465 
vt 0.555387 0.226117 
vt 0.519341 0.146814 
vt 0.537364 0.226117 
vt 0.501318 0.107162 
vt 0.519341 0.186465 
vt 0.501318 0.146814 
vt 0.501318 0.0675095 
vt 0.483294 0.107162 
vt 0.0424038 0.128025 
vt 0.0189305 0.128513 
vt 0.0428079 0.126374 
vt 0.0193346 0.126862 
vt 0.0424038 0.128025 
vt 0.0428079 0.126374 
vt 0.0189305 0.128513 
vt 0.0193346 0.126862 
vt 0.46701 0.859635 
vt 0.46701 0.826302 
vt 0.46701 0.859635 
vt 0.46701 0.892969 
vt 0.46701 0.892969 
vt 0.46701 0.826302 
vt 0.46701 0.792969 
vt 0.46701 0.792969 
vt 0.46701 0.759635 
vt 0.46701 0.759635 
vt 0.46701 0.726302 
vt 0.46701 0.726302 
vt 0.46701 0.692969 
vt 0.46701 0.692969 
vt 0.476101 0.759635 
vt 0.46701 0.792969 
vt 0.476101 0.792969 
vt 0.476101 0.826302 
vt 0.46701 0.759635 
vt 0.46701 0.826302 
vt 0.46701 0.726302 
vt 0.46701 0.859635 
vt 0.476101 0.726302 
vt 0.476101 0.692969 
vt 0.46701 0.692969 
vt 0.476101 0.859635 
vt 0.476101 0.892969 
vt 0.46701 0.892969 
vt 0.476101 0.859635 
vt 0.476101 0.826302 
vt 0.476101 0.859635 
vt 0.476101 0.892969 
vt 0.476101 0.892969 
vt 0.476101 0.826302 
vt 0.476101 0.792969 
vt 0.476101 0.792969 
vt 0.476101 0.759635 
vt 0.476101 0.759635 
vt 0.476101 0.726302 
vt 0.476101 0.726302 
vt 0.476101 0.692969 
vt 0.476101 0.692969 
vt 0.485192 0.726302 
vt 0.476101 0.726302 
vt 0.485192 0.759635 
vt 0.485192 0.692969 
vt 0.476101 0.692969 
vt 0.476101 0.759635 
vt 0.476101 0.792969 
vt 0.485192 0.792969 
vt 0.485192 0.826302 
vt 0.476101 0.826302 
vt 0.476101 0.859635 
vt 0.485192 0.859635 
vt 0.476101 0.892969 
vt 0.485192 0.892969 
vt 0.113933 0.136741 
vt 0.117808 0.137779 
vt 0.11617 0.136141 
vt 0.113334 0.138978 
vt 0.117208 0.140016 
vt 0.114971 0.140615 
vt 0.117808 0.137779 
vt 0.113334 0.138978 
vt 0.113933 0.136741 
vt 0.11617 0.136141 
vt 0.117208 0.140016 
vt 0.114971 0.140615 
vt 0.806179 0.751953 
vt 0.81527 0.71862 
vt 0.806179 0.71862 
vt 0.806179 0.685286 
vt 0.81527 0.685286 
vt 0.806179 0.651953 
vt 0.81527 0.651953 
vt 0.824361 0.685286 
vt 0.824361 0.651953 
vt 0.824361 0.71862 
vt 0.81527 0.751953 
vt 0.824361 0.751953 
vt 0.824361 0.785286 
vt 0.81527 0.785286 
vt 0.806179 0.785286 
vt 0.806179 0.81862 
vt 0.81527 0.81862 
vt 0.824361 0.81862 
vt 0.824361 0.851953 
vt 0.81527 0.851953 
vt 0.806179 0.851953 
vt 0.824361 0.751953 
vt 0.833452 0.71862 
vt 0.824361 0.71862 
vt 0.833452 0.751953 
vt 0.833452 0.785286 
vt 0.824361 0.685286 
vt 0.833452 0.685286 
vt 0.833452 0.651953 
vt 0.824361 0.651953 
vt 0.81527 0.685286 
vt 0.81527 0.651953 
vt 0.81527 0.71862 
vt 0.81527 0.751953 
vt 0.824361 0.785286 
vt 0.81527 0.785286 
vt 0.81527 0.81862 
vt 0.824361 0.81862 
vt 0.833452 0.81862 
vt 0.833452 0.851953 
vt 0.824361 0.851953 
vt 0.81527 0.851953 
vt 0.494283 0.859635 
vt 0.494283 0.826302 
vt 0.494283 0.859635 
vt 0.494283 0.892969 
vt 0.494283 0.892969 
vt 0.494283 0.826302 
vt 0.494283 0.792969 
vt 0.494283 0.792969 
vt 0.494283 0.759635 
vt 0.494283 0.759635 
vt 0.494283 0.726302 
vt 0.494283 0.726302 
vt 0.494283 0.692969 
vt 0.494283 0.692969 
vt 0.503374 0.759635 
vt 0.503374 0.726302 
vt 0.494283 0.726302 
vt 0.503374 0.692969 
vt 0.494283 0.692969 
vt 0.494283 0.759635 
vt 0.494283 0.792969 
vt 0.503374 0.792969 
vt 0.503374 0.826302 
vt 0.494283 0.826302 
vt 0.494283 0.859635 
vt 0.503374 0.859635 
vt 0.503374 0.892969 
vt 0.494283 0.892969 
vt 0.503374 0.726302 
vt 0.503374 0.692969 
vt 0.503374 0.726302 
vt 0.503374 0.692969 
vt 0.503374 0.759635 
vt 0.503374 0.759635 
vt 0.503374 0.792969 
vt 0.503374 0.792969 
vt 0.503374 0.826302 
vt 0.503374 0.826302 
vt 0.503374 0.859635 
vt 0.503374 0.859635 
vt 0.503374 0.892969 
vt 0.503374 0.892969 
vt 0.512464 0.759635 
vt 0.503374 0.792969 
vt 0.512464 0.792969 
vt 0.503374 0.826302 
vt 0.503374 0.759635 
vt 0.512464 0.826302 
vt 0.503374 0.726302 
vt 0.503374 0.859635 
vt 0.512464 0.726302 
vt 0.512464 0.692969 
vt 0.503374 0.692969 
vt 0.512464 0.859635 
vt 0.503374 0.892969 
vt 0.512464 0.892969 
vt 0.851633 0.685286 
vt 0.842543 0.685286 
vt 0.851633 0.71862 
vt 0.851633 0.651953 
vt 0.842543 0.651953 
vt 0.833452 0.651953 
vt 0.833452 0.685286 
vt 0.842543 0.71862 
vt 0.833452 0.71862 
vt 0.833452 0.751953 
vt 0.842543 0.751953 
vt 0.851633 0.751953 
vt 0.833452 0.785286 
vt 0.842543 0.785286 
vt 0.851633 0.785286 
vt 0.833452 0.81862 
vt 0.842543 0.81862 
vt 0.851633 0.81862 
vt 0.851633 0.851953 
vt 0.842543 0.851953 
vt 0.833452 0.851953 
vt 0.860724 0.71862 
vt 0.851633 0.71862 
vt 0.851633 0.751953 
vt 0.860724 0.751953 
vt 0.860724 0.785286 
vt 0.851633 0.685286 
vt 0.860724 0.685286 
vt 0.860724 0.651953 
vt 0.851633 0.651953 
vt 0.842543 0.685286 
vt 0.842543 0.651953 
vt 0.842543 0.71862 
vt 0.842543 0.751953 
vt 0.842543 0.785286 
vt 0.851633 0.785286 
vt 0.842543 0.81862 
vt 0.851633 0.81862 
vt 0.860724 0.81862 
vt 0.860724 0.851953 
vt 0.851633 0.851953 
vt 0.842543 0.851953 
vt 0.530646 0.792969 
vt 0.521555 0.826302 
vt 0.530646 0.826302 
vt 0.530646 0.859635 
vt 0.521555 0.792969 
vt 0.521555 0.859635 
vt 0.530646 0.892969 
vt 0.521555 0.892969 
vt 0.530646 0.759635 
vt 0.521555 0.759635 
vt 0.521555 0.726302 
vt 0.530646 0.726302 
vt 0.521555 0.692969 
vt 0.530646 0.692969 
vt 0.521555 0.859635 
vt 0.521555 0.826302 
vt 0.521555 0.859635 
vt 0.521555 0.892969 
vt 0.521555 0.892969 
vt 0.521555 0.826302 
vt 0.521555 0.792969 
vt 0.521555 0.792969 
vt 0.521555 0.759635 
vt 0.521555 0.759635 
vt 0.521555 0.726302 
vt 0.521555 0.726302 
vt 0.521555 0.692969 
vt 0.521555 0.692969 
vt 0.951895 0.265769 
vt 0.933872 0.226117 
vt 0.933872 0.265769 
vt 0.915849 0.226117 
vt 0.915849 0.186465 
vt 0.951895 0.226117 
vt 0.969918 0.265769 
vt 0.933872 0.186465 
vt 0.915849 0.146814 
vt 0.969918 0.226117 
vt 0.987942 0.226117 
vt 0.951895 0.186465 
vt 0.933872 0.146814 
vt 0.915848 0.107162 
vt 0.969918 0.186465 
vt 0.987942 0.186465 
vt 0.951895 0.146814 
vt 0.969918 0.146814 
vt 0.987942 0.146814 
vt 0.933872 0.107162 
vt 0.951895 0.107162 
vt 0.969918 0.107162 
vt 0.987942 0.107162 
vt 0.933872 0.0675095 
vt 0.951895 0.0675095 
vt 0.969918 0.0675095 
vt 0.987942 0.0675095 
vt 0.987942 0.0278577 
vt 0.969918 0.0278577 
vt 0.97893 -0.0117942 
vt 0.951895 0.0278577 
vt 0.960907 -0.0117942 
vt 0.933872 0.0278577 
vt 0.942884 -0.0117942 
vt 0.915849 0.0675095 
vt 0.897826 0.107162 
vt 0.897826 0.0675095 
vt 0.915849 0.0278577 
vt 0.924861 -0.0117942 
vt 0.897826 0.0278577 
vt 0.906838 -0.0117942 
vt 0.879803 0.0675095 
vt 0.879803 0.0278577 
vt 0.888814 -0.0117942 
vt 0.530646 0.859635 
vt 0.530646 0.892969 
vt 0.530646 0.859635 
vt 0.530646 0.892969 
vt 0.530646 0.826302 
vt 0.530646 0.826302 
vt 0.530646 0.792969 
vt 0.530646 0.792969 
vt 0.530646 0.759635 
vt 0.530646 0.759635 
vt 0.530646 0.726302 
vt 0.530646 0.726302 
vt 0.530646 0.692969 
vt 0.530646 0.692969 
vt 0.0465461 0.127938 
vt 0.0469503 0.126287 
vt 0.0464226 0.122499 
vt 0.0468267 0.120848 
vt 0.0467501 0.136918 
vt 0.0471542 0.135267 
vt 0.663526 0.305421 
vt 0.681549 0.265769 
vt 0.663526 0.265769 
vt 0.681549 0.305421 
vt 0.663526 0.345073 
vt 0.699572 0.305421 
vt 0.681549 0.345073 
vt 0.663526 0.384725 
vt 0.645503 0.384725 
vt 0.681549 0.384725 
vt 0.699572 0.345073 
vt 0.699572 0.384725 
vt 0.717595 0.345073 
vt 0.645503 0.345073 
vt 0.717595 0.305421 
vt 0.735618 0.305421 
vt 0.717595 0.265769 
vt 0.699572 0.265769 
vt 0.699572 0.226117 
vt 0.681549 0.226117 
vt 0.663526 0.226117 
vt 0.681549 0.186465 
vt 0.663526 0.186465 
vt 0.699572 0.186465 
vt 0.717595 0.186465 
vt 0.717595 0.146814 
vt 0.681549 0.146814 
vt 0.699572 0.146814 
vt 0.717595 0.107162 
vt 0.735618 0.107162 
vt 0.735618 0.0675095 
vt 0.663526 0.146814 
vt 0.717595 0.0675095 
vt 0.717595 0.0278577 
vt 0.699572 0.107162 
vt 0.681549 0.107162 
vt 0.663526 0.107162 
vt 0.699572 0.0278577 
vt 0.708583 -0.0117942 
vt 0.699572 0.0675095 
vt 0.681549 0.0675095 
vt 0.681549 0.0278577 
vt 0.69056 -0.0117942 
vt 0.663526 0.0675095 
vt 0.663526 0.0278577 
vt 0.672537 -0.0117942 
vt 0.645503 0.0278577 
vt 0.654514 -0.0117942 
vt 0.645503 0.0675095 
vt 0.645503 0.107162 
vt 0.627479 0.0278577 
vt 0.636491 -0.0117942 
vt 0.627479 0.0675095 
vt 0.645503 0.146814 
vt 0.627479 0.107162 
vt 0.609456 0.0278577 
vt 0.618468 -0.0117942 
vt 0.609456 0.0675095 
vt 0.600445 -0.0117942 
vt 0.645503 0.186465 
vt 0.627479 0.146814 
vt 0.645503 0.226117 
vt 0.627479 0.186465 
vt 0.609456 0.146814 
vt 0.609456 0.186465 
vt 0.609456 0.107162 
vt 0.591433 0.146814 
vt 0.591433 0.186465 
vt 0.591433 0.107162 
vt 0.515647 0.394752 
vt 0.527161 0.353982 
vt 0.570143 0.386817 
vt 0.474032 0.386818 
vt 0.49045 0.353982 
vt 0.543578 0.338889 
vt 0.45319 0.394752 
vt 0.58656 0.353982 
vt 0.58656 0.353982 
vt 0.447467 0.439947 
vt 0.447467 0.439947 
vt 0.457614 0.493076 
vt 0.484178 0.439947 
vt 0.470452 0.485141 
vt 0.500596 0.525912 
vt 0.543578 0.439947 
vt 0.517013 0.493076 
vt 0.559996 0.525912 
vt 0.543578 0.541004 
vt 0.596707 0.525911 
vt 0.571509 0.485141 
vt 0.613125 0.493076 
vt 0.633967 0.485141 
vt 0.602978 0.439947 
vt 0.63969 0.439947 
vt 0.616704 0.394752 
vt 0.629542 0.386818 
vt 0.63969 0.439947 
vt 0.539737 0.759635 
vt 0.539737 0.726302 
vt 0.530646 0.726302 
vt 0.539737 0.692969 
vt 0.530646 0.692969 
vt 0.530646 0.759635 
vt 0.530646 0.792969 
vt 0.539737 0.792969 
vt 0.539737 0.826302 
vt 0.530646 0.826302 
vt 0.530646 0.859635 
vt 0.539737 0.859635 
vt 0.530646 0.892969 
vt 0.539737 0.892969 
vt 0.0469503 0.126287 
vt 0.0465461 0.127938 
vt 0.0464226 0.122499 
vt 0.0468267 0.120848 
vt 0.0467501 0.136918 
vt 0.0471542 0.135267 
vt 0.869815 0.785286 
vt 0.860724 0.751953 
vt 0.860724 0.785286 
vt 0.860724 0.81862 
vt 0.869815 0.851953 
vt 0.860724 0.851953 
vt 0.869815 0.81862 
vt 0.878906 0.851953 
vt 0.878906 0.81862 
vt 0.878906 0.785286 
vt 0.869815 0.751953 
vt 0.878906 0.751953 
vt 0.878906 0.71862 
vt 0.869815 0.71862 
vt 0.860724 0.71862 
vt 0.860724 0.685286 
vt 0.869815 0.685286 
vt 0.878906 0.685286 
vt 0.878906 0.651953 
vt 0.869815 0.651953 
vt 0.860724 0.651953 
vt 0.501318 0.0278577 
vt 0.510329 -0.0117942 
vt 0.483294 0.0675095 
vt 0.483294 0.0278577 
vt 0.492306 -0.0117942 
vt 0.465271 0.107162 
vt 0.465271 0.0675095 
vt 0.465271 0.0278577 
vt 0.474283 -0.0117942 
vt 0.447248 0.107162 
vt 0.447248 0.0675095 
vt 0.447248 0.0278577 
vt 0.45626 -0.0117942 
vt 0.429225 0.107162 
vt 0.429225 0.0675095 
vt 0.429225 0.0278577 
vt 0.438237 -0.0117942 
vt 0.411202 0.107162 
vt 0.411202 0.0675095 
vt 0.411202 0.0278577 
vt 0.420214 -0.0117942 
vt 0.411202 0.146814 
vt 0.429225 0.146814 
vt 0.411202 0.186465 
vt 0.447248 0.146814 
vt 0.429225 0.186465 
vt 0.411202 0.226117 
vt 0.429225 0.226117 
vt 0.447248 0.186465 
vt 0.447248 0.226117 
vt 0.465271 0.146814 
vt 0.465271 0.186465 
vt 0.465271 0.226117 
vt 0.483294 0.146814 
vt 0.483294 0.186465 
vt 0.483294 0.226117 
vt 0.501318 0.186465 
vt 0.501318 0.226117 
vt 0.501318 0.265769 
vt 0.519341 0.226117 
vt 0.519341 0.265769 
vt 0.519341 0.305421 
vt 0.537364 0.265769 
vt 0.537364 0.305421 
vt 0.555387 0.265769 
vt 0.537364 0.345073 
vt 0.555387 0.345073 
vt 0.555387 0.384725 
vt 0.555387 0.305421 
vt 0.57341 0.226117 
vt 0.57341 0.265769 
vt 0.591433 0.226117 
vt 0.57341 0.305421 
vt 0.591433 0.265769 
vt 0.609456 0.226117 
vt 0.57341 0.345073 
vt 0.591433 0.305421 
vt 0.609456 0.265769 
vt 0.627479 0.226117 
vt 0.57341 0.384725 
vt 0.57341 0.424377 
vt 0.591433 0.424377 
vt 0.591433 0.345073 
vt 0.591433 0.384725 
vt 0.609456 0.305421 
vt 0.609456 0.345073 
vt 0.609456 0.384725 
vt 0.627479 0.265769 
vt 0.627479 0.305421 
vt 0.645503 0.265769 
vt 0.645503 0.305421 
vt 0.627479 0.345073 
vt 0.627479 0.384725 
vt 0.627479 0.424377 
vt 0.609456 0.424377 
vt 0.627479 0.464029 
vt 0.609456 0.464029 
vt 0.785868 0.341081 
vt 0.822213 0.34801 
vt 0.83227 0.312403 
vt 0.800207 0.312403 
vt 0.767665 0.34801 
vt 0.846608 0.299221 
vt 0.762666 0.387482 
vt 0.762666 0.387482 
vt 0.794729 0.387482 
vt 0.782742 0.426954 
vt 0.771529 0.433884 
vt 0.884147 0.312403 
vt 0.884147 0.312403 
vt 0.869809 0.341079 
vt 0.910474 0.34801 
vt 0.921687 0.341081 
vt 0.898486 0.387482 
vt 0.930549 0.387482 
vt 0.910474 0.34801 
vt 0.930549 0.387482 
vt 0.846608 0.387482 
vt 0.907348 0.433884 
vt 0.925551 0.426953 
vt 0.893009 0.462561 
vt 0.871002 0.426954 
vt 0.860946 0.462562 
vt 0.846608 0.475743 
vt 0.823407 0.433884 
vt 0.809068 0.462562 
vt 0.809068 0.462562 
vt 0.800207 0.312403 
vt 0.846608 0.299221 
vt 0.83227 0.312403 
vt 0.884147 0.312403 
vt 0.884147 0.312403 
vt 0.785868 0.341081 
vt 0.767665 0.34801 
vt 0.762666 0.387482 
vt 0.762666 0.387482 
vt 0.794729 0.387482 
vt 0.822213 0.34801 
vt 0.782742 0.426954 
vt 0.771529 0.433884 
vt 0.869809 0.341079 
vt 0.846608 0.387482 
vt 0.910474 0.34801 
vt 0.921687 0.341081 
vt 0.898486 0.387482 
vt 0.930549 0.387482 
vt 0.823407 0.433884 
vt 0.871002 0.426954 
vt 0.907348 0.433884 
vt 0.925551 0.426953 
vt 0.930549 0.387482 
vt 0.893009 0.462561 
vt 0.860946 0.462562 
vt 0.846608 0.475743 
vt 0.809068 0.462562 
vt 0.809068 0.462562 
vt 0.878906 0.751953 
vt 0.887997 0.785286 
vt 0.887997 0.751953 
vt 0.887997 0.71862 
vt 0.878906 0.785286 
vt 0.869815 0.785286 
vt 0.869815 0.751953 
vt 0.869815 0.81862 
vt 0.878906 0.71862 
vt 0.869815 0.71862 
vt 0.869815 0.685286 
vt 0.878906 0.685286 
vt 0.887997 0.685286 
vt 0.869815 0.651953 
vt 0.887997 0.651953 
vt 0.878906 0.651953 
vt 0.878906 0.851953 
vt 0.869815 0.851953 
vt 0.878906 0.81862 
vt 0.887997 0.851953 
vt 0.887997 0.81862 
vt 0.114971 0.140645 
vt 0.11617 0.145119 
vt 0.113334 0.142283 
vt 0.113933 0.14452 
vt 0.117808 0.143482 
vt 0.117208 0.141245 
vt 0.117808 0.143482 
vt 0.114971 0.140645 
vt 0.11617 0.145119 
vt 0.117208 0.141245 
vt 0.113334 0.142283 
vt 0.113933 0.14452 
vt 0.145203 0.762752 
vt 0.238492 0.752544 
vt 0.1901 0.679619 
vt 0.132564 0.644548 
vt 0.179604 0.64414 
vt 0.224961 0.666976 
vt 0.126455 0.669586 
vt 0.0892272 0.667937 
vt 0.248125 0.716102 
vt 0.261016 0.70952 
vt 0.283117 0.767865 
vt 0.099024 0.71912 
vt 0.0588254 0.707519 
vt 0.04188 0.765763 
vt 0.0662336 0.775869 
vt 0.0510081 0.848487 
vt 0.060714 0.85541 
vt 0.0933849 0.918312 
vt 0.0990084 0.875565 
vt 0.158588 0.885295 
vt 0.127365 0.942955 
vt 0.118981 0.94213 
vt 0.167333 0.958535 
vt 0.201379 0.948626 
vt 0.220436 0.94322 
vt 0.16969 0.958102 
vt 0.258225 0.899331 
vt 0.222492 0.9228 
vt 0.203829 0.833738 
vt 0.26055 0.826663 
vt 0.280892 0.849899 
vt 0.557919 0.692969 
vt 0.548828 0.726302 
vt 0.557919 0.726302 
vt 0.548828 0.692969 
vt 0.557919 0.759635 
vt 0.548828 0.759635 
vt 0.548828 0.792969 
vt 0.557919 0.792969 
vt 0.557919 0.826302 
vt 0.548828 0.826302 
vt 0.548828 0.859635 
vt 0.557919 0.859635 
vt 0.557919 0.892969 
vt 0.548828 0.892969 
vt 0.548828 0.859635 
vt 0.548828 0.892969 
vt 0.548828 0.859635 
vt 0.548828 0.892969 
vt 0.548828 0.826302 
vt 0.548828 0.826302 
vt 0.548828 0.792969 
vt 0.548828 0.792969 
vt 0.548828 0.759635 
vt 0.548828 0.759635 
vt 0.548828 0.726302 
vt 0.548828 0.726302 
vt 0.548828 0.692969 
vt 0.548828 0.692969 
vt 0.515647 0.394752 
vt 0.543578 0.439947 
vt 0.570143 0.386817 
vt 0.484178 0.439947 
vt 0.527161 0.353982 
vt 0.474032 0.386818 
vt 0.49045 0.353982 
vt 0.543578 0.338889 
vt 0.45319 0.394752 
vt 0.58656 0.353982 
vt 0.58656 0.353982 
vt 0.447467 0.439947 
vt 0.447467 0.439947 
vt 0.457614 0.493076 
vt 0.470452 0.485141 
vt 0.517013 0.493076 
vt 0.500596 0.525912 
vt 0.500596 0.525912 
vt 0.543578 0.541004 
vt 0.559996 0.525912 
vt 0.596707 0.525911 
vt 0.571509 0.485141 
vt 0.613125 0.493076 
vt 0.633967 0.485141 
vt 0.63969 0.439947 
vt 0.602978 0.439947 
vt 0.616704 0.394752 
vt 0.629542 0.386818 
vt 0.557919 0.792969 
vt 0.557919 0.759635 
vt 0.557919 0.792969 
vt 0.557919 0.826302 
vt 0.557919 0.759635 
vt 0.557919 0.826302 
vt 0.557919 0.726302 
vt 0.557919 0.859635 
vt 0.557919 0.726302 
vt 0.557919 0.692969 
vt 0.557919 0.692969 
vt 0.557919 0.859635 
vt 0.557919 0.892969 
vt 0.557919 0.892969 
vt 0.566563 0.692969 
vt 0.557919 0.726302 
vt 0.566563 0.726302 
vt 0.557919 0.692969 
vt 0.566563 0.759635 
vt 0.557919 0.759635 
vt 0.557919 0.792969 
vt 0.566563 0.792969 
vt 0.557919 0.826302 
vt 0.566563 0.826302 
vt 0.557919 0.859635 
vt 0.566563 0.859635 
vt 0.557919 0.892969 
vt 0.566563 0.892969 
vt 0.512428 0.892674 
vt 0.527752 0.863087 
vt 0.516121 0.866489 
vt 0.529753 0.836554 
vt 0.524234 0.888424 
vt 0.50852 0.916737 
vt 0.520391 0.912151 
vt 0.518314 0.838838 
vt 0.529961 0.808084 
vt 0.518611 0.808135 
vt 0.529496 0.779617 
vt 0.518038 0.777436 
vt 0.515596 0.749806 
vt 0.527257 0.753103 
vt 0.51223 0.722576 
vt 0.524141 0.727056 
vt 0.507545 0.699629 
vt 0.519456 0.704108 
vt 0.789687 0.226117 
vt 0.80771 0.265769 
vt 0.80771 0.226117 
vt 0.825734 0.265769 
vt 0.789687 0.186465 
vt 0.789687 0.265769 
vt 0.825734 0.226117 
vt 0.825734 0.305421 
vt 0.80771 0.186465 
vt 0.771664 0.186465 
vt 0.843757 0.265769 
vt 0.771664 0.226117 
vt 0.771664 0.146814 
vt 0.789687 0.146814 
vt 0.825734 0.186465 
vt 0.771664 0.107162 
vt 0.80771 0.146814 
vt 0.789687 0.107162 
vt 0.843757 0.226117 
vt 0.825734 0.146814 
vt 0.80771 0.107162 
vt 0.843757 0.186465 
vt 0.825734 0.107162 
vt 0.843757 0.146814 
vt 0.86178 0.186465 
vt 0.86178 0.146814 
vt 0.86178 0.226117 
vt 0.879803 0.146814 
vt 0.879803 0.186465 
vt 0.86178 0.265769 
vt 0.879803 0.226117 
vt 0.897826 0.146814 
vt 0.897826 0.186465 
vt 0.879803 0.265769 
vt 0.897826 0.226117 
vt 0.294064 0.0282426 
vt 0.237632 0.0228721 
vt 0.24054 0.0282426 
vt 0.208195 0.025826 
vt 0.326409 0.025826 
vt 0.296971 0.0228721 
vt 0.214054 0.0326964 
vt 0.201482 0.072438 
vt 0.32055 0.0326964 
vt 0.333122 0.072438 
vt 0.295172 0.0724051 
vt 0.325451 0.0722581 
vt 0.323036 0.104749 
vt 0.329576 0.110516 
vt 0.239432 0.0724051 
vt 0.209153 0.0722581 
vt 0.211568 0.104749 
vt 0.205028 0.110516 
vt 0.239865 0.108356 
vt 0.214054 0.110005 
vt 0.208195 0.116875 
vt 0.24054 0.114459 
vt 0.237632 0.119829 
vt 0.294739 0.108356 
vt 0.294064 0.114459 
vt 0.296971 0.119829 
vt 0.326409 0.116875 
vt 0.32055 0.110005 
vt 0.101273 0.136141 
vt 0.101925 0.13839 
vt 0.10102 0.136321 
vt 0.102228 0.138326 
vt 0.101925 0.140648 
vt 0.102228 0.140711 
vt 0.101273 0.142896 
vt 0.10102 0.142716 
vt 0.101273 0.142896 
vt 0.101925 0.140648 
vt 0.10102 0.142716 
vt 0.102228 0.140711 
vt 0.102228 0.138326 
vt 0.101925 0.13839 
vt 0.101273 0.136141 
vt 0.10102 0.136321 
vt 0.0428079 0.126374 
vt 0.0468267 0.120848 
vt 0.0426844 0.120934 
vt 0.0469503 0.126287 
vt 0.0430118 0.135354 
vt 0.0471542 0.135267 
vt 0.0193346 0.126862 
vt 0.0192111 0.121422 
vt 0.0144613 0.126963 
vt 0.0143377 0.121523 
vt 0.0146652 0.135943 
vt 0.0195385 0.135842 
vt 0.0468267 0.120848 
vt 0.0428079 0.126374 
vt 0.0426844 0.120934 
vt 0.0469503 0.126287 
vt 0.0430118 0.135354 
vt 0.0471542 0.135267 
vt 0.0193346 0.126862 
vt 0.0192111 0.121422 
vt 0.0144613 0.126963 
vt 0.0143377 0.121523 
vt 0.0146652 0.135943 
vt 0.0195385 0.135842 
vt 0.488075 0.73591 
vt 0.51223 0.722576 
vt 0.483695 0.71446 
vt 0.507545 0.699629 
vt 0.515596 0.749806 
vt 0.463483 0.73898 
vt 0.458798 0.716032 
vt 0.46596 0.761986 
vt 0.490801 0.759369 
vt 0.518038 0.777436 
vt 0.467672 0.785635 
vt 0.492739 0.783315 
vt 0.518611 0.808135 
vt 0.492964 0.808242 
vt 0.467588 0.808364 
vt 0.467877 0.831092 
vt 0.492963 0.833172 
vt 0.518314 0.838838 
vt 0.49124 0.857134 
vt 0.466377 0.854756 
vt 0.516121 0.866489 
vt 0.488083 0.880188 
vt 0.463308 0.87791 
vt 0.512428 0.892674 
vt 0.484539 0.902106 
vt 0.459628 0.900773 
vt 0.50852 0.916737 
vt 0.879803 0.107162 
vt 0.86178 0.107162 
vt 0.843757 0.107162 
vt 0.86178 0.0675095 
vt 0.825734 0.0675095 
vt 0.843757 0.0675095 
vt 0.80771 0.0675095 
vt 0.86178 0.0278577 
vt 0.870791 -0.0117942 
vt 0.843757 0.0278577 
vt 0.852768 -0.0117942 
vt 0.825734 0.0278577 
vt 0.834745 -0.0117942 
vt 0.80771 0.0278577 
vt 0.816722 -0.0117942 
vt 0.789687 0.0278577 
vt 0.798699 -0.0117942 
vt 0.789687 0.0675095 
vt 0.771664 0.0278577 
vt 0.780676 -0.0117942 
vt 0.771664 0.0675095 
vt 0.753641 0.0278577 
vt 0.762653 -0.0117942 
vt 0.753641 0.0675095 
vt 0.74463 -0.0117942 
vt 0.735618 0.0278577 
vt 0.753641 0.107162 
vt 0.726606 -0.0117942 
vt 0.753641 0.146814 
vt 0.735618 0.146814 
vt 0.753641 0.186465 
vt 0.735618 0.186465 
vt 0.753641 0.226117 
vt 0.735618 0.226117 
vt 0.717595 0.226117 
vt 0.735618 0.265769 
vt 0.753641 0.265769 
vt 0.771664 0.265769 
vt 0.753641 0.305421 
vt 0.771664 0.305421 
vt 0.789687 0.305421 
vt 0.80771 0.305421 
vt 0.753641 0.345073 
vt 0.771664 0.345073 
vt 0.789687 0.345073 
vt 0.735618 0.345073 
vt 0.80771 0.345073 
vt 0.771664 0.384725 
vt 0.789687 0.384725 
vt 0.753641 0.384725 
vt 0.771664 0.424377 
vt 0.80771 0.384725 
vt 0.735618 0.384725 
vt 0.753641 0.424377 
vt 0.465271 0.305421 
vt 0.483294 0.345073 
vt 0.483294 0.305421 
vt 0.465271 0.345073 
vt 0.501318 0.305421 
vt 0.483294 0.265769 
vt 0.465271 0.265769 
vt 0.447248 0.265769 
vt 0.447248 0.305421 
vt 0.429225 0.265769 
vt 0.429225 0.305421 
vt 0.447248 0.345073 
vt 0.411202 0.265769 
vt 0.465271 0.384725 
vt 0.483294 0.384725 
vt 0.483294 0.424377 
vt 0.411202 0.305421 
vt 0.429225 0.345073 
vt 0.411202 0.345073 
vt 0.447248 0.384725 
vt 0.465271 0.424377 
vt 0.483294 0.464029 
vt 0.429225 0.384725 
vt 0.411202 0.384725 
vt 0.447248 0.424377 
vt 0.465271 0.464029 
vt 0.483294 0.50368 
vt 0.429225 0.424377 
vt 0.411202 0.424377 
vt 0.447248 0.464029 
vt 0.465271 0.50368 
vt 0.483294 0.543332 
vt 0.429225 0.464029 
vt 0.411202 0.464029 
vt 0.447248 0.50368 
vt 0.465271 0.543332 
vt 0.465271 0.582984 
vt 0.429225 0.50368 
vt 0.411202 0.50368 
vt 0.447248 0.543332 
vt 0.447248 0.582984 
vt 0.45626 0.622636 
vt 0.429225 0.543332 
vt 0.411202 0.543332 
vt 0.411202 0.582984 
vt 0.429225 0.582984 
vt 0.420214 0.622636 
vt 0.438237 0.622636 
vt 0.106011 0.13839 
vt 0.105106 0.136321 
vt 0.105359 0.136141 
vt 0.106314 0.138326 
vt 0.106011 0.140648 
vt 0.106314 0.140711 
vt 0.105359 0.142896 
vt 0.105106 0.142716 
vt 0.106011 0.13839 
vt 0.105359 0.136141 
vt 0.105106 0.136321 
vt 0.106314 0.138326 
vt 0.106011 0.140648 
vt 0.106314 0.140711 
vt 0.105359 0.142896 
vt 0.105106 0.142716 
vt 0.0330441 0.0423358 
vt 0.0530279 0.0421001 
vt 0.0328464 0.0339589 
vt 0.0528191 0.0332516 
vt 0.0330441 0.0507151 
vt 0.0530279 0.0509509 
vt 0.0528191 0.0597993 
vt 0.0328464 0.0590921 
vt 0.0328464 0.0339589 
vt 0.0528191 0.0332516 
vt 0.0530279 0.0421001 
vt 0.0330441 0.0423358 
vt 0.0330441 0.0507151 
vt 0.0530279 0.0509509 
vt 0.0528191 0.0597993 
vt 0.0328464 0.0590921 
vt 0.906179 0.81862 
vt 0.91527 0.785286 
vt 0.906179 0.785286 
vt 0.906179 0.751953 
vt 0.897088 0.81862 
vt 0.91527 0.81862 
vt 0.897088 0.785286 
vt 0.906179 0.851953 
vt 0.91527 0.851953 
vt 0.897088 0.851953 
vt 0.924361 0.851953 
vt 0.887997 0.81862 
vt 0.887997 0.851953 
vt 0.887997 0.785286 
vt 0.897088 0.751953 
vt 0.887997 0.751953 
vt 0.924361 0.81862 
vt 0.942543 0.851953 
vt 0.924361 0.785286 
vt 0.942543 0.81862 
vt 0.960724 0.851953 
vt 0.942543 0.785286 
vt 0.960724 0.81862 
vt 0.978906 0.851953 
vt 0.978906 0.81862 
vt 0.978906 0.785286 
vt 0.960724 0.785286 
vt 0.960724 0.751953 
vt 0.978906 0.751953 
vt 0.978906 0.71862 
vt 0.942543 0.751953 
vt 0.960724 0.71862 
vt 0.960724 0.685286 
vt 0.978906 0.685286 
vt 0.978906 0.651953 
vt 0.960724 0.651953 
vt 0.942543 0.685286 
vt 0.942543 0.651953 
vt 0.924361 0.651953 
vt 0.942543 0.71862 
vt 0.924361 0.685286 
vt 0.91527 0.651953 
vt 0.924361 0.751953 
vt 0.924361 0.71862 
vt 0.91527 0.751953 
vt 0.91527 0.685286 
vt 0.906179 0.685286 
vt 0.906179 0.651953 
vt 0.91527 0.71862 
vt 0.897088 0.651953 
vt 0.906179 0.71862 
vt 0.897088 0.685286 
vt 0.887997 0.685286 
vt 0.887997 0.651953 
vt 0.897088 0.71862 
vt 0.887997 0.71862 
vt 0.0940027 0.0423358 
vt 0.113987 0.0421 
vt 0.093805 0.0339589 
vt 0.113778 0.0332516 
vt 0.0940027 0.0507151 
vt 0.113987 0.0509509 
vt 0.113778 0.0597993 
vt 0.093805 0.0590921 
vt 0.093805 0.0339589 
vt 0.113778 0.0332516 
vt 0.113987 0.0421 
vt 0.0940027 0.0423358 
vt 0.0940027 0.0507151 
vt 0.113987 0.0509509 
vt 0.113778 0.0597993 
vt 0.093805 0.0590921 
vt 0.0327083 0.0421 
vt 0.0127245 0.0507151 
vt 0.0327083 0.0509509 
vt 0.0324995 0.0597993 
vt 0.0125268 0.059092 
vt 0.0127245 0.0423358 
vt 0.0125268 0.0339588 
vt 0.0324995 0.0332516 
vt 0.0327083 0.0421 
vt 0.0125268 0.0339588 
vt 0.0324995 0.0332516 
vt 0.0127245 0.0423358 
vt 0.0127245 0.0507151 
vt 0.0327083 0.0509509 
vt 0.0324995 0.0597993 
vt 0.0125268 0.059092 
vt 0.0956507 0.0156708 
vt 0.115635 0.015435 
vt 0.095453 0.00729382 
vt 0.115426 0.00658661 
vt 0.0956507 0.0240501 
vt 0.115635 0.0242859 
vt 0.115426 0.0331343 
vt 0.095453 0.0324271 
vt 0.095453 0.00729382 
vt 0.115426 0.00658661 
vt 0.115635 0.015435 
vt 0.0956507 0.0156708 
vt 0.0956507 0.0240501 
vt 0.115635 0.0242859 
vt 0.115426 0.0331343 
vt 0.095453 0.0324271 
vt 0.0336704 0.0242887 
vt 0.054702 0.0154376 
vt 0.054702 0.0242887 
vt 0.054702 0.0331397 
vt 0.0336704 0.0331397 
vt 0.0336704 0.0154377 
vt 0.0336704 0.00658661 
vt 0.054702 0.00658661 
vt 0.0336704 0.0154377 
vt 0.054702 0.0154376 
vt 0.0336704 0.00658661 
vt 0.054702 0.00658661 
vt 0.0336704 0.0242887 
vt 0.054702 0.0242887 
vt 0.054702 0.0331397 
vt 0.0336704 0.0331397 
vt 0.093667 0.0421 
vt 0.0736832 0.0507151 
vt 0.093667 0.0509509 
vt 0.0934582 0.0597993 
vt 0.0734854 0.059092 
vt 0.0736832 0.0423358 
vt 0.0734854 0.0339588 
vt 0.0934581 0.0332516 
vt 0.0736832 0.0507151 
vt 0.093667 0.0421 
vt 0.093667 0.0509509 
vt 0.0934582 0.0597993 
vt 0.0734854 0.059092 
vt 0.0736832 0.0423358 
vt 0.0734854 0.0339588 
vt 0.0934581 0.0332516 
vt 0.0327084 0.0687596 
vt 0.0125268 0.0606184 
vt 0.0324995 0.0599112 
vt 0.0127245 0.0689954 
vt 0.0127245 0.0773747 
vt 0.0327083 0.0776105 
vt 0.0324995 0.0864589 
vt 0.0125268 0.0857517 
vt 0.0125268 0.0606184 
vt 0.0327084 0.0687596 
vt 0.0324995 0.0599112 
vt 0.0127245 0.0689954 
vt 0.0127245 0.0773747 
vt 0.0327083 0.0776105 
vt 0.0324995 0.0864589 
vt 0.0125268 0.0857517 
vt 0.0733474 0.0687596 
vt 0.0533636 0.0773747 
vt 0.0733474 0.0776105 
vt 0.0731386 0.0864589 
vt 0.0531659 0.0857517 
vt 0.0533636 0.0689954 
vt 0.0531659 0.0606184 
vt 0.0731386 0.0599113 
vt 0.0533636 0.0773747 
vt 0.0733474 0.0687596 
vt 0.0733474 0.0776105 
vt 0.0731386 0.0864589 
vt 0.0531659 0.0857517 
vt 0.0533636 0.0689954 
vt 0.0531659 0.0606184 
vt 0.0731386 0.0599113 
vt 0.100451 0.140648 
vt 0.100451 0.13839 
vt 0.100755 0.138326 
vt 0.0997992 0.136141 
vt 0.0995463 0.136321 
vt 0.100755 0.140711 
vt 0.0997992 0.142896 
vt 0.0995463 0.142716 
vt 0.0997992 0.142896 
vt 0.100451 0.140648 
vt 0.0995463 0.142716 
vt 0.100755 0.140711 
vt 0.100755 0.138326 
vt 0.100451 0.13839 
vt 0.0997992 0.136141 
vt 0.0995463 0.136321 
vt 0.924361 0.785286 
vt 0.942543 0.751953 
vt 0.924361 0.751953 
vt 0.942543 0.71862 
vt 0.91527 0.785286 
vt 0.942543 0.785286 
vt 0.924361 0.71862 
vt 0.960724 0.71862 
vt 0.91527 0.751953 
vt 0.91527 0.81862 
vt 0.924361 0.685286 
vt 0.924361 0.81862 
vt 0.924361 0.851953 
vt 0.942543 0.851953 
vt 0.91527 0.851953 
vt 0.942543 0.81862 
vt 0.960724 0.851953 
vt 0.906179 0.81862 
vt 0.906179 0.851953 
vt 0.896641 0.81862 
vt 0.896641 0.851953 
vt 0.906179 0.785286 
vt 0.896641 0.785286 
vt 0.906179 0.751953 
vt 0.896641 0.751953 
vt 0.91527 0.71862 
vt 0.906179 0.71862 
vt 0.896641 0.71862 
vt 0.896641 0.685286 
vt 0.91527 0.685286 
vt 0.906179 0.685286 
vt 0.91527 0.651953 
vt 0.906179 0.651953 
vt 0.896641 0.651953 
vt 0.924361 0.651953 
vt 0.942543 0.685286 
vt 0.942543 0.651953 
vt 0.960724 0.685286 
vt 0.960724 0.651953 
vt 0.978906 0.651953 
vt 0.978906 0.685286 
vt 0.978906 0.71862 
vt 0.960724 0.751953 
vt 0.978906 0.751953 
vt 0.960724 0.785286 
vt 0.978906 0.785286 
vt 0.960724 0.81862 
vt 0.978906 0.81862 
vt 0.978906 0.851953 
vt 0.0191344 0.137493 
vt 0.0193346 0.126862 
vt 0.0189305 0.128513 
vt 0.0195385 0.135842 
vt 0.160183 0.0994928 
vt 0.160183 0.0751771 
vt 0.169433 0.0961325 
vt 0.169433 0.0751771 
vt 0.160183 0.1189 
vt 0.169433 0.11218 
vt 0.150933 0.0961325 
vt 0.150933 0.11218 
vt 0.150933 0.0751771 
vt 0.169433 0.0542219 
vt 0.150933 0.0542219 
vt 0.160183 0.0508617 
vt 0.160183 0.0216379 
vt 0.169433 0.0283586 
vt 0.150933 0.0283586 
vt 0.160907 0.0751771 
vt 0.160907 0.0994928 
vt 0.151656 0.0961325 
vt 0.160907 0.1189 
vt 0.151656 0.11218 
vt 0.151656 0.0751771 
vt 0.170157 0.0961325 
vt 0.170157 0.11218 
vt 0.170157 0.0751771 
vt 0.151656 0.0542219 
vt 0.170157 0.0542219 
vt 0.160907 0.0508617 
vt 0.160907 0.0216379 
vt 0.151656 0.0283586 
vt 0.170157 0.0283586 
vt 0.789687 0.424377 
vt 0.771664 0.464029 
vt 0.717595 0.384725 
vt 0.735618 0.424377 
vt 0.753641 0.464029 
vt 0.717595 0.424377 
vt 0.735618 0.464029 
vt 0.717595 0.464029 
vt 0.771664 0.50368 
vt 0.753641 0.50368 
vt 0.735618 0.50368 
vt 0.699572 0.424377 
vt 0.717595 0.50368 
vt 0.699572 0.464029 
vt 0.681549 0.464029 
vt 0.681549 0.424377 
vt 0.681549 0.50368 
vt 0.699572 0.50368 
vt 0.717595 0.543332 
vt 0.699572 0.543332 
vt 0.735618 0.543332 
vt 0.717595 0.582984 
vt 0.735618 0.582984 
vt 0.726606 0.622636 
vt 0.753641 0.582984 
vt 0.74463 0.622636 
vt 0.753641 0.543332 
vt 0.699572 0.582984 
vt 0.708583 0.622636 
vt 0.681549 0.543332 
vt 0.681549 0.582984 
vt 0.69056 0.622636 
vt 0.663526 0.50368 
vt 0.663526 0.543332 
vt 0.663526 0.582984 
vt 0.672537 0.622636 
vt 0.645503 0.50368 
vt 0.663526 0.464029 
vt 0.645503 0.543332 
vt 0.645503 0.582984 
vt 0.654514 0.622636 
vt 0.663526 0.424377 
vt 0.645503 0.464029 
vt 0.645503 0.424377 
vt 0.627479 0.50368 
vt 0.627479 0.543332 
vt 0.627479 0.582984 
vt 0.636491 0.622636 
vt 0.609456 0.50368 
vt 0.609456 0.543332 
vt 0.609456 0.582984 
vt 0.618468 0.622636 
vt 0.591433 0.50368 
vt 0.591433 0.543332 
vt 0.591433 0.582984 
vt 0.600445 0.622636 
vt 0.591433 0.464029 
vt 0.57341 0.50368 
vt 0.57341 0.543332 
vt 0.57341 0.582984 
vt 0.582422 0.622636 
vt 0.57341 0.464029 
vt 0.555387 0.464029 
vt 0.555387 0.50368 
vt 0.555387 0.424377 
vt 0.537364 0.464029 
vt 0.555387 0.543332 
vt 0.555387 0.582984 
vt 0.564398 0.622636 
vt 0.537364 0.582984 
vt 0.546375 0.622636 
vt 0.537364 0.543332 
vt 0.537364 0.50368 
vt 0.519341 0.582984 
vt 0.528352 0.622636 
vt 0.519341 0.543332 
vt 0.519341 0.50368 
vt 0.501318 0.582984 
vt 0.510329 0.622636 
vt 0.501318 0.543332 
vt 0.519341 0.464029 
vt 0.483294 0.582984 
vt 0.492306 0.622636 
vt 0.501318 0.50368 
vt 0.474283 0.622636 
vt 0.537364 0.424377 
vt 0.519341 0.424377 
vt 0.501318 0.464029 
vt 0.537364 0.384725 
vt 0.501318 0.424377 
vt 0.519341 0.384725 
vt 0.501318 0.384725 
vt 0.501318 0.345073 
vt 0.519341 0.345073 
vt 0.111514 0.13839 
vt 0.11061 0.136321 
vt 0.110863 0.136141 
vt 0.111818 0.138326 
vt 0.111514 0.140648 
vt 0.111818 0.140711 
vt 0.110863 0.142896 
vt 0.11061 0.142716 
vt 0.110863 0.136141 
vt 0.111514 0.13839 
vt 0.111818 0.138326 
vt 0.11061 0.136321 
vt 0.111514 0.140648 
vt 0.111818 0.140711 
vt 0.110863 0.142896 
vt 0.11061 0.142716 
vt 0.0189305 0.128513 
vt 0.0193346 0.126862 
vt 0.0191344 0.137493 
vt 0.0195385 0.135842 
vt 0.933872 0.424377 
vt 0.951895 0.384725 
vt 0.933872 0.384725 
vt 0.933872 0.345073 
vt 0.915849 0.424377 
vt 0.951895 0.424377 
vt 0.915849 0.384725 
vt 0.915849 0.345073 
vt 0.897826 0.384725 
vt 0.897826 0.345073 
vt 0.915848 0.305421 
vt 0.915849 0.464029 
vt 0.897826 0.424377 
vt 0.897826 0.305421 
vt 0.879803 0.345073 
vt 0.879803 0.305421 
vt 0.897826 0.265769 
vt 0.915849 0.265769 
vt 0.861779 0.305421 
vt 0.843757 0.305421 
vt 0.86178 0.345073 
vt 0.825734 0.345073 
vt 0.843757 0.345073 
vt 0.825734 0.384725 
vt 0.80771 0.424377 
vt 0.843757 0.384725 
vt 0.86178 0.384725 
vt 0.879803 0.384725 
vt 0.825734 0.424377 
vt 0.879803 0.424377 
vt 0.86178 0.424377 
vt 0.0990888 0.140648 
vt 0.0984372 0.142896 
vt 0.0981843 0.142716 
vt 0.0993927 0.140711 
vt 0.0993927 0.138326 
vt 0.0990888 0.13839 
vt 0.0984372 0.136141 
vt 0.0981843 0.136321 
vt 0.0984372 0.136141 
vt 0.0990888 0.13839 
vt 0.0993927 0.138326 
vt 0.0981843 0.136321 
vt 0.0990888 0.140648 
vt 0.0993927 0.140711 
vt 0.0984372 0.142896 
vt 0.0981843 0.142716 
vt 0.0945255 0.140648 
vt 0.09543 0.142716 
vt 0.0951771 0.142896 
vt 0.0942216 0.140711 
vt 0.0945255 0.13839 
vt 0.0942216 0.138326 
vt 0.0951771 0.136141 
vt 0.09543 0.136321 
vt 0.0951771 0.136141 
vt 0.0945255 0.13839 
vt 0.09543 0.136321 
vt 0.0942216 0.138326 
vt 0.0942216 0.140711 
vt 0.0945255 0.140648 
vt 0.0951771 0.142896 
vt 0.09543 0.142716 
vt 0.494829 0.718647 
vt 0.483695 0.71446 
vt 0.507545 0.699629 
vt 0.519456 0.704108 
vt 0.470708 0.720511 
vt 0.458798 0.716032 
vt 0.0140572 0.128614 
vt 0.0143377 0.121523 
vt 0.0139336 0.123174 
vt 0.0144613 0.126963 
vt 0.0146652 0.135943 
vt 0.0142611 0.137594 
vt 0.495634 0.897818 
vt 0.50852 0.916737 
vt 0.484539 0.902106 
vt 0.520391 0.912151 
vt 0.471499 0.896186 
vt 0.459628 0.900773 
vt 0.0140572 0.128614 
vt 0.018807 0.123073 
vt 0.0189305 0.128513 
vt 0.0139336 0.123174 
vt 0.0142611 0.137594 
vt 0.0191344 0.137493 
vt 0.0422803 0.122585 
vt 0.0424038 0.128025 
vt 0.0464226 0.122499 
vt 0.0465461 0.127938 
vt 0.0426077 0.137005 
vt 0.0467501 0.136918 
vt 0.018807 0.123073 
vt 0.0140572 0.128614 
vt 0.0189305 0.128513 
vt 0.0139336 0.123174 
vt 0.0142611 0.137594 
vt 0.0191344 0.137493 
vt 0.0422803 0.122585 
vt 0.0424038 0.128025 
vt 0.0464226 0.122499 
vt 0.0465461 0.127938 
vt 0.0426077 0.137005 
vt 0.0467501 0.136918 
vt 0.0139336 0.123174 
vt 0.0143377 0.121523 
vt 0.0140572 0.128614 
vt 0.0144613 0.126963 
vt 0.0146652 0.135943 
vt 0.0142611 0.137594 
vt 0.104171 0.13839 
vt 0.104823 0.136141 
vt 0.105076 0.136321 
vt 0.103867 0.138326 
vt 0.103867 0.140711 
vt 0.104171 0.140648 
vt 0.104823 0.142896 
vt 0.105076 0.142716 
vt 0.103867 0.140711 
vt 0.104171 0.13839 
vt 0.103867 0.138326 
vt 0.104823 0.136141 
vt 0.105076 0.136321 
vt 0.104171 0.140648 
vt 0.104823 0.142896 
vt 0.105076 0.142716 
vt 0.112876 0.13839 
vt 0.112225 0.136141 
vt 0.11318 0.138326 
vt 0.111972 0.136321 
vt 0.112876 0.140648 
vt 0.11318 0.140711 
vt 0.112225 0.142896 
vt 0.111972 0.142716 
vt 0.112225 0.136141 
vt 0.112876 0.13839 
vt 0.11318 0.138326 
vt 0.111972 0.136321 
vt 0.112876 0.140648 
vt 0.11318 0.140711 
vt 0.112225 0.142896 
vt 0.111972 0.142716 
vt 0.267302 0.11968 
vt 0.267302 0.116799 
vt 0.294064 0.114459 
vt 0.326409 0.116875 
vt 0.296971 0.119829 
vt 0.32055 0.110005 
vt 0.329576 0.110516 
vt 0.323036 0.104749 
vt 0.333122 0.072438 
vt 0.294739 0.108356 
vt 0.267302 0.110244 
vt 0.325451 0.0722581 
vt 0.24054 0.114459 
vt 0.237632 0.119829 
vt 0.208195 0.116875 
vt 0.295172 0.0724051 
vt 0.32055 0.0326964 
vt 0.326409 0.025826 
vt 0.294064 0.0282426 
vt 0.296971 0.0228721 
vt 0.267302 0.0259026 
vt 0.267302 0.072489 
vt 0.267302 0.0259026 
vt 0.24054 0.0282426 
vt 0.267302 0.0230212 
vt 0.239865 0.108356 
vt 0.239432 0.0724051 
vt 0.208195 0.025826 
vt 0.237632 0.0228721 
vt 0.214054 0.0326964 
vt 0.201482 0.072438 
vt 0.209153 0.0722581 
vt 0.211568 0.104749 
vt 0.205028 0.110516 
vt 0.214054 0.110005 
vt 0.1659 0.0751771 
vt 0.154466 0.0751771 
vt 0.154466 0.0906954 
vt 0.150933 0.11218 
vt 0.154466 0.101305 
vt 0.150933 0.0961325 
vt 0.1659 0.101305 
vt 0.150933 0.0751771 
vt 0.150933 0.0542219 
vt 0.1659 0.0906954 
vt 0.169433 0.11218 
vt 0.169433 0.0961325 
vt 0.169433 0.0751771 
vt 0.169433 0.0542219 
vt 0.1659 0.0596591 
vt 0.169433 0.0283586 
vt 0.1659 0.0392329 
vt 0.154466 0.0596591 
vt 0.154466 0.0392329 
vt 0.150933 0.0283586 
vt 0.15519 0.0751771 
vt 0.166624 0.0906954 
vt 0.166624 0.0751771 
vt 0.170157 0.11218 
vt 0.166624 0.101305 
vt 0.15519 0.101305 
vt 0.170157 0.0961325 
vt 0.170157 0.0751771 
vt 0.170157 0.0542219 
vt 0.15519 0.0906954 
vt 0.151656 0.11218 
vt 0.151656 0.0961325 
vt 0.151656 0.0751771 
vt 0.151656 0.0542219 
vt 0.15519 0.0596591 
vt 0.151656 0.0283586 
vt 0.15519 0.0392329 
vt 0.166624 0.0596591 
vt 0.166624 0.0392329 
vt 0.170157 0.0283586 
vt 0.897826 0.464029 
vt 0.879803 0.464029 
vt 0.843757 0.424377 
vt 0.897826 0.50368 
vt 0.86178 0.464029 
vt 0.825734 0.464029 
vt 0.879803 0.50368 
vt 0.843757 0.464029 
vt 0.86178 0.50368 
vt 0.80771 0.464029 
vt 0.825734 0.50368 
vt 0.789687 0.464029 
vt 0.789687 0.50368 
vt 0.80771 0.50368 
vt 0.80771 0.543332 
vt 0.789687 0.543332 
vt 0.771664 0.543332 
vt 0.771664 0.582984 
vt 0.762653 0.622636 
vt 0.789687 0.582984 
vt 0.780676 0.622636 
vt 0.80771 0.582984 
vt 0.798699 0.622636 
vt 0.825734 0.543332 
vt 0.825734 0.582984 
vt 0.816722 0.622636 
vt 0.843757 0.50368 
vt 0.843757 0.543332 
vt 0.86178 0.543332 
vt 0.843757 0.582984 
vt 0.834745 0.622636 
vt 0.86178 0.582984 
vt 0.852768 0.622636 
vt 0.879803 0.543332 
vt 0.879803 0.582984 
vt 0.870791 0.622636 
vt 0.897826 0.543332 
vt 0.915848 0.50368 
vt 0.897826 0.582984 
vt 0.888814 0.622636 
vt 0.915849 0.543332 
vt 0.933872 0.464029 
vt 0.933872 0.50368 
vt 0.951895 0.464029 
vt 0.915849 0.582984 
vt 0.906838 0.622636 
vt 0.933872 0.543332 
vt 0.951895 0.50368 
vt 0.933872 0.582984 
vt 0.924861 0.622636 
vt 0.951895 0.543332 
vt 0.969918 0.464029 
vt 0.951895 0.582984 
vt 0.942884 0.622636 
vt 0.969918 0.50368 
vt 0.969918 0.543332 
vt 0.987942 0.464029 
vt 0.987942 0.50368 
vt 0.987942 0.424377 
vt 0.987942 0.543332 
vt 0.969918 0.424377 
vt 0.987942 0.384725 
vt 0.969918 0.582984 
vt 0.960907 0.622636 
vt 0.987942 0.582984 
vt 0.97893 0.622636 
vt 0.969918 0.384725 
vt 0.969918 0.345073 
vt 0.987942 0.345073 
vt 0.951895 0.345073 
vt 0.987942 0.305421 
vt 0.933872 0.305421 
vt 0.951894 0.305421 
vt 0.969918 0.305421 
vt 0.987942 0.265769 
vt 0.0749955 0.0242859 
vt 0.0548139 0.0324271 
vt 0.0550116 0.0240501 
vt 0.0747866 0.0331343 
vt 0.0550116 0.0156708 
vt 0.0749955 0.015435 
vt 0.0747866 0.00658661 
vt 0.0548139 0.00729382 
vt 0.0548139 0.0324271 
vt 0.0749955 0.0242859 
vt 0.0550116 0.0240501 
vt 0.0747866 0.0331343 
vt 0.0550116 0.0156708 
vt 0.0749955 0.015435 
vt 0.0747866 0.00658661 
vt 0.0548139 0.00729382 
vt 0.0733474 0.0509509 
vt 0.0531659 0.0590921 
vt 0.0533636 0.0507151 
vt 0.0731386 0.0597993 
vt 0.0533636 0.0423358 
vt 0.0733474 0.0421 
vt 0.0731386 0.0332516 
vt 0.0531659 0.0339588 
vt 0.0531659 0.0590921 
vt 0.0733474 0.0509509 
vt 0.0533636 0.0507151 
vt 0.0731386 0.0597993 
vt 0.0533636 0.0423358 
vt 0.0733474 0.0421 
vt 0.0731386 0.0332516 
vt 0.0531659 0.0339588 
vt 0.167333 0.958535 
vt 0.118981 0.94213 
vt 0.16969 0.958102 
vt 0.0933849 0.918312 
vt 0.0510081 0.848487 
vt 0.103287 0.13839 
vt 0.102635 0.136141 
vt 0.10359 0.138326 
vt 0.102382 0.136321 
vt 0.103287 0.140648 
vt 0.10359 0.140711 
vt 0.102635 0.142896 
vt 0.102382 0.142716 
vt 0.103287 0.140648 
vt 0.10359 0.138326 
vt 0.103287 0.13839 
vt 0.102635 0.136141 
vt 0.102382 0.136321 
vt 0.10359 0.140711 
vt 0.102635 0.142896 
vt 0.102382 0.142716 
vt 0.0325368 0.104034 
vt 0.0127617 0.113118 
vt 0.0125529 0.10427 
vt 0.0327345 0.112411 
vt 0.0125529 0.0954192 
vt 0.0325368 0.095655 
vt 0.0327344 0.087278 
vt 0.0127617 0.0865708 
vt 0.0325368 0.104034 
vt 0.0125529 0.10427 
vt 0.0127617 0.113118 
vt 0.0327345 0.112411 
vt 0.0125529 0.0954192 
vt 0.0325368 0.095655 
vt 0.0327344 0.087278 
vt 0.0127617 0.0865708 
vt 0.109038 0.138326 
vt 0.108735 0.140648 
vt 0.108735 0.13839 
vt 0.108083 0.136141 
vt 0.10783 0.136321 
vt 0.109038 0.140711 
vt 0.108083 0.142896 
vt 0.10783 0.142716 
vt 0.095315 0.0242859 
vt 0.0751335 0.0324271 
vt 0.0753312 0.0240501 
vt 0.0951061 0.0331343 
vt 0.0753312 0.0156708 
vt 0.095315 0.015435 
vt 0.0951062 0.00658661 
vt 0.0751335 0.00729388 
vt 0.0751335 0.0324271 
vt 0.095315 0.0242859 
vt 0.0753312 0.0240501 
vt 0.0951061 0.0331343 
vt 0.0753312 0.0156708 
vt 0.095315 0.015435 
vt 0.0951062 0.00658661 
vt 0.0751335 0.00729388 
vt 0.108083 0.136141 
vt 0.108735 0.13839 
vt 0.109038 0.138326 
vt 0.10783 0.136321 
vt 0.108735 0.140648 
vt 0.109038 0.140711 
vt 0.108083 0.142896 
vt 0.10783 0.142716 
vt 0.0335584 0.0331397 
vt 0.0125268 0.0331397 
vt 0.0335584 0.0242887 
vt 0.0125268 0.0242887 
vt 0.0125268 0.0154377 
vt 0.0335584 0.0154377 
vt 0.0335585 0.00658661 
vt 0.0125269 0.00658661 
vt 0.0125268 0.0331397 
vt 0.0335584 0.0242887 
vt 0.0125268 0.0242887 
vt 0.0335584 0.0331397 
vt 0.0125268 0.0154377 
vt 0.0335584 0.0154377 
vt 0.0335585 0.00658661 
vt 0.0125269 0.00658661 
vt 0.0330441 0.0689954 
vt 0.0528191 0.0599113 
vt 0.0530279 0.0687596 
vt 0.0328464 0.0606184 
vt 0.0530279 0.0776105 
vt 0.0330441 0.0773747 
vt 0.0328464 0.0857517 
vt 0.0528191 0.0864589 
vt 0.0330441 0.0689954 
vt 0.0528191 0.0599113 
vt 0.0328464 0.0606184 
vt 0.0530279 0.0687596 
vt 0.0530279 0.0776105 
vt 0.0330441 0.0773747 
vt 0.0328464 0.0857517 
vt 0.0528191 0.0864589 
vt 0.0940027 0.0689954 
vt 0.113778 0.0599112 
vt 0.113987 0.0687596 
vt 0.093805 0.0606184 
vt 0.113987 0.0776105 
vt 0.0940027 0.0773747 
vt 0.093805 0.0857517 
vt 0.113778 0.0864589 
vt 0.0940027 0.0689954 
vt 0.113778 0.0599112 
vt 0.093805 0.0606184 
vt 0.113987 0.0687596 
vt 0.113987 0.0776105 
vt 0.0940027 0.0773747 
vt 0.093805 0.0857517 
vt 0.113778 0.0864589 
vt 0.093667 0.0776105 
vt 0.0734854 0.0857517 
vt 0.0736832 0.0773747 
vt 0.0934581 0.0864589 
vt 0.0736832 0.0689954 
vt 0.093667 0.0687596 
vt 0.0934581 0.0599112 
vt 0.0734854 0.0606185 
vt 0.0734854 0.0857517 
vt 0.093667 0.0776105 
vt 0.0736832 0.0773747 
vt 0.0934581 0.0864589 
vt 0.0736832 0.0689954 
vt 0.093667 0.0687596 
vt 0.0934581 0.0599112 
vt 0.0734854 0.0606185 
vt 0.220436 0.94322 
vt 0.280892 0.849899 
vt 0.258225 0.899331 
vt 0.0958875 0.13839 
vt 0.0955836 0.140711 
vt 0.0955836 0.138326 
vt 0.0965391 0.136141 
vt 0.096792 0.136321 
vt 0.0958875 0.140648 
vt 0.0965391 0.142896 
vt 0.096792 0.142716 
vt 0.0965391 0.136141 
vt 0.0955836 0.138326 
vt 0.0958875 0.13839 
vt 0.096792 0.136321 
vt 0.0955836 0.140711 
vt 0.0958875 0.140648 
vt 0.0965391 0.142896 
vt 0.096792 0.142716 
vt 0.854361 0.359659 
vt 0.820829 0.374692 
vt 0.853459 0.374692 
vt 0.916311 0.374692 
vt 0.852914 0.389725 
vt 0.820678 0.389725 
vt 0.916401 0.359659 
vt 0.936199 0.366499 
vt 0.916642 0.344626 
vt 0.936198 0.389725 
vt 0.936198 0.335448 
vt 0.916582 0.389725 
vt 0.853459 0.404757 
vt 0.916311 0.404757 
vt 0.936198 0.41295 
vt 0.9164 0.41979 
vt 0.936198 0.444001 
vt 0.877328 0.421585 
vt 0.916286 0.449856 
vt 0.860772 0.449856 
vt 0.84826 0.434823 
vt 0.831998 0.449856 
vt 0.843156 0.41979 
vt 0.786434 0.434823 
vt 0.774059 0.449856 
vt 0.820886 0.404757 
vt 0.78407 0.41979 
vt 0.755805 0.425196 
vt 0.755805 0.449856 
vt 0.778208 0.404757 
vt 0.755805 0.404757 
vt 0.776066 0.389725 
vt 0.755805 0.389725 
vt 0.755805 0.374692 
vt 0.777022 0.374692 
vt 0.776764 0.359659 
vt 0.755805 0.359659 
vt 0.820602 0.359659 
vt 0.755721 0.344626 
vt 0.848392 0.344626 
vt 0.776231 0.329593 
vt 0.755805 0.322498 
vt 0.916285 0.329593 
vt 0.832278 0.329593 
vt 0.936198 0.306697 
vt 0.776856 0.314561 
vt 0.778271 0.299528 
vt 0.755805 0.299528 
vt 0.860772 0.329593 
vt 0.775756 0.284495 
vt 0.755805 0.280318 
vt 0.774059 0.269462 
vt 0.82105 0.284495 
vt 0.831998 0.269462 
vt 0.837802 0.291897 
vt 0.821153 0.299528 
vt 0.832419 0.314561 
vt 0.860772 0.269462 
vt 0.854201 0.314561 
vt 0.854201 0.291904 
vt 0.872257 0.314561 
vt 0.872257 0.284495 
vt 0.916286 0.269462 
vt 0.87177 0.299528 
vt 0.916327 0.314561 
vt 0.916205 0.299528 
vt 0.916327 0.284495 
vt 0.936198 0.284495 
vt 0.936198 0.269462 
vt 0.459628 0.900773 
vt 0.463308 0.87791 
vt 0.475115 0.87366 
vt 0.471499 0.896186 
vt 0.478012 0.851354 
vt 0.466377 0.854756 
vt 0.479314 0.828807 
vt 0.467877 0.831092 
vt 0.467588 0.808364 
vt 0.478872 0.808314 
vt 0.47913 0.787817 
vt 0.467672 0.785635 
vt 0.46596 0.761986 
vt 0.477625 0.765282 
vt 0.463483 0.73898 
vt 0.475394 0.743459 
vt 0.458798 0.716032 
vt 0.470708 0.720511 
vt 0.107676 0.138326 
vt 0.107373 0.140648 
vt 0.107373 0.13839 
vt 0.106721 0.136141 
vt 0.106468 0.136321 
vt 0.107676 0.140711 
vt 0.106721 0.142896 
vt 0.106468 0.142716 
vt 0.502114 0.853956 
vt 0.529753 0.836554 
vt 0.527752 0.863087 
vt 0.503655 0.831036 
vt 0.529961 0.808084 
vt 0.49912 0.876215 
vt 0.524234 0.888424 
vt 0.479314 0.828807 
vt 0.478012 0.851354 
vt 0.475115 0.87366 
vt 0.495634 0.897818 
vt 0.520391 0.912151 
vt 0.471499 0.896186 
vt 0.503543 0.808195 
vt 0.478872 0.808314 
vt 0.47913 0.787817 
vt 0.503449 0.785354 
vt 0.529496 0.779617 
vt 0.501703 0.76245 
vt 0.477625 0.765282 
vt 0.527257 0.753103 
vt 0.499209 0.740097 
vt 0.524141 0.727056 
vt 0.519456 0.704108 
vt 0.475394 0.743459 
vt 0.494829 0.718647 
vt 0.470708 0.720511 
vt 0.107676 0.138326 
vt 0.107373 0.140648 
vt 0.107676 0.140711 
vt 0.106721 0.142896 
vt 0.106468 0.142716 
vt 0.107373 0.13839 
vt 0.106721 0.136141 
vt 0.106468 0.136321 
vt 0.837802 0.29192 
vt 0.854201 0.284495 
vt 0.854201 0.307079 
vt 0.833895 0.269462 
vt 0.860816 0.269462 
vt 0.819965 0.284495 
vt 0.777548 0.269462 
vt 0.872257 0.284495 
vt 0.916273 0.269462 
vt 0.871749 0.299528 
vt 0.916325 0.284495 
vt 0.936198 0.269462 
vt 0.936198 0.292361 
vt 0.91621 0.299528 
vt 0.936198 0.314561 
vt 0.916355 0.314561 
vt 0.872134 0.314561 
vt 0.91636 0.329593 
vt 0.936198 0.335449 
vt 0.86081 0.329593 
vt 0.877562 0.357808 
vt 0.916366 0.359659 
vt 0.936198 0.366499 
vt 0.916295 0.374692 
vt 0.936198 0.389725 
vt 0.848437 0.344626 
vt 0.832278 0.329593 
vt 0.832454 0.314561 
vt 0.77765 0.314561 
vt 0.821029 0.299528 
vt 0.778077 0.299528 
vt 0.776209 0.284495 
vt 0.755805 0.449856 
vt 0.755759 0.434823 
vt 0.755805 0.306516 
vt 0.755805 0.280227 
vt 0.755805 0.329593 
vt 0.777654 0.329593 
vt 0.755722 0.344626 
vt 0.776895 0.359659 
vt 0.755805 0.359659 
vt 0.755805 0.374692 
vt 0.842988 0.359659 
vt 0.777042 0.374692 
vt 0.853471 0.374692 
vt 0.820829 0.374692 
vt 0.77643 0.389725 
vt 0.755805 0.389725 
vt 0.755805 0.404757 
vt 0.820594 0.389725 
vt 0.780583 0.404757 
vt 0.755805 0.41979 
vt 0.852937 0.389725 
vt 0.916582 0.389725 
vt 0.853379 0.404757 
vt 0.916326 0.404757 
vt 0.936198 0.412968 
vt 0.820848 0.404757 
vt 0.916421 0.41979 
vt 0.936198 0.44403 
vt 0.851392 0.41979 
vt 0.789233 0.41979 
vt 0.91663 0.434823 
vt 0.916273 0.449856 
vt 0.804151 0.434823 
vt 0.777548 0.449856 
vt 0.833895 0.449856 
vt 0.85322 0.434823 
vt 0.860816 0.449856 
vt 0.110152 0.140648 
vt 0.109501 0.142896 
vt 0.109248 0.142716 
vt 0.110456 0.140711 
vt 0.110456 0.138326 
vt 0.110152 0.13839 
vt 0.109501 0.136141 
vt 0.109248 0.136321 
vt 0.109501 0.142896 
vt 0.110456 0.140711 
vt 0.110152 0.140648 
vt 0.109248 0.142716 
vt 0.110456 0.138326 
vt 0.110152 0.13839 
vt 0.109501 0.136141 
vt 0.109248 0.136321 
vt 0.58656 0.353982 
vt 0.629542 0.386818 
vt 0.58656 0.353982 
vt 0.616704 0.394752 
vt 0.63969 0.439947 
vt 0.63969 0.439947 
vt 0.633967 0.485141 
vt 0.613125 0.493076 
vt 0.596707 0.525911 
vt 0.602978 0.439947 
vt 0.570143 0.386817 
vt 0.527161 0.353982 
vt 0.543578 0.338889 
vt 0.49045 0.353982 
vt 0.559996 0.525912 
vt 0.543578 0.541004 
vt 0.500596 0.525912 
vt 0.571509 0.485141 
vt 0.517013 0.493076 
vt 0.470452 0.485141 
vt 0.457614 0.493076 
vt 0.447467 0.439947 
vt 0.543578 0.439947 
vt 0.484178 0.439947 
vt 0.515647 0.394752 
vt 0.474032 0.386818 
vt 0.45319 0.394752 
vt 0.566563 0.692969 
vt 0.566563 0.726302 
vt 0.566563 0.726302 
vt 0.566563 0.692969 
vt 0.566563 0.759635 
vt 0.566563 0.759635 
vt 0.566563 0.792969 
vt 0.566563 0.792969 
vt 0.566563 0.826302 
vt 0.566563 0.826302 
vt 0.566563 0.859635 
vt 0.566563 0.859635 
vt 0.566563 0.892969 
vt 0.566563 0.892969 
vt 0.557919 0.792969 
vt 0.557919 0.826302 
vt 0.557919 0.826302 
vt 0.557919 0.792969 
vt 0.557919 0.859635 
vt 0.557919 0.759635 
vt 0.557919 0.859635 
vt 0.557919 0.892969 
vt 0.557919 0.892969 
vt 0.557919 0.759635 
vt 0.557919 0.726302 
vt 0.557919 0.726302 
vt 0.557919 0.692969 
vt 0.557919 0.692969 
vt 0.0980307 0.140711 
vt 0.0970753 0.142896 
vt 0.0977268 0.140648 
vt 0.0968223 0.142716 
vt 0.0980307 0.138326 
vt 0.0977268 0.13839 
vt 0.0970753 0.136141 
vt 0.0968223 0.136321 
vt 0.0980307 0.138326 
vt 0.0970753 0.136141 
vt 0.0977268 0.13839 
vt 0.0968223 0.136321 
vt 0.0977268 0.140648 
vt 0.0980307 0.140711 
vt 0.0970753 0.142896 
vt 0.0968223 0.142716 
vt 0.0426077 0.137005 
vt 0.0428079 0.126374 
vt 0.0424038 0.128025 
vt 0.0430118 0.135354 
vt 0.846608 0.475743 
vt 0.860946 0.462562 
vt 0.809068 0.462562 
vt 0.893009 0.462561 
vt 0.907348 0.433884 
vt 0.925551 0.426953 
vt 0.930549 0.387482 
vt 0.871002 0.426954 
vt 0.823407 0.433884 
vt 0.782742 0.426954 
vt 0.771529 0.433884 
vt 0.794729 0.387482 
vt 0.762666 0.387482 
vt 0.782742 0.426954 
vt 0.762666 0.387482 
vt 0.898486 0.387482 
vt 0.846608 0.387482 
vt 0.785868 0.341081 
vt 0.767665 0.34801 
vt 0.800207 0.312403 
vt 0.822213 0.34801 
vt 0.83227 0.312403 
vt 0.846608 0.299221 
vt 0.869809 0.341079 
vt 0.884147 0.312403 
vt 0.910474 0.34801 
vt 0.930549 0.387482 
vt 0.921687 0.341081 
vt 0.884147 0.312403 
vt 0.930549 0.387482 
vt 0.910474 0.34801 
vt 0.921687 0.341081 
vt 0.884147 0.312403 
vt 0.884147 0.312403 
vt 0.925551 0.426953 
vt 0.930549 0.387482 
vt 0.907348 0.433884 
vt 0.893009 0.462561 
vt 0.898486 0.387482 
vt 0.869809 0.341079 
vt 0.83227 0.312403 
vt 0.846608 0.299221 
vt 0.800207 0.312403 
vt 0.860946 0.462562 
vt 0.846608 0.475743 
vt 0.871002 0.426954 
vt 0.809068 0.462562 
vt 0.809068 0.462562 
vt 0.823407 0.433884 
vt 0.846608 0.387482 
vt 0.794729 0.387482 
vt 0.782742 0.426954 
vt 0.771529 0.433884 
vt 0.762666 0.387482 
vt 0.822213 0.34801 
vt 0.785868 0.341081 
vt 0.767665 0.34801 
vt 0.543578 0.541004 
vt 0.596707 0.525911 
vt 0.559996 0.525912 
vt 0.613125 0.493076 
vt 0.633967 0.485141 
vt 0.500596 0.525912 
vt 0.500596 0.525912 
vt 0.457614 0.493076 
vt 0.63969 0.439947 
vt 0.63969 0.439947 
vt 0.470452 0.485141 
vt 0.447467 0.439947 
vt 0.517013 0.493076 
vt 0.571509 0.485141 
vt 0.602978 0.439947 
vt 0.543578 0.439947 
vt 0.484178 0.439947 
vt 0.616704 0.394752 
vt 0.629542 0.386818 
vt 0.570143 0.386817 
vt 0.58656 0.353982 
vt 0.58656 0.353982 
vt 0.515647 0.394752 
vt 0.527161 0.353982 
vt 0.543578 0.338889 
vt 0.49045 0.353982 
vt 0.474032 0.386818 
vt 0.45319 0.394752 
vt 0.0426077 0.137005 
vt 0.0428079 0.126374 
vt 0.0430118 0.135354 
vt 0.0424038 0.128025 
vt 0.539737 0.692969 
vt 0.539737 0.726302 
vt 0.539737 0.726302 
vt 0.539737 0.692969 
vt 0.539737 0.759635 
vt 0.539737 0.759635 
vt 0.539737 0.792969 
vt 0.539737 0.792969 
vt 0.539737 0.826302 
vt 0.539737 0.826302 
vt 0.539737 0.859635 
vt 0.539737 0.859635 
vt 0.539737 0.892969 
vt 0.539737 0.892969 
vt 0.530646 0.792969 
vt 0.530646 0.826302 
vt 0.530646 0.826302 
vt 0.530646 0.792969 
vt 0.530646 0.859635 
vt 0.530646 0.759635 
vt 0.530646 0.859635 
vt 0.530646 0.892969 
vt 0.530646 0.892969 
vt 0.530646 0.759635 
vt 0.530646 0.726302 
vt 0.530646 0.726302 
vt 0.530646 0.692969 
vt 0.530646 0.692969 
vt 0.811617 0.402515 
vt 0.811627 0.402509 
vt 0.811602 0.40251 
vt 0.811619 0.402527 
vt 0.512464 0.692969 
vt 0.512464 0.726302 
vt 0.512464 0.726302 
vt 0.512464 0.692969 
vt 0.512464 0.759635 
vt 0.512464 0.759635 
vt 0.512464 0.792969 
vt 0.512464 0.792969 
vt 0.512464 0.826302 
vt 0.512464 0.826302 
vt 0.512464 0.859635 
vt 0.512464 0.859635 
vt 0.512464 0.892969 
vt 0.512464 0.892969 
vt 0.503374 0.792969 
vt 0.503374 0.826302 
vt 0.503374 0.826302 
vt 0.503374 0.792969 
vt 0.503374 0.859635 
vt 0.503374 0.759635 
vt 0.503374 0.859635 
vt 0.503374 0.892969 
vt 0.503374 0.892969 
vt 0.503374 0.759635 
vt 0.503374 0.726302 
vt 0.503374 0.726302 
vt 0.503374 0.692969 
vt 0.503374 0.692969 
vt 0.0468267 0.120848 
vt 0.0464226 0.122499 
vt 0.0422803 0.122585 
vt 0.0426844 0.120934 
vt 0.018807 0.123073 
vt 0.0192111 0.121422 
vt 0.0139336 0.123174 
vt 0.0143377 0.121523 
vt 0.0422803 0.122585 
vt 0.0468267 0.120848 
vt 0.0426844 0.120934 
vt 0.0464226 0.122499 
vt 0.018807 0.123073 
vt 0.0192111 0.121422 
vt 0.0139336 0.123174 
vt 0.0143377 0.121523 
vt 0.485192 0.692969 
vt 0.485192 0.726302 
vt 0.485192 0.726302 
vt 0.485192 0.692969 
vt 0.485192 0.759635 
vt 0.485192 0.759635 
vt 0.485192 0.792969 
vt 0.485192 0.792969 
vt 0.485192 0.826302 
vt 0.485192 0.826302 
vt 0.485192 0.859635 
vt 0.485192 0.859635 
vt 0.485192 0.892969 
vt 0.485192 0.892969 
vt 0.476101 0.826302 
vt 0.476101 0.792969 
vt 0.476101 0.792969 
vt 0.476101 0.759635 
vt 0.476101 0.826302 
vt 0.476101 0.759635 
vt 0.476101 0.859635 
vt 0.476101 0.726302 
vt 0.476101 0.859635 
vt 0.476101 0.892969 
vt 0.476101 0.892969 
vt 0.476101 0.726302 
vt 0.476101 0.692969 
vt 0.476101 0.692969 
vt 0.0986821 0.564752 
vt 0.0308673 0.558457 
vt 0.00844758 0.531652 
vt 0.0314729 0.559499 
vt 0.00828105 0.531766 
vt 0.0655033 0.572361 
vt 0.00120157 0.496584 
vt 0.063728 0.570861 
vt 0.101746 0.566061 
vt 0.129995 0.541394 
vt 0.125901 0.540934 
vt 0.141652 0.50497 
vt 0.0015984 0.497622 
vt 0.137134 0.50579 
vt 0.0117008 0.464732 
vt 0.0116454 0.462575 
vt 0.128924 0.46961 
vt 0.133111 0.467484 
vt 0.0372225 0.438018 
vt 0.104015 0.442909 
vt 0.107249 0.439864 
vt 0.0720075 0.429415 
vt 0.0364296 0.441016 
vt 0.0700253 0.432757 
vt 0.220808 0.312663 
vt 0.217471 0.315593 
vt 0.198471 0.277473 
vt 0.20109 0.234467 
vt 0.202902 0.276594 
vt 0.185505 0.279794 
vt 0.253622 0.334346 
vt 0.252239 0.338511 
vt 0.247974 0.350584 
vt 0.207624 0.324026 
vt 0.243611 0.363758 
vt 0.196667 0.334171 
vt 0.169747 0.282948 
vt 0.174785 0.225362 
vt 0.188549 0.229987 
vt 0.205571 0.176262 
vt 0.29606 0.353409 
vt 0.298695 0.367917 
vt 0.292866 0.336409 
vt 0.293762 0.340738 
vt 0.349883 0.34352 
vt 0.216264 0.188394 
vt 0.261061 0.166527 
vt 0.258489 0.151537 
vt 0.224831 0.19849 
vt 0.205446 0.23592 
vt 0.315196 0.156567 
vt 0.26326 0.179498 
vt 0.227846 0.201876 
vt 0.309984 0.170534 
vt 0.361233 0.188754 
vt 0.305415 0.182672 
vt 0.264137 0.183907 
vt 0.349946 0.198139 
vt 0.371088 0.241474 
vt 0.384878 0.238701 
vt 0.340052 0.2063 
vt 0.303963 0.186831 
vt 0.382975 0.295614 
vt 0.358544 0.243927 
vt 0.336709 0.209182 
vt 0.3552 0.286185 
vt 0.354159 0.24475 
vt 0.367824 0.290497 
vt 0.340106 0.331944 
vt 0.331639 0.321892 
vt 0.350971 0.284718 
vt 0.328665 0.318525 
vt 0.0365672 0.233913 
vt 0.0503905 0.222329 
vt 0.0368838 0.221717 
vt 0.037208 0.245092 
vt 0.050105 0.235133 
vt 0.0231691 0.232707 
vt 0.0239435 0.24203 
vt 0.0247501 0.251399 
vt 0.0230661 0.242406 
vt 0.0238904 0.25155 
vt 0.0223466 0.23299 
vt 0.0260108 0.264842 
vt 0.0268797 0.263728 
vt 0.0233585 0.221172 
vt 0.0241504 0.220947 
vt 0.0246528 0.198885 
vt 0.0417079 0.269158 
vt 0.0268797 0.263728 
vt 0.0419687 0.267971 
vt 0.0531684 0.271755 
vt 0.053446 0.270621 
vt 0.0635989 0.275248 
vt 0.0255202 0.198782 
vt 0.0261511 0.189548 
vt 0.0636769 0.274181 
vt 0.0389222 0.198077 
vt 0.0524443 0.197105 
vt 0.0270143 0.1893 
vt 0.0292881 0.174956 
vt 0.0300958 0.175515 
vt 0.0557604 0.185252 
vt 0.0428867 0.187173 
vt 0.0300958 0.175515 
vt 0.045393 0.174054 
vt 0.057021 0.172569 
vt 0.0667521 0.183675 
vt 0.0655042 0.196618 
vt 0.0674682 0.170192 
vt 0.0300958 0.175515 
vt 0.045393 0.174054 
vt 0.0451999 0.173382 
vt 0.0568093 0.171894 
vt 0.057021 0.172569 
vt 0.0674507 0.169607 
vt 0.079368 0.183445 
vt 0.0788817 0.19678 
vt 0.0798658 0.16979 
vt 0.079886 0.169236 
vt 0.0921982 0.1705 
vt 0.0921387 0.171081 
vt 0.102708 0.173567 
vt 0.102448 0.174225 
vt 0.113937 0.176553 
vt 0.114178 0.175897 
vt 0.129933 0.178626 
vt 0.129087 0.179124 
vt 0.0918709 0.184583 
vt 0.0921662 0.197587 
vt 0.102448 0.174225 
vt 0.102781 0.186967 
vt 0.105225 0.19903 
vt 0.113937 0.176553 
vt 0.118641 0.200983 
vt 0.115481 0.18982 
vt 0.129087 0.179124 
vt 0.131156 0.193097 
vt 0.129087 0.179124 
vt 0.131999 0.193407 
vt 0.131956 0.202662 
vt 0.132813 0.202828 
vt 0.131708 0.224868 
vt 0.132481 0.22515 
vt 0.118952 0.22471 
vt 0.105437 0.224336 
vt 0.13183 0.236668 
vt 0.13263 0.237011 
vt 0.131227 0.24635 
vt 0.11838 0.236896 
vt 0.104789 0.237127 
vt 0.130379 0.24591 
vt 0.129739 0.25541 
vt 0.116927 0.247999 
vt 0.103385 0.249502 
vt 0.128892 0.255196 
vt 0.126656 0.268511 
vt 0.12587 0.267337 
vt 0.10007 0.261317 
vt 0.12587 0.267337 
vt 0.110686 0.271673 
vt 0.110512 0.27047 
vt 0.099067 0.273428 
vt 0.0988727 0.272277 
vt 0.0883459 0.27616 
vt 0.112986 0.258261 
vt 0.12587 0.267337 
vt 0.110512 0.27047 
vt 0.0988727 0.272277 
vt 0.0883465 0.27509 
vt 0.089023 0.26269 
vt 0.0902538 0.25004 
vt 0.0760043 0.275701 
vt 0.0759653 0.276773 
vt 0.0764742 0.262813 
vt 0.0769465 0.249857 
vt 0.0639049 0.261769 
vt 0.063592 0.249065 
vt 0.053446 0.270621 
vt 0.0530498 0.259603 
vt 0.0506041 0.247578 
vt 0.0419687 0.267971 
vt 0.0403915 0.255614 
vt 0.0268797 0.263728 
vt 0.131079 0.372948 
vt 0.127463 0.361757 
vt 0.0769835 0.36031 
vt 0.13206 0.373213 
vt 0.128451 0.361815 
vt 0.128119 0.351752 
vt 0.128057 0.383019 
vt 0.128862 0.383852 
vt 0.118946 0.390191 
vt 0.127112 0.351486 
vt 0.130621 0.340052 
vt 0.11828 0.38922 
vt 0.129616 0.339995 
vt 0.124436 0.331194 
vt 0.125154 0.330781 
vt 0.114644 0.325401 
vt 0.111494 0.396483 
vt 0.112308 0.397277 
vt 0.114067 0.325946 
vt 0.107422 0.319084 
vt 0.106703 0.319499 
vt 0.100677 0.310527 
vt 0.101242 0.309997 
vt 0.0910047 0.305642 
vt 0.0909431 0.306394 
vt 0.0787938 0.309287 
vt 0.0788265 0.308515 
vt 0.0674581 0.304783 
vt 0.0674587 0.305537 
vt 0.0574667 0.308965 
vt 0.0571078 0.308294 
vt 0.0482073 0.314131 
vt 0.0475385 0.313661 
vt 0.0417782 0.322847 
vt 0.0424681 0.323322 
vt 0.0322506 0.327823 
vt 0.0315569 0.327366 
vt 0.0255066 0.336016 
vt 0.0264458 0.33623 
vt 0.023446 0.34714 
vt 0.0224469 0.347351 
vt 0.0264902 0.358065 
vt 0.0254848 0.358454 
vt 0.0258112 0.368153 
vt 0.0268341 0.367948 
vt 0.0238571 0.379658 
vt 0.024868 0.379256 
vt 0.0300733 0.388782 
vt 0.0293555 0.389696 
vt 0.0393193 0.39491 
vt 0.0398974 0.393872 
vt 0.0472715 0.40031 
vt 0.0465341 0.401208 
vt 0.0537749 0.409536 
vt 0.0531967 0.410563 
vt 0.0635198 0.414195 
vt 0.0635392 0.41298 
vt 0.0751319 0.409705 
vt 0.0753283 0.410905 
vt 0.0858929 0.409148 
vt 0.0858917 0.410366 
vt 0.0970355 0.411113 
vt 0.0971767 0.41232 
vt 0.106926 0.407388 
vt 0.106252 0.406449 
vt 0.101109 0.561485 
vt 0.0778753 0.429721 
vt 0.128572 0.538441 
vt 0.140834 0.504752 
vt 0.111564 0.441982 
vt 0.134609 0.469446 
vt 0.0425691 0.435946 
vt 0.0151057 0.458991 
vt 0.0658027 0.567711 
vt 0.032114 0.555449 
vt 0.00284402 0.492679 
vt 0.00906954 0.527985 
vt 0.315985 0.625218 
vt 0.251104 0.625315 
vt 0.315056 0.622533 
vt 0.250501 0.628704 
vt 0.369702 0.58991 
vt 0.194806 0.595083 
vt 0.367826 0.588375 
vt 0.19316 0.596974 
vt 0.396953 0.533639 
vt 0.161503 0.540728 
vt 0.399084 0.533876 
vt 0.158296 0.541781 
vt 0.39553 0.471528 
vt 0.160067 0.477199 
vt 0.397866 0.47054 
vt 0.15757 0.476832 
vt 0.363106 0.417723 
vt 0.190189 0.421808 
vt 0.364983 0.415444 
vt 0.188103 0.420075 
vt 0.308059 0.386983 
vt 0.243258 0.384978 
vt 0.308433 0.384568 
vt 0.244402 0.388127 
vt 0.371271 0.592229 
vt 0.396953 0.533639 
vt 0.367826 0.588375 
vt 0.315056 0.622533 
vt 0.401831 0.535002 
vt 0.315958 0.627145 
vt 0.400398 0.470122 
vt 0.249887 0.629624 
vt 0.39553 0.471528 
vt 0.251104 0.625315 
vt 0.366799 0.413729 
vt 0.192044 0.598129 
vt 0.363106 0.417723 
vt 0.194806 0.595083 
vt 0.308059 0.386983 
vt 0.161503 0.540728 
vt 0.308909 0.38229 
vt 0.157153 0.542361 
vt 0.244402 0.388127 
vt 0.160067 0.477199 
vt 0.242934 0.383881 
vt 0.155462 0.476439 
vt 0.190189 0.421808 
vt 0.186708 0.418642 

usemtl Handle1Mtl

f 1/1/1 2/2/2 3/3/3 
f 1/1/1 4/4/4 2/2/2 
f 5/5/5 1/1/1 3/3/3 
f 5/5/5 4/4/4 1/1/1 
f 4/4/4 6/6/6 2/2/2 
f 4/4/4 5/5/5 7/7/7 
f 8/8/8 6/6/6 4/4/4 
f 7/7/7 8/8/8 4/4/4 
f 6/6/6 8/8/8 9/9/9 
f 8/8/8 7/7/7 10/10/10 
f 9/9/9 11/11/11 6/6/6 
f 11/11/11 9/9/9 12/12/12 
f 6/6/6 13/13/13 2/2/2 
f 11/11/11 13/13/13 6/6/6 
f 2/2/2 13/13/13 3/3/3 
f 14/14/14 11/11/11 12/12/12 
f 15/15/15 10/10/10 7/7/7 
f 10/10/10 15/15/15 16/16/16 
f 17/17/17 16/16/16 15/15/15 
f 7/7/7 18/18/18 15/15/15 
f 18/18/18 7/7/7 5/5/5 
f 18/18/18 5/5/5 3/3/3 
f 19/19/19 15/15/15 18/18/18 
f 19/19/19 18/18/18 3/3/3 
f 15/15/15 20/20/20 17/17/17 
f 15/15/15 19/19/19 20/20/20 
f 21/21/21 17/17/17 20/20/20 
f 22/22/22 20/20/20 19/19/19 
f 21/21/21 20/20/20 22/22/22 
f 22/22/22 19/19/19 3/3/3 
f 17/17/17 21/21/21 23/23/23 
f 21/21/21 22/22/22 24/24/24 
f 24/24/24 22/22/22 3/3/3 
f 25/25/25 23/23/23 21/21/21 
f 24/24/24 25/25/25 21/21/21 
f 23/23/23 25/25/25 26/26/26 
f 27/27/27 26/26/26 25/25/25 
f 28/28/28 25/25/25 24/24/24 
f 28/28/28 24/24/24 3/3/3 
f 25/25/25 29/29/29 27/27/27 
f 25/25/25 28/28/28 29/29/29 
f 30/30/30 27/27/27 29/29/29 
f 29/29/29 28/28/28 30/30/30 
f 27/27/27 30/30/30 31/31/31 
f 32/32/32 31/31/31 30/30/30 
f 30/30/30 28/28/28 33/33/33 
f 33/33/33 28/28/28 3/3/3 
f 30/30/30 34/34/34 32/32/32 
f 34/34/34 30/30/30 33/33/33 
f 34/34/34 14/14/14 32/32/32 
f 35/35/35 33/33/33 3/3/3 
f 35/35/35 34/34/34 33/33/33 
f 14/14/14 34/34/34 36/36/36 
f 35/35/35 36/36/36 34/34/34 
f 11/11/11 14/14/14 36/36/36 
f 37/37/37 35/35/35 3/3/3 
f 36/36/36 35/35/35 37/37/37 
f 37/37/37 11/11/11 36/36/36 
f 13/13/13 37/37/37 3/3/3 
f 11/11/11 37/37/37 13/13/13 
f 38/38/38 39/39/39 40/40/40 
f 41/41/41 38/38/38 40/40/40 
f 38/38/38 41/41/41 42/42/42 
f 43/43/43 41/41/41 40/40/40 
f 40/40/40 39/39/39 43/43/43 
f 44/44/44 41/41/41 43/43/43 
f 45/45/45 44/44/44 43/43/43 
f 43/43/43 39/39/39 45/45/45 
f 46/46/46 44/44/44 45/45/45 
f 42/42/42 47/47/47 38/38/38 
f 47/47/47 39/39/39 38/38/38 
f 47/47/47 42/42/42 48/48/48 
f 48/48/48 49/49/49 47/47/47 
f 50/50/50 46/46/46 45/45/45 
f 45/45/45 39/39/39 50/50/50 
f 46/46/46 50/50/50 51/51/51 
f 52/52/52 51/51/51 50/50/50 
f 53/53/53 47/47/47 49/49/49 
f 53/53/53 39/39/39 47/47/47 
f 50/50/50 54/54/54 52/52/52 
f 50/50/50 39/39/39 54/54/54 
f 55/55/55 52/52/52 54/54/54 
f 54/54/54 39/39/39 55/55/55 
f 52/52/52 55/55/55 56/56/56 
f 49/49/49 57/57/57 53/53/53 
f 57/57/57 39/39/39 53/53/53 
f 57/57/57 49/49/49 58/58/58 
f 55/55/55 59/59/59 56/56/56 
f 55/55/55 39/39/39 59/59/59 
f 60/60/60 56/56/56 59/59/59 
f 59/59/59 61/61/61 60/60/60 
f 58/58/58 62/62/62 57/57/57 
f 62/62/62 39/39/39 57/57/57 
f 58/58/58 63/63/63 62/62/62 
f 64/64/64 62/62/62 63/63/63 
f 61/61/61 59/59/59 65/65/65 
f 59/59/59 39/39/39 65/65/65 
f 65/65/65 66/66/66 61/61/61 
f 62/62/62 64/64/64 67/67/67 
f 67/67/67 39/39/39 62/62/62 
f 65/65/65 68/68/68 66/66/66 
f 65/65/65 39/39/39 68/68/68 
f 68/68/68 69/69/69 66/66/66 
f 68/68/68 39/39/39 69/69/69 
f 70/70/70 66/66/66 69/69/69 
f 71/71/71 70/70/70 69/69/69 
f 64/64/64 72/72/72 67/67/67 
f 72/72/72 39/39/39 67/67/67 
f 72/72/72 64/64/64 73/73/73 
f 74/74/74 72/72/72 73/73/73 
f 69/69/69 75/75/75 71/71/71 
f 69/69/69 39/39/39 75/75/75 
f 72/72/72 74/74/74 76/76/76 
f 76/76/76 39/39/39 72/72/72 
f 74/74/74 77/77/77 76/76/76 
f 77/77/77 39/39/39 76/76/76 
f 74/74/74 78/78/78 77/77/77 
f 79/79/79 77/77/77 78/78/78 
f 80/80/80 71/71/71 75/75/75 
f 75/75/75 39/39/39 80/80/80 
f 71/71/71 80/80/80 81/81/81 
f 82/82/82 81/81/81 80/80/80 
f 83/83/83 77/77/77 79/79/79 
f 83/83/83 39/39/39 77/77/77 
f 79/79/79 84/84/84 83/83/83 
f 80/80/80 85/85/85 82/82/82 
f 80/80/80 39/39/39 85/85/85 
f 86/86/86 82/82/82 85/85/85 
f 85/85/85 39/39/39 86/86/86 
f 87/87/87 82/82/82 86/86/86 
f 86/86/86 88/88/88 87/87/87 
f 89/89/89 83/83/83 84/84/84 
f 89/89/89 39/39/39 83/83/83 
f 90/90/90 89/89/89 84/84/84 
f 90/90/90 39/39/39 89/89/89 
f 84/84/84 91/91/91 90/90/90 
f 88/88/88 86/86/86 92/92/92 
f 86/86/86 39/39/39 92/92/92 
f 93/93/93 88/88/88 92/92/92 
f 94/94/94 90/90/90 91/91/91 
f 94/94/94 39/39/39 90/90/90 
f 91/91/91 95/95/95 94/94/94 
f 96/96/96 94/94/94 95/95/95 
f 92/92/92 97/97/97 93/93/93 
f 92/92/92 39/39/39 97/97/97 
f 98/98/98 93/93/93 97/97/97 
f 97/97/97 39/39/39 99/99/99 
f 97/97/97 99/99/99 98/98/98 
f 94/94/94 96/96/96 100/100/100 
f 100/100/100 39/39/39 94/94/94 
f 96/96/96 101/101/101 100/100/100 
f 99/99/99 39/39/39 102/102/102 
f 99/99/99 102/102/102 98/98/98 
f 102/102/102 39/39/39 100/100/100 
f 101/101/101 98/98/98 102/102/102 
f 102/102/102 100/100/100 101/101/101 
f 103/103/103 104/104/104 105/105/105 
f 106/106/106 107/107/107 108/108/108 
f 106/106/106 108/108/108 105/105/105 
f 107/107/107 109/109/109 108/108/108 
f 110/110/110 103/103/103 105/105/105 
f 110/110/110 105/105/105 108/108/108 
f 108/108/108 109/109/109 111/111/111 
f 108/108/108 111/111/111 110/110/110 
f 112/112/112 111/111/111 109/109/109 
f 113/113/113 110/110/110 111/111/111 
f 111/111/111 112/112/112 113/113/113 
f 110/110/110 113/113/113 114/114/114 
f 114/114/114 115/115/115 110/110/110 
f 116/116/116 113/113/113 112/112/112 
f 113/113/113 116/116/116 114/114/114 
f 112/112/112 117/117/117 116/116/116 
f 114/114/114 116/116/116 118/118/118 
f 118/118/118 119/119/119 114/114/114 
f 117/117/117 120/120/120 116/116/116 
f 118/118/118 116/116/116 120/120/120 
f 120/120/120 117/117/117 121/121/121 
f 122/122/122 120/120/120 121/121/121 
f 121/121/121 123/123/123 122/122/122 
f 123/123/123 124/124/124 122/122/122 
f 120/120/120 122/122/122 125/125/125 
f 118/118/118 120/120/120 125/125/125 
f 126/126/126 122/122/122 124/124/124 
f 125/125/125 122/122/122 126/126/126 
f 127/127/127 126/126/126 124/124/124 
f 118/118/118 125/125/125 128/128/128 
f 125/125/125 126/126/126 128/128/128 
f 129/129/129 118/118/118 128/128/128 
f 126/126/126 127/127/127 130/130/130 
f 128/128/128 126/126/126 130/130/130 
f 131/131/131 130/130/130 127/127/127 
f 128/128/128 132/132/132 129/129/129 
f 128/128/128 130/130/130 132/132/132 
f 130/130/130 131/131/131 133/133/133 
f 132/132/132 130/130/130 133/133/133 
f 134/134/134 133/133/133 131/131/131 
f 132/132/132 133/133/133 135/135/135 
f 132/132/132 135/135/135 136/136/136 
f 133/133/133 134/134/134 137/137/137 
f 135/135/135 133/133/133 137/137/137 
f 134/134/134 138/138/138 137/137/137 
f 135/135/135 137/137/137 138/138/138 
f 134/134/134 139/139/139 138/138/138 
f 140/140/140 135/135/135 138/138/138 
f 135/135/135 140/140/140 141/141/141 
f 139/139/139 142/142/142 138/138/138 
f 140/140/140 138/138/138 142/142/142 
f 142/142/142 139/139/139 143/143/143 
f 144/144/144 140/140/140 142/142/142 
f 140/140/140 144/144/144 145/145/145 
f 143/143/143 146/146/146 142/142/142 
f 144/144/144 142/142/142 146/146/146 
f 143/143/143 147/147/147 146/146/146 
f 148/148/148 146/146/146 147/147/147 
f 147/147/147 149/149/149 148/148/148 
f 149/149/149 150/150/150 148/148/148 
f 151/151/151 146/146/146 148/148/148 
f 151/151/151 144/144/144 146/146/146 
f 152/152/152 148/148/148 150/150/150 
f 152/152/152 151/151/151 148/148/148 
f 153/153/153 152/152/152 150/150/150 
f 152/152/152 153/153/153 154/154/154 
f 151/151/151 152/152/152 155/155/155 
f 155/155/155 144/144/144 151/151/151 
f 154/154/154 155/155/155 152/152/152 
f 156/156/156 144/144/144 155/155/155 
f 157/157/157 155/155/155 154/154/154 
f 156/156/156 155/155/155 157/157/157 
f 158/158/158 157/157/157 159/159/159 
f 160/160/160 159/159/159 157/157/157 
f 159/159/159 160/160/160 161/161/161 
f 162/162/162 161/161/161 160/160/160 
f 160/160/160 157/157/157 154/154/154 
f 160/160/160 154/154/154 162/162/162 
f 161/161/161 162/162/162 163/163/163 
f 153/153/153 162/162/162 154/154/154 
f 163/163/163 164/164/164 161/161/161 
f 164/164/164 159/159/159 161/161/161 
f 164/164/164 163/163/163 165/165/165 
f 166/166/166 159/159/159 164/164/164 
f 167/167/167 159/159/159 166/166/166 
f 165/165/165 168/168/168 164/164/164 
f 168/168/168 166/166/166 164/164/164 
f 168/168/168 165/165/165 169/169/169 
f 169/169/169 170/170/170 168/168/168 
f 169/169/169 171/171/171 170/170/170 
f 171/171/171 172/172/172 170/170/170 
f 170/170/170 173/173/173 168/168/168 
f 173/173/173 166/166/166 168/168/168 
f 174/174/174 170/170/170 172/172/172 
f 174/174/174 173/173/173 170/170/170 
f 172/172/172 175/175/175 174/174/174 
f 176/176/176 166/166/166 173/173/173 
f 174/174/174 176/176/176 173/173/173 
f 176/176/176 177/177/177 166/166/166 
f 178/178/178 174/174/174 175/175/175 
f 178/178/178 176/176/176 174/174/174 
f 179/179/179 178/178/178 175/175/175 
f 177/177/177 176/176/176 180/180/180 
f 178/178/178 180/180/180 176/176/176 
f 178/178/178 179/179/179 181/181/181 
f 181/181/181 180/180/180 178/178/178 
f 179/179/179 182/182/182 181/181/181 
f 181/181/181 183/183/183 180/180/180 
f 184/184/184 180/180/180 183/183/183 
f 185/185/185 181/181/181 182/182/182 
f 185/185/185 183/183/183 181/181/181 
f 186/186/186 185/185/185 182/182/182 
f 185/185/185 186/186/186 183/183/183 
f 186/186/186 182/182/182 187/187/187 
f 186/186/186 188/188/188 183/183/183 
f 189/189/189 183/183/183 188/188/188 
f 187/187/187 190/190/190 186/186/186 
f 186/186/186 190/190/190 188/188/188 
f 190/190/190 187/187/187 191/191/191 
f 190/190/190 104/104/104 188/188/188 
f 192/192/192 188/188/188 104/104/104 
f 193/193/193 190/190/190 191/191/191 
f 190/190/190 193/193/193 104/104/104 
f 193/193/193 191/191/191 194/194/194 
f 195/195/195 193/193/193 194/194/194 
f 194/194/194 196/196/196 195/195/195 
f 196/196/196 197/197/197 195/195/195 
f 193/193/193 195/195/195 198/198/198 
f 193/193/193 198/198/198 104/104/104 
f 195/195/195 197/197/197 106/106/106 
f 195/195/195 106/106/106 198/198/198 
f 107/107/107 106/106/106 197/197/197 
f 105/105/105 104/104/104 198/198/198 
f 198/198/198 106/106/106 105/105/105 
f 199/199/199 200/200/200 201/201/201 
f 200/200/200 199/199/199 202/202/202 
f 199/199/199 203/203/203 202/202/202 
f 202/202/202 203/203/203 204/204/204 
f 205/205/205 204/204/204 203/203/203 
f 206/206/206 204/204/204 205/205/205 
f 199/199/199 207/207/207 203/203/203 
f 207/207/207 199/199/199 201/201/201 
f 203/203/203 208/208/208 205/205/205 
f 208/208/208 206/206/206 205/205/205 
f 203/203/203 207/207/207 208/208/208 
f 206/206/206 208/208/208 209/209/209 
f 207/207/207 209/209/209 208/208/208 
f 209/209/209 207/207/207 210/210/210 
f 211/211/211 210/210/210 207/207/207 
f 201/201/201 211/211/211 207/207/207 
f 210/210/210 211/211/211 212/212/212 
f 211/211/211 213/213/213 212/212/212 
f 213/213/213 211/211/211 214/214/214 
f 211/211/211 201/201/201 214/214/214 
f 214/214/214 215/215/215 213/213/213 
f 216/216/216 214/214/214 201/201/201 
f 216/216/216 201/201/201 200/200/200 
f 200/200/200 217/217/217 216/216/216 
f 218/218/218 216/216/216 217/217/217 
f 214/214/214 216/216/216 218/218/218 
f 217/217/217 219/219/219 218/218/218 
f 215/215/215 214/214/214 220/220/220 
f 214/214/214 218/218/218 220/220/220 
f 220/220/220 221/221/221 215/215/215 
f 219/219/219 222/222/222 218/218/218 
f 220/220/220 218/218/218 222/222/222 
f 222/222/222 219/219/219 221/221/221 
f 221/221/221 220/220/220 222/222/222 
f 223/223/223 224/224/224 225/225/225 
f 226/226/226 223/223/223 225/225/225 
f 227/227/227 228/228/228 229/229/229 
f 230/230/230 227/227/227 229/229/229 
f 228/228/228 230/230/230 229/229/229 
f 227/227/227 230/230/230 231/231/231 
f 228/228/228 227/227/227 232/232/232 
f 233/233/233 228/228/228 232/232/232 
f 234/234/234 231/231/231 230/230/230 
f 228/228/228 234/234/234 230/230/230 
f 235/235/235 231/231/231 234/234/234 
f 228/228/228 233/233/233 236/236/236 
f 234/234/234 228/228/228 236/236/236 
f 237/237/237 236/236/236 233/233/233 
f 234/234/234 238/238/238 235/235/235 
f 236/236/236 237/237/237 239/239/239 
f 239/239/239 234/234/234 236/236/236 
f 238/238/238 234/234/234 240/240/240 
f 234/234/234 239/239/239 240/240/240 
f 241/241/241 238/238/238 240/240/240 
f 239/239/239 241/241/241 240/240/240 
f 238/238/238 241/241/241 242/242/242 
f 237/237/237 243/243/243 239/239/239 
f 241/241/241 239/239/239 243/243/243 
f 243/243/243 237/237/237 244/244/244 
f 241/241/241 245/245/245 242/242/242 
f 244/244/244 246/246/246 243/243/243 
f 246/246/246 241/241/241 243/243/243 
f 246/246/246 244/244/244 247/247/247 
f 248/248/248 246/246/246 247/247/247 
f 245/245/245 241/241/241 249/249/249 
f 249/249/249 248/248/248 245/245/245 
f 241/241/241 246/246/246 249/249/249 
f 246/246/246 248/248/248 250/250/250 
f 248/248/248 249/249/249 250/250/250 
f 249/249/249 246/246/246 250/250/250 
f 251/251/251 252/252/252 253/253/253 
f 254/254/254 251/251/251 253/253/253 
f 255/255/255 252/252/252 256/256/256 
f 252/252/252 255/255/255 253/253/253 
f 257/257/257 254/254/254 253/253/253 
f 257/257/257 253/253/253 255/255/255 
f 258/258/258 255/255/255 256/256/256 
f 257/257/257 255/255/255 259/259/259 
f 255/255/255 258/258/258 259/259/259 
f 260/260/260 257/257/257 259/259/259 
f 260/260/260 259/259/259 258/258/258 
f 254/254/254 257/257/257 261/261/261 
f 262/262/262 257/257/257 260/260/260 
f 261/261/261 257/257/257 262/262/262 
f 263/263/263 254/254/254 261/261/261 
f 264/264/264 254/254/254 263/263/263 
f 263/263/263 265/265/265 264/264/264 
f 265/265/265 263/263/263 266/266/266 
f 267/267/267 265/265/265 266/266/266 
f 263/263/263 261/261/261 268/268/268 
f 268/268/268 266/266/266 263/263/263 
f 262/262/262 269/269/269 261/261/261 
f 269/269/269 268/268/268 261/261/261 
f 270/270/270 262/262/262 260/260/260 
f 267/267/267 266/266/266 271/271/271 
f 266/266/266 268/268/268 272/272/272 
f 272/272/272 271/271/271 266/266/266 
f 273/273/273 272/272/272 268/268/268 
f 268/268/268 269/269/269 273/273/273 
f 271/271/271 272/272/272 274/274/274 
f 269/269/269 275/275/275 273/273/273 
f 272/272/272 273/273/273 276/276/276 
f 275/275/275 276/276/276 273/273/273 
f 276/276/276 274/274/274 272/272/272 
f 269/269/269 277/277/277 275/275/275 
f 276/276/276 275/275/275 278/278/278 
f 269/269/269 279/279/279 277/277/277 
f 269/269/269 262/262/262 279/279/279 
f 279/279/279 280/280/280 277/277/277 
f 262/262/262 270/270/270 279/279/279 
f 270/270/270 280/280/280 279/279/279 
f 280/280/280 270/270/270 281/281/281 
f 278/278/278 282/282/282 276/276/276 
f 274/274/274 276/276/276 282/282/282 
f 282/282/282 278/278/278 283/283/283 
f 282/282/282 284/284/284 274/274/274 
f 271/271/271 274/274/274 284/284/284 
f 283/283/283 285/285/285 282/282/282 
f 284/284/284 282/282/282 285/285/285 
f 285/285/285 283/283/283 286/286/286 
f 285/285/285 286/286/286 287/287/287 
f 287/287/287 288/288/288 285/285/285 
f 288/288/288 287/287/287 281/281/281 
f 284/284/284 285/285/285 288/288/288 
f 288/288/288 281/281/281 270/270/270 
f 270/270/270 289/289/289 288/288/288 
f 288/288/288 289/289/289 284/284/284 
f 270/270/270 260/260/260 289/289/289 
f 258/258/258 289/289/289 260/260/260 
f 258/258/258 284/284/284 289/289/289 
f 284/284/284 258/258/258 290/290/290 
f 271/271/271 284/284/284 290/290/290 
f 258/258/258 256/256/256 290/290/290 
f 290/290/290 267/267/267 271/271/271 
f 256/256/256 291/291/291 290/290/290 
f 290/290/290 291/291/291 267/267/267 
f 292/292/292 293/293/293 294/294/294 
f 295/295/295 292/292/292 294/294/294 
f 296/296/296 295/295/295 294/294/294 
f 296/296/296 294/294/294 251/251/251 
f 293/293/293 251/251/251 294/294/294 
f 295/295/295 296/296/296 264/264/264 
f 297/297/297 295/295/295 264/264/264 
f 254/254/254 264/264/264 296/296/296 
f 254/254/254 296/296/296 251/251/251 
f 265/265/265 297/297/297 264/264/264 
f 293/293/293 292/292/292 298/298/298 
f 298/298/298 292/292/292 299/299/299 
f 292/292/292 300/300/300 299/299/299 
f 291/291/291 298/298/298 299/299/299 
f 291/291/291 299/299/299 300/300/300 
f 297/297/297 301/301/301 300/300/300 
f 301/301/301 291/291/291 300/300/300 
f 301/301/301 297/297/297 265/265/265 
f 293/293/293 298/298/298 302/302/302 
f 298/298/298 291/291/291 302/302/302 
f 293/293/293 302/302/302 303/303/303 
f 251/251/251 293/293/293 303/303/303 
f 291/291/291 256/256/256 302/302/302 
f 302/302/302 256/256/256 303/303/303 
f 267/267/267 291/291/291 301/301/301 
f 265/265/265 267/267/267 301/301/301 
f 252/252/252 251/251/251 303/303/303 
f 303/303/303 256/256/256 252/252/252 
f 304/304/304 305/305/305 306/306/306 
f 305/305/305 304/304/304 307/307/307 
f 308/308/308 309/309/309 310/310/310 
f 309/309/309 308/308/308 311/311/311 
f 312/312/312 313/313/313 314/314/314 
f 313/313/313 312/312/312 315/315/315 
f 316/316/316 317/317/317 318/318/318 
f 317/317/317 316/316/316 319/319/319 
f 320/320/320 321/321/321 322/322/322 
f 323/323/323 322/322/322 321/321/321 
f 322/322/322 324/324/324 320/320/320 
f 324/324/324 322/322/322 325/325/325 
f 322/322/322 323/323/323 325/325/325 
f 324/324/324 326/326/326 320/320/320 
f 321/321/321 320/320/320 327/327/327 
f 327/327/327 320/320/320 326/326/326 
f 328/328/328 324/324/324 325/325/325 
f 321/321/321 327/327/327 329/329/329 
f 329/329/329 323/323/323 321/321/321 
f 330/330/330 324/324/324 328/328/328 
f 329/329/329 327/327/327 331/331/331 
f 332/332/332 325/325/325 323/323/323 
f 325/325/325 332/332/332 328/328/328 
f 333/333/333 323/323/323 329/329/329 
f 323/323/323 334/334/334 332/332/332 
f 334/334/334 323/323/323 333/333/333 
f 328/328/328 332/332/332 335/335/335 
f 335/335/335 332/332/332 334/334/334 
f 335/335/335 330/330/330 328/328/328 
f 336/336/336 333/333/333 329/329/329 
f 329/329/329 331/331/331 336/336/336 
f 337/337/337 333/333/333 336/336/336 
f 333/333/333 338/338/338 334/334/334 
f 338/338/338 333/333/333 337/337/337 
f 339/339/339 335/335/335 334/334/334 
f 339/339/339 334/334/334 338/338/338 
f 330/330/330 335/335/335 340/340/340 
f 339/339/339 340/340/340 335/335/335 
f 336/336/336 341/341/341 337/337/337 
f 341/341/341 338/338/338 337/337/337 
f 341/341/341 336/336/336 342/342/342 
f 342/342/342 336/336/336 331/331/331 
f 343/343/343 338/338/338 341/341/341 
f 339/339/339 338/338/338 343/343/343 
f 344/344/344 341/341/341 342/342/342 
f 341/341/341 344/344/344 343/343/343 
f 345/345/345 344/344/344 342/342/342 
f 345/345/345 343/343/343 344/344/344 
f 331/331/331 346/346/346 342/342/342 
f 339/339/339 343/343/343 347/347/347 
f 343/343/343 345/345/345 348/348/348 
f 347/347/347 343/343/343 348/348/348 
f 349/349/349 348/348/348 345/345/345 
f 350/350/350 348/348/348 349/349/349 
f 350/350/350 347/347/347 348/348/348 
f 349/349/349 345/345/345 351/351/351 
f 342/342/342 352/352/352 345/345/345 
f 352/352/352 351/351/351 345/345/345 
f 346/346/346 352/352/352 342/342/342 
f 352/352/352 353/353/353 351/351/351 
f 353/353/353 352/352/352 354/354/354 
f 346/346/346 354/354/354 352/352/352 
f 354/354/354 355/355/355 353/353/353 
f 350/350/350 356/356/356 347/347/347 
f 356/356/356 350/350/350 357/357/357 
f 358/358/358 347/347/347 356/356/356 
f 358/358/358 339/339/339 347/347/347 
f 357/357/357 359/359/359 356/356/356 
f 359/359/359 357/357/357 360/360/360 
f 359/359/359 360/360/360 361/361/361 
f 361/361/361 355/355/355 362/362/362 
f 359/359/359 361/361/361 362/362/362 
f 362/362/362 355/355/355 354/354/354 
f 356/356/356 359/359/359 363/363/363 
f 363/363/363 359/359/359 362/362/362 
f 358/358/358 356/356/356 363/363/363 
f 364/364/364 362/362/362 354/354/354 
f 363/363/363 362/362/362 364/364/364 
f 364/364/364 354/354/354 346/346/346 
f 358/358/358 363/363/363 365/365/365 
f 363/363/363 364/364/364 365/365/365 
f 339/339/339 358/358/358 366/366/366 
f 365/365/365 366/366/366 358/358/358 
f 340/340/340 339/339/339 366/366/366 
f 346/346/346 367/367/367 364/364/364 
f 365/365/365 364/364/364 367/367/367 
f 367/367/367 346/346/346 331/331/331 
f 365/365/365 368/368/368 366/366/366 
f 367/367/367 368/368/368 365/365/365 
f 340/340/340 366/366/366 368/368/368 
f 331/331/331 369/369/369 367/367/367 
f 368/368/368 367/367/367 369/369/369 
f 369/369/369 331/331/331 327/327/327 
f 327/327/327 326/326/326 369/369/369 
f 370/370/370 368/368/368 369/369/369 
f 340/340/340 368/368/368 370/370/370 
f 370/370/370 369/369/369 326/326/326 
f 330/330/330 340/340/340 370/370/370 
f 371/371/371 370/370/370 326/326/326 
f 330/330/330 370/370/370 371/371/371 
f 372/372/372 373/373/373 374/374/374 
f 373/373/373 372/372/372 375/375/375 
f 376/376/376 374/374/374 373/373/373 
f 374/374/374 376/376/376 377/377/377 
f 378/378/378 374/374/374 377/377/377 
f 379/379/379 372/372/372 374/374/374 
f 374/374/374 378/378/378 379/379/379 
f 372/372/372 379/379/379 380/380/380 
f 379/379/379 381/381/381 380/380/380 
f 378/378/378 382/382/382 379/379/379 
f 381/381/381 379/379/379 382/382/382 
f 382/382/382 378/378/378 383/383/383 
f 384/384/384 382/382/382 383/383/383 
f 385/385/385 381/381/381 382/382/382 
f 382/382/382 384/384/384 385/385/385 
f 381/381/381 385/385/385 386/386/386 
f 386/386/386 385/385/385 387/387/387 
f 385/385/385 384/384/384 388/388/388 
f 388/388/388 387/387/387 385/385/385 
f 389/389/389 388/388/388 384/384/384 
f 387/387/387 388/388/388 390/390/390 
f 391/391/391 388/388/388 389/389/389 
f 392/392/392 390/390/390 388/388/388 
f 388/388/388 391/391/391 392/392/392 
f 393/393/393 394/394/394 395/395/395 
f 394/394/394 393/393/393 396/396/396 
f 397/397/397 395/395/395 394/394/394 
f 398/398/398 393/393/393 395/395/395 
f 393/393/393 398/398/398 399/399/399 
f 395/395/395 397/397/397 400/400/400 
f 401/401/401 400/400/400 397/397/397 
f 400/400/400 401/401/401 402/402/402 
f 403/403/403 400/400/400 402/402/402 
f 398/398/398 404/404/404 399/399/399 
f 400/400/400 403/403/403 405/405/405 
f 405/405/405 395/395/395 400/400/400 
f 395/395/395 405/405/405 398/398/398 
f 406/406/406 405/405/405 403/403/403 
f 405/405/405 406/406/406 407/407/407 
f 407/407/407 398/398/398 405/405/405 
f 408/408/408 407/407/407 406/406/406 
f 409/409/409 404/404/404 398/398/398 
f 398/398/398 407/407/407 409/409/409 
f 408/408/408 410/410/410 407/407/407 
f 410/410/410 409/409/409 407/407/407 
f 411/411/411 404/404/404 409/409/409 
f 410/410/410 411/411/411 409/409/409 
f 411/411/411 412/412/412 404/404/404 
f 412/412/412 411/411/411 413/413/413 
f 414/414/414 413/413/413 411/411/411 
f 410/410/410 414/414/414 411/411/411 
f 414/414/414 415/415/415 413/413/413 
f 415/415/415 414/414/414 416/416/416 
f 417/417/417 416/416/416 414/414/414 
f 414/414/414 410/410/410 418/418/418 
f 417/417/417 414/414/414 418/418/418 
f 410/410/410 408/408/408 418/418/418 
f 419/419/419 418/418/418 408/408/408 
f 419/419/419 417/417/417 418/418/418 
f 417/417/417 419/419/419 420/420/420 
f 421/421/421 422/422/422 423/423/423 
f 421/421/421 424/424/424 422/422/422 
f 424/424/424 425/425/425 422/422/422 
f 426/426/426 425/425/425 424/424/424 
f 423/423/423 422/422/422 427/427/427 
f 428/428/428 423/423/423 429/429/429 
f 429/429/429 423/423/423 427/427/427 
f 427/427/427 422/422/422 430/430/430 
f 422/422/422 425/425/425 430/430/430 
f 430/430/430 425/425/425 431/431/431 
f 432/432/432 431/431/431 425/425/425 
f 433/433/433 430/430/430 431/431/431 
f 434/434/434 433/433/433 431/431/431 
f 427/427/427 430/430/430 435/435/435 
f 430/430/430 433/433/433 435/435/435 
f 429/429/429 427/427/427 436/436/436 
f 435/435/435 436/436/436 427/427/427 
f 435/435/435 433/433/433 437/437/437 
f 438/438/438 437/437/437 433/433/433 
f 436/436/436 435/435/435 439/439/439 
f 437/437/437 439/439/439 435/435/435 
f 436/436/436 440/440/440 429/429/429 
f 439/439/439 441/441/441 436/436/436 
f 440/440/440 436/436/436 441/441/441 
f 442/442/442 429/429/429 440/440/440 
f 442/442/442 428/428/428 429/429/429 
f 443/443/443 428/428/428 442/442/442 
f 440/440/440 444/444/444 442/442/442 
f 445/445/445 443/443/443 442/442/442 
f 445/445/445 442/442/442 444/444/444 
f 444/444/444 440/440/440 446/446/446 
f 441/441/441 446/446/446 440/440/440 
f 444/444/444 447/447/447 445/445/445 
f 446/446/446 441/441/441 448/448/448 
f 439/439/439 448/448/448 441/441/441 
f 446/446/446 449/449/449 444/444/444 
f 449/449/449 447/447/447 444/444/444 
f 448/448/448 450/450/450 446/446/446 
f 449/449/449 446/446/446 450/450/450 
f 448/448/448 439/439/439 451/451/451 
f 437/437/437 451/451/451 439/439/439 
f 450/450/450 448/448/448 452/452/452 
f 451/451/451 452/452/452 448/448/448 
f 453/453/453 454/454/454 455/455/455 
f 454/454/454 456/456/456 455/455/455 
f 457/457/457 458/458/458 459/459/459 
f 459/459/459 458/458/458 460/460/460 
f 461/461/461 462/462/462 463/463/463 
f 461/461/461 463/463/463 464/464/464 
f 464/464/464 465/465/465 461/461/461 
f 461/461/461 466/466/466 462/462/462 
f 466/466/466 467/467/467 462/462/462 
f 467/467/467 466/466/466 468/468/468 
f 468/468/468 469/469/469 467/467/467 
f 467/467/467 469/469/469 470/470/470 
f 469/469/469 471/471/471 470/470/470 
f 472/472/472 471/471/471 469/469/469 
f 472/472/472 473/473/473 471/471/471 
f 473/473/473 472/472/472 474/474/474 
f 475/475/475 476/476/476 477/477/477 
f 476/476/476 478/478/478 477/477/477 
f 476/476/476 475/475/475 479/479/479 
f 478/478/478 476/476/476 480/480/480 
f 481/481/481 479/479/479 475/475/475 
f 482/482/482 478/478/478 480/480/480 
f 483/483/483 481/481/481 475/475/475 
f 484/484/484 481/481/481 483/483/483 
f 481/481/481 484/484/484 485/485/485 
f 478/478/478 482/482/482 486/486/486 
f 482/482/482 487/487/487 486/486/486 
f 487/487/487 482/482/482 488/488/488 
f 489/489/489 490/490/490 491/491/491 
f 492/492/492 489/489/489 491/491/491 
f 493/493/493 492/492/492 491/491/491 
f 489/489/489 494/494/494 490/490/490 
f 494/494/494 495/495/495 490/490/490 
f 495/495/495 494/494/494 496/496/496 
f 496/496/496 497/497/497 495/495/495 
f 495/495/495 497/497/497 498/498/498 
f 497/497/497 499/499/499 498/498/498 
f 498/498/498 499/499/499 500/500/500 
f 499/499/499 501/501/501 500/500/500 
f 501/501/501 499/499/499 502/502/502 
f 503/503/503 504/504/504 505/505/505 
f 506/506/506 504/504/504 503/503/503 
f 504/504/504 506/506/506 507/507/507 
f 504/504/504 508/508/508 505/505/505 
f 509/509/509 505/505/505 508/508/508 
f 505/505/505 509/509/509 510/510/510 
f 509/509/509 511/511/511 510/510/510 
f 511/511/511 509/509/509 512/512/512 
f 511/511/511 512/512/512 513/513/513 
f 513/513/513 514/514/514 511/511/511 
f 515/515/515 514/514/514 513/513/513 
f 514/514/514 515/515/515 516/516/516 
f 517/517/517 518/518/518 519/519/519 
f 520/520/520 518/518/518 517/517/517 
f 520/520/520 521/521/521 518/518/518 
f 521/521/521 520/520/520 522/522/522 
f 523/523/523 524/524/524 525/525/525 
f 523/523/523 525/525/525 526/526/526 
f 527/527/527 524/524/524 523/523/523 
f 524/524/524 527/527/527 528/528/528 
f 529/529/529 530/530/530 531/531/531 
f 531/531/531 530/530/530 532/532/532 
f 533/533/533 532/532/532 530/530/530 
f 533/533/533 534/534/534 532/532/532 
f 534/534/534 533/533/533 535/535/535 
f 536/536/536 535/535/535 533/533/533 
f 535/535/535 536/536/536 537/537/537 
f 536/536/536 533/533/533 538/538/538 
f 533/533/533 530/530/530 538/538/538 
f 539/539/539 538/538/538 530/530/530 
f 530/530/530 529/529/529 539/539/539 
f 538/538/538 539/539/539 540/540/540 
f 539/539/539 541/541/541 540/540/540 
f 539/539/539 529/529/529 542/542/542 
f 541/541/541 539/539/539 542/542/542 
f 542/542/542 529/529/529 543/543/543 
f 544/544/544 542/542/542 543/543/543 
f 545/545/545 541/541/541 542/542/542 
f 542/542/542 544/544/544 545/545/545 
f 541/541/541 545/545/545 546/546/546 
f 545/545/545 547/547/547 546/546/546 
f 547/547/547 545/545/545 548/548/548 
f 544/544/544 548/548/548 545/545/545 
f 548/548/548 544/544/544 549/549/549 
f 550/550/550 551/551/551 552/552/552 
f 551/551/551 550/550/550 553/553/553 
f 550/550/550 554/554/554 553/553/553 
f 551/551/551 555/555/555 552/552/552 
f 555/555/555 551/551/551 556/556/556 
f 557/557/557 555/555/555 556/556/556 
f 557/557/557 558/558/558 555/555/555 
f 558/558/558 559/559/559 555/555/555 
f 559/559/559 552/552/552 555/555/555 
f 558/558/558 560/560/560 559/559/559 
f 552/552/552 559/559/559 561/561/561 
f 552/552/552 561/561/561 562/562/562 
f 552/552/552 562/562/562 550/550/550 
f 562/562/562 563/563/563 550/550/550 
f 554/554/554 550/550/550 563/563/563 
f 563/563/563 562/562/562 564/564/564 
f 563/563/563 564/564/564 565/565/565 
f 554/554/554 563/563/563 566/566/566 
f 563/563/563 565/565/565 566/566/566 
f 554/554/554 566/566/566 567/567/567 
f 566/566/566 568/568/568 567/567/567 
f 568/568/568 566/566/566 569/569/569 
f 565/565/565 569/569/569 566/566/566 
f 569/569/569 565/565/565 570/570/570 
f 571/571/571 572/572/572 573/573/573 
f 571/571/571 573/573/573 574/574/574 
f 574/574/574 575/575/575 571/571/571 
f 571/571/571 576/576/576 572/572/572 
f 576/576/576 577/577/577 572/572/572 
f 577/577/577 576/576/576 578/578/578 
f 578/578/578 579/579/579 577/577/577 
f 577/577/577 579/579/579 580/580/580 
f 579/579/579 581/581/581 580/580/580 
f 579/579/579 582/582/582 581/581/581 
f 582/582/582 583/583/583 581/581/581 
f 583/583/583 582/582/582 584/584/584 
f 585/585/585 586/586/586 587/587/587 
f 588/588/588 587/587/587 586/586/586 
f 587/587/587 588/588/588 589/589/589 
f 585/585/585 587/587/587 590/590/590 
f 591/591/591 585/585/585 590/590/590 
f 585/585/585 591/591/591 592/592/592 
f 591/591/591 593/593/593 592/592/592 
f 593/593/593 591/591/591 594/594/594 
f 595/595/595 593/593/593 594/594/594 
f 593/593/593 595/595/595 596/596/596 
f 595/595/595 597/597/597 596/596/596 
f 597/597/597 595/595/595 598/598/598 
f 599/599/599 600/600/600 601/601/601 
f 600/600/600 599/599/599 602/602/602 
f 603/603/603 599/599/599 601/601/601 
f 603/603/603 601/601/601 604/604/604 
f 605/605/605 603/603/603 604/604/604 
f 606/606/606 603/603/603 605/605/605 
f 605/605/605 607/607/607 606/606/606 
f 607/607/607 605/605/605 608/608/608 
f 609/609/609 607/607/607 608/608/608 
f 609/609/609 608/608/608 610/610/610 
f 610/610/610 611/611/611 609/609/609 
f 611/611/611 612/612/612 609/609/609 
f 613/613/613 614/614/614 615/615/615 
f 616/616/616 615/615/615 614/614/614 
f 614/614/614 613/613/613 617/617/617 
f 615/615/615 616/616/616 618/618/618 
f 619/619/619 617/617/617 613/613/613 
f 620/620/620 618/618/618 616/616/616 
f 621/621/621 619/619/619 613/613/613 
f 622/622/622 619/619/619 621/621/621 
f 619/619/619 622/622/622 623/623/623 
f 618/618/618 620/620/620 624/624/624 
f 625/625/625 624/624/624 620/620/620 
f 624/624/624 625/625/625 626/626/626 
f 627/627/627 628/628/628 629/629/629 
f 630/630/630 628/628/628 627/627/627 
f 628/628/628 630/630/630 631/631/631 
f 632/632/632 628/628/628 631/631/631 
f 628/628/628 632/632/632 633/633/633 
f 628/628/628 633/633/633 634/634/634 
f 629/629/629 628/628/628 634/634/634 
f 634/634/634 633/633/633 635/635/635 
f 636/636/636 634/634/634 635/635/635 
f 637/637/637 629/629/629 634/634/634 
f 634/634/634 636/636/636 637/637/637 
f 629/629/629 637/637/637 638/638/638 
f 639/639/639 637/637/637 636/636/636 
f 640/640/640 638/638/638 637/637/637 
f 637/637/637 639/639/639 640/640/640 
f 638/638/638 640/640/640 641/641/641 
f 642/642/642 640/640/640 639/639/639 
f 643/643/643 641/641/641 640/640/640 
f 640/640/640 642/642/642 643/643/643 
f 641/641/641 643/643/643 644/644/644 
f 643/643/643 645/645/645 644/644/644 
f 645/645/645 643/643/643 646/646/646 
f 642/642/642 646/646/646 643/643/643 
f 646/646/646 642/642/642 647/647/647 
f 648/648/648 649/649/649 650/650/650 
f 648/648/648 650/650/650 651/651/651 
f 650/650/650 652/652/652 651/651/651 
f 649/649/649 648/648/648 653/653/653 
f 654/654/654 653/653/653 648/648/648 
f 655/655/655 653/653/653 654/654/654 
f 655/655/655 656/656/656 653/653/653 
f 656/656/656 657/657/657 653/653/653 
f 653/653/653 657/657/657 649/649/649 
f 656/656/656 658/658/658 657/657/657 
f 659/659/659 649/649/649 657/657/657 
f 649/649/649 659/659/659 660/660/660 
f 649/649/649 660/660/660 650/650/650 
f 661/661/661 650/650/650 660/660/660 
f 650/650/650 661/661/661 662/662/662 
f 652/652/652 650/650/650 662/662/662 
f 663/663/663 662/662/662 661/661/661 
f 664/664/664 652/652/652 662/662/662 
f 662/662/662 663/663/663 664/664/664 
f 652/652/652 664/664/664 665/665/665 
f 664/664/664 666/666/666 665/665/665 
f 666/666/666 664/664/664 667/667/667 
f 663/663/663 667/667/667 664/664/664 
f 667/667/667 663/663/663 668/668/668 
f 669/669/669 670/670/670 671/671/671 
f 670/670/670 672/672/672 671/671/671 
f 670/670/670 669/669/669 673/673/673 
f 672/672/672 670/670/670 674/674/674 
f 674/674/674 675/675/675 672/672/672 
f 674/674/674 676/676/676 675/675/675 
f 677/677/677 673/673/673 669/669/669 
f 673/673/673 677/677/677 678/678/678 
f 677/677/677 679/679/679 678/678/678 
f 677/677/677 680/680/680 679/679/679 
f 681/681/681 679/679/679 680/680/680 
f 680/680/680 682/682/682 681/681/681 
f 683/683/683 684/684/684 685/685/685 
f 685/685/685 686/686/686 683/683/683 
f 686/686/686 687/687/687 683/683/683 
f 683/683/683 688/688/688 684/684/684 
f 688/688/688 689/689/689 684/684/684 
f 689/689/689 688/688/688 690/690/690 
f 690/690/690 691/691/691 689/689/689 
f 689/689/689 691/691/691 692/692/692 
f 691/691/691 693/693/693 692/692/692 
f 691/691/691 694/694/694 693/693/693 
f 695/695/695 693/693/693 694/694/694 
f 694/694/694 696/696/696 695/695/695 
f 697/697/697 698/698/698 699/699/699 
f 699/699/699 698/698/698 700/700/700 
f 698/698/698 701/701/701 700/700/700 
f 697/697/697 702/702/702 698/698/698 
f 703/703/703 702/702/702 697/697/697 
f 698/698/698 704/704/704 701/701/701 
f 702/702/702 704/704/704 698/698/698 
f 704/704/704 705/705/705 701/701/701 
f 703/703/703 706/706/706 702/702/702 
f 703/703/703 707/707/707 706/706/706 
f 702/702/702 708/708/708 704/704/704 
f 706/706/706 708/708/708 702/702/702 
f 704/704/704 709/709/709 705/705/705 
f 708/708/708 709/709/709 704/704/704 
f 709/709/709 710/710/710 705/705/705 
f 707/707/707 711/711/711 706/706/706 
f 706/706/706 711/711/711 708/708/708 
f 707/707/707 712/712/712 711/711/711 
f 708/708/708 713/713/713 709/709/709 
f 711/711/711 713/713/713 708/708/708 
f 712/712/712 714/714/714 711/711/711 
f 711/711/711 714/714/714 713/713/713 
f 712/712/712 715/715/715 714/714/714 
f 713/713/713 716/716/716 709/709/709 
f 709/709/709 716/716/716 710/710/710 
f 714/714/714 717/717/717 713/713/713 
f 713/713/713 717/717/717 716/716/716 
f 715/715/715 718/718/718 714/714/714 
f 714/714/714 718/718/718 717/717/717 
f 715/715/715 719/719/719 718/718/718 
f 716/716/716 720/720/720 710/710/710 
f 717/717/717 720/720/720 716/716/716 
f 718/718/718 721/721/721 717/717/717 
f 717/717/717 721/721/721 720/720/720 
f 719/719/719 722/722/722 718/718/718 
f 718/718/718 722/722/722 721/721/721 
f 719/719/719 723/723/723 722/722/722 
f 724/724/724 722/722/722 723/723/723 
f 722/722/722 724/724/724 725/725/725 
f 725/725/725 721/721/721 722/722/722 
f 726/726/726 725/725/725 724/724/724 
f 721/721/721 725/725/725 727/727/727 
f 727/727/727 720/720/720 721/721/721 
f 728/728/728 727/727/727 725/725/725 
f 720/720/720 727/727/727 729/729/729 
f 730/730/730 729/729/729 727/727/727 
f 720/720/720 729/729/729 731/731/731 
f 710/710/710 720/720/720 731/731/731 
f 710/710/710 731/731/731 732/732/732 
f 733/733/733 732/732/732 731/731/731 
f 731/731/731 729/729/729 734/734/734 
f 731/731/731 734/734/734 733/733/733 
f 735/735/735 734/734/734 729/729/729 
f 736/736/736 733/733/733 734/734/734 
f 737/737/737 736/736/736 734/734/734 
f 733/733/733 736/736/736 738/738/738 
f 739/739/739 738/738/738 736/736/736 
f 740/740/740 739/739/739 736/736/736 
f 741/741/741 742/742/742 743/743/743 
f 742/742/742 744/744/744 743/743/743 
f 743/743/743 745/745/745 741/741/741 
f 743/743/743 746/746/746 745/745/745 
f 746/746/746 747/747/747 745/745/745 
f 746/746/746 748/748/748 747/747/747 
f 748/748/748 749/749/749 747/747/747 
f 747/747/747 749/749/749 750/750/750 
f 749/749/749 751/751/751 750/750/750 
f 749/749/749 752/752/752 751/751/751 
f 753/753/753 751/751/751 752/752/752 
f 752/752/752 754/754/754 753/753/753 
f 755/755/755 756/756/756 757/757/757 
f 757/757/757 756/756/756 758/758/758 
f 759/759/759 756/756/756 755/755/755 
f 756/756/756 759/759/759 760/760/760 
f 761/761/761 762/762/762 763/763/763 
f 762/762/762 761/761/761 764/764/764 
f 765/765/765 764/764/764 761/761/761 
f 762/762/762 764/764/764 766/766/766 
f 764/764/764 765/765/765 767/767/767 
f 767/767/767 766/766/766 764/764/764 
f 768/768/768 767/767/767 765/765/765 
f 765/765/765 769/769/769 768/768/768 
f 767/767/767 768/768/768 770/770/770 
f 770/770/770 771/771/771 767/767/767 
f 766/766/766 767/767/767 771/771/771 
f 771/771/771 770/770/770 772/772/772 
f 772/772/772 773/773/773 771/771/771 
f 766/766/766 771/771/771 773/773/773 
f 769/769/769 765/765/765 774/774/774 
f 761/761/761 774/774/774 765/765/765 
f 766/766/766 773/773/773 775/775/775 
f 773/773/773 776/776/776 775/775/775 
f 776/776/776 777/777/777 775/775/775 
f 775/775/775 778/778/778 766/766/766 
f 778/778/778 775/775/775 777/777/777 
f 762/762/762 766/766/766 778/778/778 
f 777/777/777 779/779/779 778/778/778 
f 780/780/780 762/762/762 778/778/778 
f 780/780/780 778/778/778 779/779/779 
f 781/781/781 762/762/762 780/780/780 
f 781/781/781 763/763/763 762/762/762 
f 782/782/782 780/780/780 779/779/779 
f 783/783/783 781/781/781 780/780/780 
f 783/783/783 780/780/780 782/782/782 
f 782/782/782 779/779/779 784/784/784 
f 784/784/784 779/779/779 785/785/785 
f 785/785/785 786/786/786 784/784/784 
f 787/787/787 782/782/782 784/784/784 
f 788/788/788 784/784/784 786/786/786 
f 787/787/787 784/784/784 788/788/788 
f 789/789/789 788/788/788 786/786/786 
f 786/786/786 790/790/790 789/789/789 
f 791/791/791 789/789/789 790/790/790 
f 792/792/792 783/783/783 782/782/782 
f 792/792/792 782/782/782 787/787/787 
f 789/789/789 791/791/791 793/793/793 
f 791/791/791 794/794/794 793/793/793 
f 788/788/788 789/789/789 795/795/795 
f 793/793/793 795/795/795 789/789/789 
f 796/796/796 787/787/787 788/788/788 
f 796/796/796 788/788/788 795/795/795 
f 797/797/797 792/792/792 787/787/787 
f 797/797/797 787/787/787 796/796/796 
f 798/798/798 793/793/793 794/794/794 
f 799/799/799 798/798/798 794/794/794 
f 795/795/795 793/793/793 800/800/800 
f 798/798/798 800/800/800 793/793/793 
f 801/801/801 796/796/796 795/795/795 
f 801/801/801 795/795/795 800/800/800 
f 802/802/802 800/800/800 798/798/798 
f 800/800/800 802/802/802 801/801/801 
f 803/803/803 802/802/802 798/798/798 
f 804/804/804 796/796/796 801/801/801 
f 804/804/804 797/797/797 796/796/796 
f 805/805/805 801/801/801 802/802/802 
f 801/801/801 805/805/805 804/804/804 
f 806/806/806 805/805/805 802/802/802 
f 807/807/807 804/804/804 805/805/805 
f 808/808/808 807/807/807 805/805/805 
f 809/809/809 797/797/797 804/804/804 
f 804/804/804 807/807/807 809/809/809 
f 797/797/797 809/809/809 810/810/810 
f 810/810/810 792/792/792 797/797/797 
f 811/811/811 809/809/809 807/807/807 
f 812/812/812 811/811/811 807/807/807 
f 813/813/813 810/810/810 809/809/809 
f 809/809/809 811/811/811 813/813/813 
f 810/810/810 814/814/814 792/792/792 
f 814/814/814 783/783/783 792/792/792 
f 810/810/810 813/813/813 815/815/815 
f 814/814/814 810/810/810 815/815/815 
f 816/816/816 813/813/813 811/811/811 
f 817/817/817 816/816/816 811/811/811 
f 813/813/813 816/816/816 818/818/818 
f 818/818/818 815/815/815 813/813/813 
f 424/424/424 818/818/818 816/816/816 
f 819/819/819 424/424/424 816/816/816 
f 814/814/814 820/820/820 783/783/783 
f 820/820/820 781/781/781 783/783/783 
f 815/815/815 821/821/821 814/814/814 
f 821/821/821 820/820/820 814/814/814 
f 820/820/820 822/822/822 781/781/781 
f 822/822/822 763/763/763 781/781/781 
f 821/821/821 823/823/823 820/820/820 
f 823/823/823 822/822/822 820/820/820 
f 821/821/821 815/815/815 824/824/824 
f 823/823/823 821/821/821 825/825/825 
f 821/821/821 824/824/824 825/825/825 
f 815/815/815 826/826/826 824/824/824 
f 815/815/815 818/818/818 826/826/826 
f 421/421/421 826/826/826 818/818/818 
f 818/818/818 424/424/424 421/421/421 
f 824/824/824 826/826/826 827/827/827 
f 825/825/825 824/824/824 828/828/828 
f 824/824/824 827/827/827 828/828/828 
f 826/826/826 829/829/829 827/827/827 
f 826/826/826 421/421/421 829/829/829 
f 828/828/828 827/827/827 443/443/443 
f 827/827/827 829/829/829 428/428/428 
f 443/443/443 827/827/827 428/428/428 
f 829/829/829 421/421/421 423/423/423 
f 829/829/829 423/423/423 428/428/428 
f 830/830/830 831/831/831 832/832/832 
f 830/830/830 833/833/833 831/831/831 
f 833/833/833 834/834/834 831/831/831 
f 834/834/834 835/835/835 831/831/831 
f 836/836/836 834/834/834 833/833/833 
f 831/831/831 835/835/835 837/837/837 
f 837/837/837 835/835/835 838/838/838 
f 837/837/837 832/832/832 831/831/831 
f 836/836/836 833/833/833 839/839/839 
f 840/840/840 836/836/836 839/839/839 
f 839/839/839 841/841/841 840/840/840 
f 842/842/842 839/839/839 833/833/833 
f 842/842/842 833/833/833 830/830/830 
f 841/841/841 839/839/839 843/843/843 
f 843/843/843 839/839/839 842/842/842 
f 841/841/841 843/843/843 844/844/844 
f 842/842/842 830/830/830 845/845/845 
f 832/832/832 845/845/845 830/830/830 
f 843/843/843 842/842/842 846/846/846 
f 844/844/844 843/843/843 846/846/846 
f 846/846/846 842/842/842 845/845/845 
f 846/846/846 847/847/847 844/844/844 
f 848/848/848 844/844/844 847/847/847 
f 848/848/848 847/847/847 849/849/849 
f 847/847/847 846/846/846 850/850/850 
f 850/850/850 846/846/846 845/845/845 
f 847/847/847 851/851/851 849/849/849 
f 850/850/850 851/851/851 847/847/847 
f 849/849/849 851/851/851 852/852/852 
f 850/850/850 845/845/845 853/853/853 
f 850/850/850 853/853/853 851/851/851 
f 845/845/845 832/832/832 853/853/853 
f 851/851/851 854/854/854 852/852/852 
f 853/853/853 854/854/854 851/851/851 
f 853/853/853 832/832/832 855/855/855 
f 853/853/853 855/855/855 854/854/854 
f 832/832/832 837/837/837 855/855/855 
f 837/837/837 856/856/856 855/855/855 
f 854/854/854 855/855/855 856/856/856 
f 857/857/857 854/854/854 856/856/856 
f 858/858/858 859/859/859 860/860/860 
f 861/861/861 860/860/860 859/859/859 
f 860/860/860 861/861/861 862/862/862 
f 860/860/860 863/863/863 858/858/858 
f 864/864/864 858/858/858 863/863/863 
f 858/858/858 864/864/864 865/865/865 
f 864/864/864 866/866/866 865/865/865 
f 866/866/866 864/864/864 867/867/867 
f 868/868/868 866/866/866 867/867/867 
f 866/866/866 868/868/868 869/869/869 
f 870/870/870 869/869/869 868/868/868 
f 869/869/869 870/870/870 871/871/871 
f 872/872/872 873/873/873 874/874/874 
f 874/874/874 875/875/875 872/872/872 
f 873/873/873 872/872/872 876/876/876 
f 876/876/876 872/872/872 877/877/877 
f 878/878/878 879/879/879 880/880/880 
f 881/881/881 878/878/878 880/880/880 
f 882/882/882 881/881/881 883/883/883 
f 881/881/881 882/882/882 884/884/884 
f 878/878/878 881/881/881 884/884/884 
f 882/882/882 885/885/885 884/884/884 
f 884/884/884 885/885/885 886/886/886 
f 887/887/887 884/884/884 886/886/886 
f 884/884/884 887/887/887 878/878/878 
f 887/887/887 888/888/888 878/878/878 
f 879/879/879 878/878/878 888/888/888 
f 888/888/888 887/887/887 889/889/889 
f 890/890/890 888/888/888 889/889/889 
f 891/891/891 879/879/879 888/888/888 
f 888/888/888 890/890/890 891/891/891 
f 879/879/879 891/891/891 892/892/892 
f 891/891/891 893/893/893 892/892/892 
f 890/890/890 894/894/894 891/891/891 
f 894/894/894 893/893/893 891/891/891 
f 894/894/894 890/890/890 895/895/895 
f 896/896/896 894/894/894 895/895/895 
f 896/896/896 897/897/897 894/894/894 
f 897/897/897 893/893/893 894/894/894 
f 893/893/893 897/897/897 898/898/898 
f 451/451/451 437/437/437 899/899/899 
f 900/900/900 899/899/899 437/437/437 
f 899/899/899 901/901/901 451/451/451 
f 452/452/452 451/451/451 901/901/901 
f 901/901/901 899/899/899 902/902/902 
f 903/903/903 902/902/902 899/899/899 
f 901/901/901 904/904/904 452/452/452 
f 902/902/902 905/905/905 901/901/901 
f 904/904/904 901/901/901 905/905/905 
f 905/905/905 902/902/902 906/906/906 
f 907/907/907 906/906/906 902/902/902 
f 905/905/905 908/908/908 904/904/904 
f 906/906/906 909/909/909 905/905/905 
f 909/909/909 908/908/908 905/905/905 
f 910/910/910 909/909/909 906/906/906 
f 911/911/911 910/910/910 906/906/906 
f 908/908/908 909/909/909 912/912/912 
f 910/910/910 913/913/913 909/909/909 
f 913/913/913 912/912/912 909/909/909 
f 914/914/914 913/913/913 910/910/910 
f 915/915/915 914/914/914 910/910/910 
f 912/912/912 913/913/913 916/916/916 
f 917/917/917 916/916/916 913/913/913 
f 913/913/913 914/914/914 917/917/917 
f 918/918/918 917/917/917 914/914/914 
f 919/919/919 918/918/918 914/914/914 
f 916/916/916 920/920/920 912/912/912 
f 921/921/921 912/912/912 920/920/920 
f 912/912/912 921/921/921 908/908/908 
f 920/920/920 922/922/922 921/921/921 
f 923/923/923 908/908/908 921/921/921 
f 908/908/908 923/923/923 904/904/904 
f 924/924/924 921/921/921 922/922/922 
f 921/921/921 924/924/924 923/923/923 
f 922/922/922 925/925/925 924/924/924 
f 926/926/926 924/924/924 925/925/925 
f 924/924/924 926/926/926 927/927/927 
f 927/927/927 923/923/923 924/924/924 
f 928/928/928 927/927/927 926/926/926 
f 929/929/929 904/904/904 923/923/923 
f 923/923/923 927/927/927 929/929/929 
f 904/904/904 929/929/929 452/452/452 
f 927/927/927 928/928/928 930/930/930 
f 930/930/930 929/929/929 927/927/927 
f 931/931/931 930/930/930 928/928/928 
f 932/932/932 452/452/452 929/929/929 
f 929/929/929 930/930/930 932/932/932 
f 452/452/452 932/932/932 450/450/450 
f 931/931/931 933/933/933 930/930/930 
f 933/933/933 932/932/932 930/930/930 
f 933/933/933 931/931/931 934/934/934 
f 935/935/935 450/450/450 932/932/932 
f 932/932/932 933/933/933 935/935/935 
f 450/450/450 935/935/935 449/449/449 
f 936/936/936 933/933/933 934/934/934 
f 933/933/933 936/936/936 935/935/935 
f 934/934/934 937/937/937 936/936/936 
f 938/938/938 449/449/449 935/935/935 
f 935/935/935 936/936/936 938/938/938 
f 447/447/447 449/449/449 938/938/938 
f 939/939/939 936/936/936 937/937/937 
f 936/936/936 939/939/939 938/938/938 
f 937/937/937 940/940/940 939/939/939 
f 938/938/938 939/939/939 941/941/941 
f 940/940/940 941/941/941 939/939/939 
f 941/941/941 447/447/447 938/938/938 
f 942/942/942 941/941/941 940/940/940 
f 447/447/447 941/941/941 943/943/943 
f 942/942/942 943/943/943 941/941/941 
f 944/944/944 942/942/942 940/940/940 
f 943/943/943 445/445/445 447/447/447 
f 945/945/945 942/942/942 944/944/944 
f 944/944/944 946/946/946 945/945/945 
f 947/947/947 943/943/943 942/942/942 
f 942/942/942 945/945/945 947/947/947 
f 943/943/943 948/948/948 445/445/445 
f 948/948/948 443/443/443 445/445/445 
f 948/948/948 828/828/828 443/443/443 
f 949/949/949 948/948/948 943/943/943 
f 947/947/947 949/949/949 943/943/943 
f 950/950/950 828/828/828 948/948/948 
f 949/949/949 950/950/950 948/948/948 
f 950/950/950 825/825/825 828/828/828 
f 951/951/951 949/949/949 947/947/947 
f 945/945/945 951/951/951 947/947/947 
f 952/952/952 950/950/950 949/949/949 
f 951/951/951 952/952/952 949/949/949 
f 953/953/953 825/825/825 950/950/950 
f 952/952/952 953/953/953 950/950/950 
f 823/823/823 825/825/825 953/953/953 
f 954/954/954 951/951/951 945/945/945 
f 946/946/946 954/954/954 945/945/945 
f 955/955/955 952/952/952 951/951/951 
f 954/954/954 955/955/955 951/951/951 
f 956/956/956 953/953/953 952/952/952 
f 955/955/955 956/956/956 952/952/952 
f 957/957/957 823/823/823 953/953/953 
f 956/956/956 957/957/957 953/953/953 
f 823/823/823 957/957/957 822/822/822 
f 954/954/954 946/946/946 958/958/958 
f 946/946/946 959/959/959 958/958/958 
f 960/960/960 958/958/958 959/959/959 
f 958/958/958 961/961/961 954/954/954 
f 961/961/961 955/955/955 954/954/954 
f 958/958/958 960/960/960 962/962/962 
f 961/961/961 958/958/958 962/962/962 
f 961/961/961 963/963/963 955/955/955 
f 963/963/963 956/956/956 955/955/955 
f 962/962/962 964/964/964 961/961/961 
f 964/964/964 963/963/963 961/961/961 
f 960/960/960 965/965/965 962/962/962 
f 964/964/964 962/962/962 965/965/965 
f 963/963/963 966/966/966 956/956/956 
f 966/966/966 957/957/957 956/956/956 
f 964/964/964 967/967/967 963/963/963 
f 967/967/967 966/966/966 963/963/963 
f 957/957/957 966/966/966 968/968/968 
f 967/967/967 968/968/968 966/966/966 
f 957/957/957 968/968/968 822/822/822 
f 822/822/822 968/968/968 763/763/763 
f 969/969/969 763/763/763 968/968/968 
f 968/968/968 967/967/967 969/969/969 
f 763/763/763 969/969/969 761/761/761 
f 774/774/774 761/761/761 969/969/969 
f 970/970/970 969/969/969 967/967/967 
f 969/969/969 970/970/970 774/774/774 
f 967/967/967 964/964/964 970/970/970 
f 965/965/965 970/970/970 964/964/964 
f 971/971/971 774/774/774 970/970/970 
f 970/970/970 965/965/965 971/971/971 
f 774/774/774 971/971/971 769/769/769 
f 972/972/972 769/769/769 971/971/971 
f 973/973/973 971/971/971 965/965/965 
f 971/971/971 973/973/973 972/972/972 
f 965/965/965 960/960/960 973/973/973 
f 974/974/974 972/972/972 973/973/973 
f 975/975/975 973/973/973 960/960/960 
f 973/973/973 975/975/975 974/974/974 
f 976/976/976 977/977/977 978/978/978 
f 978/978/978 979/979/979 976/976/976 
f 979/979/979 980/980/980 976/976/976 
f 981/981/981 979/979/979 978/978/978 
f 980/980/980 982/982/982 976/976/976 
f 982/982/982 980/980/980 983/983/983 
f 984/984/984 976/976/976 982/982/982 
f 976/976/976 984/984/984 977/977/977 
f 983/983/983 985/985/985 982/982/982 
f 985/985/985 984/984/984 982/982/982 
f 985/985/985 983/983/983 986/986/986 
f 981/981/981 978/978/978 987/987/987 
f 987/987/987 988/988/988 981/981/981 
f 989/989/989 987/987/987 978/978/978 
f 977/977/977 989/989/989 978/978/978 
f 987/987/987 989/989/989 990/990/990 
f 990/990/990 991/991/991 987/987/987 
f 977/977/977 992/992/992 989/989/989 
f 989/989/989 992/992/992 990/990/990 
f 993/993/993 991/991/991 990/990/990 
f 990/990/990 992/992/992 993/993/993 
f 994/994/994 993/993/993 995/995/995 
f 992/992/992 977/977/977 996/996/996 
f 984/984/984 996/996/996 977/977/977 
f 997/997/997 993/993/993 992/992/992 
f 993/993/993 997/997/997 998/998/998 
f 999/999/999 998/998/998 997/997/997 
f 1000/1000/1000 997/997/997 992/992/992 
f 996/996/996 1000/1000/1000 992/992/992 
f 997/997/997 1001/1001/1001 999/999/999 
f 1000/1000/1000 1001/1001/1001 997/997/997 
f 1001/1001/1001 1002/1002/1002 999/999/999 
f 1000/1000/1000 996/996/996 1003/1003/1003 
f 996/996/996 984/984/984 1003/1003/1003 
f 1003/1003/1003 1001/1001/1001 1000/1000/1000 
f 1003/1003/1003 984/984/984 985/985/985 
f 1001/1001/1001 1004/1004/1004 1002/1002/1002 
f 1004/1004/1004 1001/1001/1001 1003/1003/1003 
f 1004/1004/1004 1003/1003/1003 985/985/985 
f 1004/1004/1004 985/985/985 986/986/986 
f 1004/1004/1004 986/986/986 1005/1005/1005 
f 1006/1006/1006 1007/1007/1007 1008/1008/1008 
f 1009/1009/1009 1010/1010/1010 1007/1007/1007 
f 1010/1010/1010 1008/1008/1008 1007/1007/1007 
f 1011/1011/1011 1006/1006/1006 1008/1008/1008 
f 1012/1012/1012 1006/1006/1006 1011/1011/1011 
f 1013/1013/1013 1012/1012/1012 1011/1011/1011 
f 1012/1012/1012 1013/1013/1013 1014/1014/1014 
f 1013/1013/1013 1011/1011/1011 1015/1015/1015 
f 1016/1016/1016 1011/1011/1011 1008/1008/1008 
f 1015/1015/1015 1011/1011/1011 1016/1016/1016 
f 1015/1015/1015 1017/1017/1017 1013/1013/1013 
f 1014/1014/1014 1017/1017/1017 1018/1018/1018 
f 1019/1019/1019 1016/1016/1016 1008/1008/1008 
f 1010/1010/1010 1019/1019/1019 1008/1008/1008 
f 1015/1015/1015 1016/1016/1016 1020/1020/1020 
f 1010/1010/1010 1021/1021/1021 1019/1019/1019 
f 1021/1021/1021 1010/1010/1010 1022/1022/1022 
f 1023/1023/1023 1016/1016/1016 1019/1019/1019 
f 1021/1021/1021 1023/1023/1023 1019/1019/1019 
f 1016/1016/1016 1023/1023/1023 1020/1020/1020 
f 1024/1024/1024 1021/1021/1021 1022/1022/1022 
f 1023/1023/1023 1021/1021/1021 1024/1024/1024 
f 1025/1025/1025 1015/1015/1015 1020/1020/1020 
f 1017/1017/1017 1015/1015/1015 1025/1025/1025 
f 1026/1026/1026 1020/1020/1020 1023/1023/1023 
f 1020/1020/1020 1026/1026/1026 1025/1025/1025 
f 1023/1023/1023 1024/1024/1024 1027/1027/1027 
f 1023/1023/1023 1027/1027/1027 1026/1026/1026 
f 1027/1027/1027 1024/1024/1024 1028/1028/1028 
f 1028/1028/1028 1024/1024/1024 1029/1029/1029 
f 1027/1027/1027 1028/1028/1028 1030/1030/1030 
f 1026/1026/1026 1027/1027/1027 1031/1031/1031 
f 1031/1031/1031 1027/1027/1027 1030/1030/1030 
f 1031/1031/1031 1025/1025/1025 1026/1026/1026 
f 1032/1032/1032 1031/1031/1031 1030/1030/1030 
f 1033/1033/1033 1025/1025/1025 1031/1031/1031 
f 1032/1032/1032 1033/1033/1033 1031/1031/1031 
f 1033/1033/1033 1017/1017/1017 1025/1025/1025 
f 1033/1033/1033 1032/1032/1032 1034/1034/1034 
f 1033/1033/1033 1018/1018/1018 1017/1017/1017 
f 1018/1018/1018 1033/1033/1033 1034/1034/1034 
f 1035/1035/1035 1036/1036/1036 1037/1037/1037 
f 1038/1038/1038 1035/1035/1035 1037/1037/1037 
f 1036/1036/1036 1035/1035/1035 1039/1039/1039 
f 1035/1035/1035 1040/1040/1040 1039/1039/1039 
f 1040/1040/1040 1035/1035/1035 1041/1041/1041 
f 1042/1042/1042 1039/1039/1039 1040/1040/1040 
f 1043/1043/1043 1041/1041/1041 1035/1035/1035 
f 1038/1038/1038 1043/1043/1043 1035/1035/1035 
f 1043/1043/1043 1044/1044/1044 1041/1041/1041 
f 1045/1045/1045 1044/1044/1044 1043/1043/1043 
f 1046/1046/1046 1043/1043/1043 1038/1038/1038 
f 1046/1046/1046 1045/1045/1045 1043/1043/1043 
f 1047/1047/1047 1046/1046/1046 1038/1038/1038 
f 1048/1048/1048 1045/1045/1045 1046/1046/1046 
f 1049/1049/1049 1046/1046/1046 1047/1047/1047 
f 1050/1050/1050 1048/1048/1048 1046/1046/1046 
f 1046/1046/1046 1049/1049/1049 1050/1050/1050 
f 1051/1051/1051 1042/1042/1042 1052/1052/1052 
f 1042/1042/1042 1051/1051/1051 1053/1053/1053 
f 1039/1039/1039 1042/1042/1042 1053/1053/1053 
f 1054/1054/1054 1053/1053/1053 1051/1051/1051 
f 1053/1053/1053 1036/1036/1036 1039/1039/1039 
f 1053/1053/1053 1054/1054/1054 1055/1055/1055 
f 1036/1036/1036 1053/1053/1053 1055/1055/1055 
f 1056/1056/1056 1057/1057/1057 1058/1058/1058 
f 1058/1058/1058 1057/1057/1057 1059/1059/1059 
f 1057/1057/1057 1056/1056/1056 1060/1060/1060 
f 1060/1060/1060 1056/1056/1056 1061/1061/1061 
f 1062/1062/1062 1063/1063/1063 1064/1064/1064 
f 1063/1063/1063 1062/1062/1062 1065/1065/1065 
f 1066/1066/1066 1064/1064/1064 1063/1063/1063 
f 1064/1064/1064 1066/1066/1066 1067/1067/1067 
f 1068/1068/1068 1069/1069/1069 1070/1070/1070 
f 1071/1071/1071 1070/1070/1070 1072/1072/1072 
f 1072/1072/1072 1070/1070/1070 1073/1073/1073 
f 1070/1070/1070 1071/1071/1071 1074/1074/1074 
f 1074/1074/1074 1071/1071/1071 1075/1075/1075 
f 1068/1068/1068 1070/1070/1070 1074/1074/1074 
f 1073/1073/1073 1070/1070/1070 1076/1076/1076 
f 1070/1070/1070 1069/1069/1069 1076/1076/1076 
f 1077/1077/1077 1073/1073/1073 1076/1076/1076 
f 1078/1078/1078 1077/1077/1077 1076/1076/1076 
f 1069/1069/1069 1078/1078/1078 1076/1076/1076 
f 1079/1079/1079 1074/1074/1074 1075/1075/1075 
f 1068/1068/1068 1074/1074/1074 1079/1079/1079 
f 1075/1075/1075 1080/1080/1080 1079/1079/1079 
f 1081/1081/1081 1079/1079/1079 1080/1080/1080 
f 1079/1079/1079 1081/1081/1081 1082/1082/1082 
f 1068/1068/1068 1079/1079/1079 1082/1082/1082 
f 1083/1083/1083 1082/1082/1082 1081/1081/1081 
f 1082/1082/1082 1083/1083/1083 1084/1084/1084 
f 1084/1084/1084 1083/1083/1083 1085/1085/1085 
f 1082/1082/1082 1084/1084/1084 1086/1086/1086 
f 1086/1086/1086 1084/1084/1084 1085/1085/1085 
f 1086/1086/1086 1068/1068/1068 1082/1082/1082 
f 1085/1085/1085 1087/1087/1087 1086/1086/1086 
f 1087/1087/1087 1068/1068/1068 1086/1086/1086 
f 1087/1087/1087 1085/1085/1085 1088/1088/1088 
f 1085/1085/1085 1089/1089/1089 1088/1088/1088 
f 1089/1089/1089 1090/1090/1090 1088/1088/1088 
f 1087/1087/1087 1088/1088/1088 1091/1091/1091 
f 1091/1091/1091 1088/1088/1088 1090/1090/1090 
f 1092/1092/1092 1091/1091/1091 1090/1090/1090 
f 1092/1092/1092 1090/1090/1090 1093/1093/1093 
f 1092/1092/1092 1094/1094/1094 1091/1091/1091 
f 1087/1087/1087 1091/1091/1091 1095/1095/1095 
f 1091/1091/1091 1094/1094/1094 1095/1095/1095 
f 1095/1095/1095 1096/1096/1096 1087/1087/1087 
f 1096/1096/1096 1068/1068/1068 1087/1087/1087 
f 1094/1094/1094 1096/1096/1096 1095/1095/1095 
f 1069/1069/1069 1068/1068/1068 1096/1096/1096 
f 1096/1096/1096 1094/1094/1094 1097/1097/1097 
f 1097/1097/1097 1069/1069/1069 1096/1096/1096 
f 1098/1098/1098 1097/1097/1097 1094/1094/1094 
f 1078/1078/1078 1069/1069/1069 1097/1097/1097 
f 1098/1098/1098 1078/1078/1078 1097/1097/1097 
f 1099/1099/1099 1100/1100/1100 1101/1101/1101 
f 1100/1100/1100 1099/1099/1099 1102/1102/1102 
f 1103/1103/1103 1101/1101/1101 1100/1100/1100 
f 1103/1103/1103 1100/1100/1100 1104/1104/1104 
f 1105/1105/1105 1103/1103/1103 1104/1104/1104 
f 1103/1103/1103 1105/1105/1105 1106/1106/1106 
f 1105/1105/1105 1107/1107/1107 1106/1106/1106 
f 1107/1107/1107 1105/1105/1105 1108/1108/1108 
f 1109/1109/1109 1107/1107/1107 1108/1108/1108 
f 1107/1107/1107 1109/1109/1109 1110/1110/1110 
f 1109/1109/1109 1111/1111/1111 1110/1110/1110 
f 1111/1111/1111 1109/1109/1109 1112/1112/1112 
f 1113/1113/1113 1114/1114/1114 1115/1115/1115 
f 1114/1114/1114 1116/1116/1116 1115/1115/1115 
f 1115/1115/1115 1117/1117/1117 1113/1113/1113 
f 1115/1115/1115 1118/1118/1118 1117/1117/1117 
f 1119/1119/1119 1117/1117/1117 1118/1118/1118 
f 1117/1117/1117 1119/1119/1119 1120/1120/1120 
f 1119/1119/1119 1121/1121/1121 1120/1120/1120 
f 1120/1120/1120 1121/1121/1121 1122/1122/1122 
f 1121/1121/1121 1123/1123/1123 1122/1122/1122 
f 1121/1121/1121 1124/1124/1124 1123/1123/1123 
f 1125/1125/1125 1123/1123/1123 1124/1124/1124 
f 1124/1124/1124 1126/1126/1126 1125/1125/1125 
f 1127/1127/1127 1128/1128/1128 1129/1129/1129 
f 1130/1130/1130 1128/1128/1128 1127/1127/1127 
f 1129/1129/1129 1131/1131/1131 1127/1127/1127 
f 1130/1130/1130 1127/1127/1127 1132/1132/1132 
f 1132/1132/1132 1127/1127/1127 1131/1131/1131 
f 1132/1132/1132 1131/1131/1131 1133/1133/1133 
f 1133/1133/1133 1131/1131/1131 1134/1134/1134 
f 1135/1135/1135 1132/1132/1132 1133/1133/1133 
f 1131/1131/1131 1136/1136/1136 1134/1134/1134 
f 1129/1129/1129 1136/1136/1136 1131/1131/1131 
f 1136/1136/1136 1137/1137/1137 1134/1134/1134 
f 1138/1138/1138 1132/1132/1132 1135/1135/1135 
f 1138/1138/1138 1130/1130/1130 1132/1132/1132 
f 1139/1139/1139 1138/1138/1138 1135/1135/1135 
f 1139/1139/1139 1140/1140/1140 1138/1138/1138 
f 1141/1141/1141 1130/1130/1130 1138/1138/1138 
f 1138/1138/1138 1140/1140/1140 1141/1141/1141 
f 1141/1141/1141 1142/1142/1142 1130/1130/1130 
f 1128/1128/1128 1130/1130/1130 1142/1142/1142 
f 1140/1140/1140 1143/1143/1143 1141/1141/1141 
f 1143/1143/1143 1142/1142/1142 1141/1141/1141 
f 1140/1140/1140 1144/1144/1144 1143/1143/1143 
f 1144/1144/1144 1145/1145/1145 1143/1143/1143 
f 1145/1145/1145 1146/1146/1146 1143/1143/1143 
f 1143/1143/1143 1146/1146/1146 1142/1142/1142 
f 1145/1145/1145 1147/1147/1147 1146/1146/1146 
f 1142/1142/1142 1148/1148/1148 1128/1128/1128 
f 1142/1142/1142 1146/1146/1146 1148/1148/1148 
f 1149/1149/1149 1146/1146/1146 1147/1147/1147 
f 1146/1146/1146 1149/1149/1149 1148/1148/1148 
f 1147/1147/1147 1150/1150/1150 1149/1149/1149 
f 1151/1151/1151 1149/1149/1149 1150/1150/1150 
f 1148/1148/1148 1149/1149/1149 1152/1152/1152 
f 1148/1148/1148 1152/1152/1152 1128/1128/1128 
f 1152/1152/1152 1149/1149/1149 1151/1151/1151 
f 1129/1129/1129 1128/1128/1128 1152/1152/1152 
f 1152/1152/1152 1151/1151/1151 1153/1153/1153 
f 1152/1152/1152 1153/1153/1153 1129/1129/1129 
f 1151/1151/1151 1154/1154/1154 1153/1153/1153 
f 1129/1129/1129 1153/1153/1153 1136/1136/1136 
f 1153/1153/1153 1154/1154/1154 1136/1136/1136 
f 1155/1155/1155 1156/1156/1156 1157/1157/1157 
f 1158/1158/1158 1155/1155/1155 1157/1157/1157 
f 1157/1157/1157 1156/1156/1156 1159/1159/1159 
f 1157/1157/1157 1160/1160/1160 1158/1158/1158 
f 1156/1156/1156 1161/1161/1161 1159/1159/1159 
f 1162/1162/1162 1158/1158/1158 1160/1160/1160 
f 1156/1156/1156 1163/1163/1163 1161/1161/1161 
f 1164/1164/1164 1161/1161/1161 1163/1163/1163 
f 1163/1163/1163 1165/1165/1165 1164/1164/1164 
f 1162/1162/1162 1160/1160/1160 1166/1166/1166 
f 1166/1166/1166 1167/1167/1167 1162/1162/1162 
f 1167/1167/1167 1168/1168/1168 1162/1162/1162 
f 1169/1169/1169 1170/1170/1170 1171/1171/1171 
f 1170/1170/1170 1169/1169/1169 1172/1172/1172 
f 1173/1173/1173 1171/1171/1171 1170/1170/1170 
f 1170/1170/1170 1174/1174/1174 1173/1173/1173 
f 1175/1175/1175 1173/1173/1173 1174/1174/1174 
f 1173/1173/1173 1175/1175/1175 1176/1176/1176 
f 1177/1177/1177 1176/1176/1176 1175/1175/1175 
f 1176/1176/1176 1177/1177/1177 1178/1178/1178 
f 1179/1179/1179 1178/1178/1178 1177/1177/1177 
f 1178/1178/1178 1179/1179/1179 1180/1180/1180 
f 1181/1181/1181 1180/1180/1180 1179/1179/1179 
f 1180/1180/1180 1181/1181/1181 1182/1182/1182 
f 1183/1183/1183 1184/1184/1184 1185/1185/1185 
f 1186/1186/1186 1185/1185/1185 1184/1184/1184 
f 1184/1184/1184 1183/1183/1183 1187/1187/1187 
f 1183/1183/1183 1188/1188/1188 1187/1187/1187 
f 1189/1189/1189 1187/1187/1187 1188/1188/1188 
f 1185/1185/1185 1186/1186/1186 1190/1190/1190 
f 1191/1191/1191 1190/1190/1190 1186/1186/1186 
f 1190/1190/1190 1191/1191/1191 1192/1192/1192 
f 1193/1193/1193 1192/1192/1192 1191/1191/1191 
f 1192/1192/1192 1193/1193/1193 1194/1194/1194 
f 1193/1193/1193 1195/1195/1195 1194/1194/1194 
f 1195/1195/1195 1193/1193/1193 1196/1196/1196 
f 1196/1196/1196 1197/1197/1197 1195/1195/1195 
f 1197/1197/1197 1196/1196/1196 1198/1198/1198 
f 1198/1198/1198 1199/1199/1199 1197/1197/1197 
f 1199/1199/1199 1198/1198/1198 1200/1200/1200 
f 1201/1201/1201 1202/1202/1202 1203/1203/1203 
f 1204/1204/1204 1203/1203/1203 1202/1202/1202 
f 1203/1203/1203 1205/1205/1205 1201/1201/1201 
f 1202/1202/1202 1201/1201/1201 1206/1206/1206 
f 1203/1203/1203 1204/1204/1204 1207/1207/1207 
f 1202/1202/1202 1208/1208/1208 1204/1204/1204 
f 1205/1205/1205 1203/1203/1203 1209/1209/1209 
f 1207/1207/1207 1209/1209/1209 1203/1203/1203 
f 1210/1210/1210 1201/1201/1201 1205/1205/1205 
f 1211/1211/1211 1207/1207/1207 1204/1204/1204 
f 1201/1201/1201 1210/1210/1210 1212/1212/1212 
f 1212/1212/1212 1206/1206/1206 1201/1201/1201 
f 1205/1205/1205 1213/1213/1213 1210/1210/1210 
f 1209/1209/1209 1214/1214/1214 1205/1205/1205 
f 1213/1213/1213 1205/1205/1205 1214/1214/1214 
f 1209/1209/1209 1207/1207/1207 1215/1215/1215 
f 1214/1214/1214 1216/1216/1216 1213/1213/1213 
f 1214/1214/1214 1209/1209/1209 1217/1217/1217 
f 1215/1215/1215 1217/1217/1217 1209/1209/1209 
f 1217/1217/1217 1218/1218/1218 1214/1214/1214 
f 1216/1216/1216 1214/1214/1214 1218/1218/1218 
f 1219/1219/1219 1215/1215/1215 1207/1207/1207 
f 1207/1207/1207 1211/1211/1211 1219/1219/1219 
f 1217/1217/1217 1215/1215/1215 1220/1220/1220 
f 1218/1218/1218 1217/1217/1217 1221/1221/1221 
f 1220/1220/1220 1221/1221/1221 1217/1217/1217 
f 1222/1222/1222 1220/1220/1220 1215/1215/1215 
f 1215/1215/1215 1219/1219/1219 1222/1222/1222 
f 1221/1221/1221 1220/1220/1220 1223/1223/1223 
f 1220/1220/1220 1222/1222/1222 1224/1224/1224 
f 1224/1224/1224 1223/1223/1223 1220/1220/1220 
f 1222/1222/1222 1219/1219/1219 1225/1225/1225 
f 1224/1224/1224 1222/1222/1222 1226/1226/1226 
f 1226/1226/1226 1222/1222/1222 1225/1225/1225 
f 1225/1225/1225 1219/1219/1219 1227/1227/1227 
f 1219/1219/1219 1211/1211/1211 1227/1227/1227 
f 1226/1226/1226 1225/1225/1225 1228/1228/1228 
f 1225/1225/1225 1227/1227/1227 1229/1229/1229 
f 1225/1225/1225 1229/1229/1229 1228/1228/1228 
f 1227/1227/1227 1211/1211/1211 1230/1230/1230 
f 1229/1229/1229 1227/1227/1227 1231/1231/1231 
f 1227/1227/1227 1230/1230/1230 1231/1231/1231 
f 1228/1228/1228 1229/1229/1229 1232/1232/1232 
f 1229/1229/1229 1231/1231/1231 1233/1233/1233 
f 1229/1229/1229 1233/1233/1233 1232/1232/1232 
f 1231/1231/1231 1230/1230/1230 1234/1234/1234 
f 1231/1231/1231 1235/1235/1235 1233/1233/1233 
f 1231/1231/1231 1234/1234/1234 1235/1235/1235 
f 1232/1232/1232 1233/1233/1233 705/705/705 
f 1233/1233/1233 1235/1235/1235 701/701/701 
f 1233/1233/1233 701/701/701 705/705/705 
f 705/705/705 710/710/710 1232/1232/1232 
f 1228/1228/1228 1232/1232/1232 732/732/732 
f 732/732/732 1232/1232/1232 710/710/710 
f 1236/1236/1236 1237/1237/1237 1238/1238/1238 
f 1237/1237/1237 1239/1239/1239 1238/1238/1238 
f 1236/1236/1236 1240/1240/1240 1241/1241/1241 
f 1239/1239/1239 1242/1242/1242 1238/1238/1238 
f 1243/1243/1243 1242/1242/1242 1239/1239/1239 
f 1240/1240/1240 1236/1236/1236 1244/1244/1244 
f 1245/1245/1245 1240/1240/1240 1244/1244/1244 
f 1236/1236/1236 1238/1238/1238 1246/1246/1246 
f 1236/1236/1236 1246/1246/1246 1244/1244/1244 
f 1245/1245/1245 1244/1244/1244 1247/1247/1247 
f 1244/1244/1244 1246/1246/1246 1247/1247/1247 
f 1245/1245/1245 1247/1247/1247 1248/1248/1248 
f 1246/1246/1246 1248/1248/1248 1247/1247/1247 
f 1249/1249/1249 1245/1245/1245 1248/1248/1248 
f 1238/1238/1238 1250/1250/1250 1246/1246/1246 
f 1242/1242/1242 1250/1250/1250 1238/1238/1238 
f 1250/1250/1250 1242/1242/1242 1251/1251/1251 
f 1242/1242/1242 1243/1243/1243 1251/1251/1251 
f 1243/1243/1243 1252/1252/1252 1251/1251/1251 
f 1251/1251/1251 1252/1252/1252 1250/1250/1250 
f 1243/1243/1243 1253/1253/1253 1252/1252/1252 
f 1246/1246/1246 1250/1250/1250 1254/1254/1254 
f 1250/1250/1250 1252/1252/1252 1254/1254/1254 
f 1255/1255/1255 1252/1252/1252 1253/1253/1253 
f 1254/1254/1254 1252/1252/1252 1255/1255/1255 
f 1256/1256/1256 1255/1255/1255 1253/1253/1253 
f 1256/1256/1256 1257/1257/1257 1255/1255/1255 
f 1254/1254/1254 1255/1255/1255 1257/1257/1257 
f 1258/1258/1258 1257/1257/1257 1256/1256/1256 
f 1246/1246/1246 1254/1254/1254 1259/1259/1259 
f 1248/1248/1248 1246/1246/1246 1259/1259/1259 
f 1257/1257/1257 1260/1260/1260 1254/1254/1254 
f 1259/1259/1259 1254/1254/1254 1260/1260/1260 
f 1257/1257/1257 1261/1261/1261 1260/1260/1260 
f 1261/1261/1261 1262/1262/1262 1260/1260/1260 
f 1263/1263/1263 1259/1259/1259 1260/1260/1260 
f 1248/1248/1248 1259/1259/1259 1263/1263/1263 
f 1262/1262/1262 1263/1263/1263 1260/1260/1260 
f 1249/1249/1249 1248/1248/1248 1263/1263/1263 
f 1263/1263/1263 1262/1262/1262 1249/1249/1249 
f 1264/1264/1264 1265/1265/1265 1266/1266/1266 
f 1265/1265/1265 1264/1264/1264 1267/1267/1267 
f 1268/1268/1268 1265/1265/1265 1267/1267/1267 
f 1267/1267/1267 1269/1269/1269 1268/1268/1268 
f 1269/1269/1269 1270/1270/1270 1268/1268/1268 
f 1271/1271/1271 1268/1268/1268 1270/1270/1270 
f 1272/1272/1272 1273/1273/1273 1274/1274/1274 
f 1272/1272/1272 1275/1275/1275 1273/1273/1273 
f 1276/1276/1276 1273/1273/1273 1275/1275/1275 
f 1273/1273/1273 1276/1276/1276 1277/1277/1277 
f 1278/1278/1278 1277/1277/1277 1276/1276/1276 
f 1277/1277/1277 1278/1278/1278 1279/1279/1279 
f 1280/1280/1280 1281/1281/1281 1282/1282/1282 
f 1281/1281/1281 1280/1280/1280 1283/1283/1283 
f 1280/1280/1280 1284/1284/1284 1283/1283/1283 
f 1284/1284/1284 1285/1285/1285 1283/1283/1283 
f 1282/1282/1282 1286/1286/1286 1280/1280/1280 
f 1286/1286/1286 1282/1282/1282 1287/1287/1287 
f 1287/1287/1287 1288/1288/1288 1286/1286/1286 
f 1288/1288/1288 1287/1287/1287 1289/1289/1289 
f 1288/1288/1288 1290/1290/1290 1286/1286/1286 
f 1290/1290/1290 1291/1291/1291 1286/1286/1286 
f 1292/1292/1292 1293/1293/1293 1294/1294/1294 
f 1293/1293/1293 1292/1292/1292 1295/1295/1295 
f 1295/1295/1295 1296/1296/1296 1293/1293/1293 
f 1296/1296/1296 1295/1295/1295 1297/1297/1297 
f 1298/1298/1298 1294/1294/1294 1293/1293/1293 
f 1294/1294/1294 1298/1298/1298 1299/1299/1299 
f 1300/1300/1300 1299/1299/1299 1298/1298/1298 
f 1299/1299/1299 1300/1300/1300 1301/1301/1301 
f 1298/1298/1298 1302/1302/1302 1300/1300/1300 
f 1302/1302/1302 1298/1298/1298 1303/1303/1303 
f 1304/1304/1304 1305/1305/1305 1306/1306/1306 
f 1305/1305/1305 1307/1307/1307 1306/1306/1306 
f 1308/1308/1308 1305/1305/1305 1304/1304/1304 
f 1304/1304/1304 1306/1306/1306 1309/1309/1309 
f 1309/1309/1309 1306/1306/1306 1310/1310/1310 
f 1311/1311/1311 1304/1304/1304 1309/1309/1309 
f 1312/1312/1312 1308/1308/1308 1304/1304/1304 
f 1304/1304/1304 1311/1311/1311 1312/1312/1312 
f 1313/1313/1313 1308/1308/1308 1312/1312/1312 
f 1314/1314/1314 1312/1312/1312 1311/1311/1311 
f 1312/1312/1312 1315/1315/1315 1313/1313/1313 
f 1312/1312/1312 1314/1314/1314 1315/1315/1315 
f 1316/1316/1316 1313/1313/1313 1315/1315/1315 
f 1314/1314/1314 1317/1317/1317 1315/1315/1315 
f 1315/1315/1315 1317/1317/1317 1316/1316/1316 
f 1317/1317/1317 1314/1314/1314 1318/1318/1318 
f 1318/1318/1318 1319/1319/1319 1317/1317/1317 
f 1320/1320/1320 1316/1316/1316 1317/1317/1317 
f 1319/1319/1319 1320/1320/1320 1317/1317/1317 
f 1316/1316/1316 1320/1320/1320 1321/1321/1321 
f 1319/1319/1319 1322/1322/1322 1320/1320/1320 
f 1322/1322/1322 1321/1321/1321 1320/1320/1320 
f 1322/1322/1322 1319/1319/1319 1323/1323/1323 
f 1321/1321/1321 1322/1322/1322 1324/1324/1324 
f 1322/1322/1322 1323/1323/1323 1325/1325/1325 
f 1325/1325/1325 1324/1324/1324 1322/1322/1322 
f 1323/1323/1323 1326/1326/1326 1325/1325/1325 
f 1324/1324/1324 1325/1325/1325 1327/1327/1327 
f 1325/1325/1325 1326/1326/1326 1328/1328/1328 
f 1327/1327/1327 1325/1325/1325 1328/1328/1328 
f 1326/1326/1326 1329/1329/1329 1328/1328/1328 
f 1327/1327/1327 1328/1328/1328 1330/1330/1330 
f 1331/1331/1331 1228/1228/1228 732/732/732 
f 1226/1226/1226 1228/1228/1228 1331/1331/1331 
f 1332/1332/1332 1226/1226/1226 1331/1331/1331 
f 1224/1224/1224 1226/1226/1226 1332/1332/1332 
f 732/732/732 733/733/733 1331/1331/1331 
f 1333/1333/1333 1224/1224/1224 1332/1332/1332 
f 1223/1223/1223 1224/1224/1224 1333/1333/1333 
f 1332/1332/1332 1331/1331/1331 738/738/738 
f 738/738/738 1331/1331/1331 733/733/733 
f 1333/1333/1333 1332/1332/1332 1334/1334/1334 
f 1334/1334/1334 1332/1332/1332 738/738/738 
f 1333/1333/1333 1335/1335/1335 1223/1223/1223 
f 1336/1336/1336 1333/1333/1333 1334/1334/1334 
f 1335/1335/1335 1333/1333/1333 1336/1336/1336 
f 738/738/738 739/739/739 1334/1334/1334 
f 1337/1337/1337 1223/1223/1223 1335/1335/1335 
f 1223/1223/1223 1337/1337/1337 1221/1221/1221 
f 1336/1336/1336 1334/1334/1334 1338/1338/1338 
f 1338/1338/1338 1334/1334/1334 739/739/739 
f 1339/1339/1339 1338/1338/1338 739/739/739 
f 1340/1340/1340 1336/1336/1336 1338/1338/1338 
f 1341/1341/1341 1340/1340/1340 1338/1338/1338 
f 1336/1336/1336 1340/1340/1340 1342/1342/1342 
f 1342/1342/1342 1335/1335/1335 1336/1336/1336 
f 1343/1343/1343 1342/1342/1342 1340/1340/1340 
f 1344/1344/1344 1335/1335/1335 1342/1342/1342 
f 1335/1335/1335 1344/1344/1344 1337/1337/1337 
f 1345/1345/1345 1344/1344/1344 1342/1342/1342 
f 1346/1346/1346 1337/1337/1337 1344/1344/1344 
f 1347/1347/1347 1346/1346/1346 1344/1344/1344 
f 1337/1337/1337 1346/1346/1346 1348/1348/1348 
f 1348/1348/1348 1221/1221/1221 1337/1337/1337 
f 1221/1221/1221 1348/1348/1348 1218/1218/1218 
f 1349/1349/1349 1348/1348/1348 1346/1346/1346 
f 1350/1350/1350 1349/1349/1349 1346/1346/1346 
f 1351/1351/1351 1218/1218/1218 1348/1348/1348 
f 1348/1348/1348 1349/1349/1349 1351/1351/1351 
f 1218/1218/1218 1351/1351/1351 1216/1216/1216 
f 1351/1351/1351 1349/1349/1349 1352/1352/1352 
f 1353/1353/1353 1352/1352/1352 1349/1349/1349 
f 1216/1216/1216 1351/1351/1351 1354/1354/1354 
f 1352/1352/1352 1354/1354/1354 1351/1351/1351 
f 1355/1355/1355 1356/1356/1356 1352/1352/1352 
f 1354/1354/1354 1352/1352/1352 1356/1356/1356 
f 1356/1356/1356 791/791/791 1354/1354/1354 
f 1357/1357/1357 1216/1216/1216 1354/1354/1354 
f 1358/1358/1358 794/794/794 1356/1356/1356 
f 794/794/794 791/791/791 1356/1356/1356 
f 1357/1357/1357 1354/1354/1354 790/790/790 
f 791/791/791 790/790/790 1354/1354/1354 
f 1357/1357/1357 1359/1359/1359 1216/1216/1216 
f 1213/1213/1213 1216/1216/1216 1359/1359/1359 
f 790/790/790 1360/1360/1360 1357/1357/1357 
f 1359/1359/1359 1357/1357/1357 1360/1360/1360 
f 1361/1361/1361 1213/1213/1213 1359/1359/1359 
f 1213/1213/1213 1361/1361/1361 1210/1210/1210 
f 1362/1362/1362 1359/1359/1359 1360/1360/1360 
f 1359/1359/1359 1362/1362/1362 1361/1361/1361 
f 790/790/790 786/786/786 1360/1360/1360 
f 1363/1363/1363 1210/1210/1210 1361/1361/1361 
f 1210/1210/1210 1363/1363/1363 1212/1212/1212 
f 1364/1364/1364 1361/1361/1361 1362/1362/1362 
f 1361/1361/1361 1364/1364/1364 1363/1363/1363 
f 1360/1360/1360 785/785/785 1362/1362/1362 
f 785/785/785 1360/1360/1360 786/786/786 
f 1362/1362/1362 1365/1365/1365 1364/1364/1364 
f 1365/1365/1365 1362/1362/1362 785/785/785 
f 1366/1366/1366 1363/1363/1363 1364/1364/1364 
f 1365/1365/1365 1366/1366/1366 1364/1364/1364 
f 1367/1367/1367 1212/1212/1212 1363/1363/1363 
f 1363/1363/1363 1366/1366/1366 1367/1367/1367 
f 1212/1212/1212 1367/1367/1367 1368/1368/1368 
f 1206/1206/1206 1212/1212/1212 1368/1368/1368 
f 1365/1365/1365 785/785/785 779/779/779 
f 1366/1366/1366 1365/1365/1365 777/777/777 
f 779/779/779 777/777/777 1365/1365/1365 
f 1366/1366/1366 1369/1369/1369 1367/1367/1367 
f 1367/1367/1367 1370/1370/1370 1368/1368/1368 
f 1370/1370/1370 1367/1367/1367 1369/1369/1369 
f 1368/1368/1368 1371/1371/1371 1206/1206/1206 
f 1371/1371/1371 1368/1368/1368 1370/1370/1370 
f 1372/1372/1372 1206/1206/1206 1371/1371/1371 
f 1206/1206/1206 1372/1372/1372 1202/1202/1202 
f 1208/1208/1208 1202/1202/1202 1372/1372/1372 
f 1369/1369/1369 1366/1366/1366 776/776/776 
f 777/777/777 776/776/776 1366/1366/1366 
f 1373/1373/1373 1370/1370/1370 1369/1369/1369 
f 1370/1370/1370 1374/1374/1374 1371/1371/1371 
f 1370/1370/1370 1373/1373/1373 1374/1374/1374 
f 1371/1371/1371 1374/1374/1374 1375/1375/1375 
f 1371/1371/1371 1375/1375/1375 1372/1372/1372 
f 1376/1376/1376 1369/1369/1369 776/776/776 
f 1369/1369/1369 1376/1376/1376 1373/1373/1373 
f 776/776/776 773/773/773 1376/1376/1376 
f 1372/1372/1372 1375/1375/1375 1377/1377/1377 
f 1377/1377/1377 1208/1208/1208 1372/1372/1372 
f 1374/1374/1374 1378/1378/1378 1375/1375/1375 
f 1375/1375/1375 1379/1379/1379 1377/1377/1377 
f 1375/1375/1375 1378/1378/1378 1379/1379/1379 
f 1374/1374/1374 1380/1380/1380 1378/1378/1378 
f 1380/1380/1380 1374/1374/1374 1373/1373/1373 
f 1378/1378/1378 1381/1381/1381 1379/1379/1379 
f 1380/1380/1380 1381/1381/1381 1378/1378/1378 
f 1379/1379/1379 1382/1382/1382 1377/1377/1377 
f 1373/1373/1373 1383/1383/1383 1380/1380/1380 
f 1383/1383/1383 1373/1373/1373 1376/1376/1376 
f 1380/1380/1380 1384/1384/1384 1381/1381/1381 
f 1383/1383/1383 1384/1384/1384 1380/1380/1380 
f 1385/1385/1385 1386/1386/1386 1387/1387/1387 
f 1386/1386/1386 1385/1385/1385 1388/1388/1388 
f 1389/1389/1389 1390/1390/1390 1387/1387/1387 
f 1387/1387/1387 1391/1391/1391 1385/1385/1385 
f 1391/1391/1391 1387/1387/1387 1390/1390/1390 
f 1390/1390/1390 1389/1389/1389 937/937/937 
f 940/940/940 937/937/937 1389/1389/1389 
f 1390/1390/1390 934/934/934 1391/1391/1391 
f 937/937/937 934/934/934 1390/1390/1390 
f 1392/1392/1392 1385/1385/1385 1391/1391/1391 
f 931/931/931 1391/1391/1391 934/934/934 
f 1391/1391/1391 931/931/931 1392/1392/1392 
f 1385/1385/1385 1392/1392/1392 1393/1393/1393 
f 1393/1393/1393 1388/1388/1388 1385/1385/1385 
f 928/928/928 1392/1392/1392 931/931/931 
f 1394/1394/1394 1393/1393/1393 1392/1392/1392 
f 1392/1392/1392 928/928/928 1394/1394/1394 
f 1393/1393/1393 1394/1394/1394 1395/1395/1395 
f 1388/1388/1388 1393/1393/1393 1396/1396/1396 
f 1395/1395/1395 1396/1396/1396 1393/1393/1393 
f 1397/1397/1397 1395/1395/1395 1394/1394/1394 
f 1396/1396/1396 1398/1398/1398 1388/1388/1388 
f 1399/1399/1399 1388/1388/1388 1398/1398/1398 
f 1398/1398/1398 1400/1400/1400 1399/1399/1399 
f 1395/1395/1395 1397/1397/1397 1401/1401/1401 
f 926/926/926 1397/1397/1397 1394/1394/1394 
f 926/926/926 1394/1394/1394 928/928/928 
f 1397/1397/1397 926/926/926 925/925/925 
f 1401/1401/1401 1402/1402/1402 1395/1395/1395 
f 1396/1396/1396 1395/1395/1395 1402/1402/1402 
f 1402/1402/1402 1401/1401/1401 1403/1403/1403 
f 1398/1398/1398 1396/1396/1396 1404/1404/1404 
f 1402/1402/1402 1404/1404/1404 1396/1396/1396 
f 1400/1400/1400 1398/1398/1398 1405/1405/1405 
f 1404/1404/1404 1405/1405/1405 1398/1398/1398 
f 1406/1406/1406 1400/1400/1400 1405/1405/1405 
f 1403/1403/1403 1407/1407/1407 1402/1402/1402 
f 1404/1404/1404 1402/1402/1402 1407/1407/1407 
f 1407/1407/1407 1403/1403/1403 1408/1408/1408 
f 1405/1405/1405 1404/1404/1404 1409/1409/1409 
f 1407/1407/1407 1409/1409/1409 1404/1404/1404 
f 1406/1406/1406 1405/1405/1405 1410/1410/1410 
f 1409/1409/1409 1410/1410/1410 1405/1405/1405 
f 1411/1411/1411 1406/1406/1406 1410/1410/1410 
f 1408/1408/1408 1412/1412/1412 1407/1407/1407 
f 1409/1409/1409 1407/1407/1407 1412/1412/1412 
f 1412/1412/1412 1408/1408/1408 1413/1413/1413 
f 1410/1410/1410 1409/1409/1409 1414/1414/1414 
f 1412/1412/1412 1414/1414/1414 1409/1409/1409 
f 1411/1411/1411 1410/1410/1410 1415/1415/1415 
f 1415/1415/1415 1410/1410/1410 1414/1414/1414 
f 1416/1416/1416 1411/1411/1411 1415/1415/1415 
f 1413/1413/1413 1417/1417/1417 1412/1412/1412 
f 1414/1414/1414 1412/1412/1412 1417/1417/1417 
f 1417/1417/1417 1413/1413/1413 1418/1418/1418 
f 1415/1415/1415 1414/1414/1414 1419/1419/1419 
f 1419/1419/1419 1414/1414/1414 1417/1417/1417 
f 1416/1416/1416 1415/1415/1415 1420/1420/1420 
f 1420/1420/1420 1415/1415/1415 1419/1419/1419 
f 1421/1421/1421 1416/1416/1416 1420/1420/1420 
f 1422/1422/1422 1417/1417/1417 1418/1418/1418 
f 1419/1419/1419 1417/1417/1417 1422/1422/1422 
f 1422/1422/1422 1418/1418/1418 1423/1423/1423 
f 1420/1420/1420 1419/1419/1419 1424/1424/1424 
f 1424/1424/1424 1419/1419/1419 1422/1422/1422 
f 1420/1420/1420 1425/1425/1425 1421/1421/1421 
f 1425/1425/1425 1420/1420/1420 1424/1424/1424 
f 1421/1421/1421 1425/1425/1425 1426/1426/1426 
f 1427/1427/1427 1422/1422/1422 1423/1423/1423 
f 1424/1424/1424 1422/1422/1422 1427/1427/1427 
f 1427/1427/1427 1423/1423/1423 1428/1428/1428 
f 1429/1429/1429 1427/1427/1427 1428/1428/1428 
f 1430/1430/1430 1424/1424/1424 1427/1427/1427 
f 1427/1427/1427 1429/1429/1429 1430/1430/1430 
f 1424/1424/1424 1430/1430/1430 1425/1425/1425 
f 1430/1430/1430 1429/1429/1429 1431/1431/1431 
f 1425/1425/1425 1430/1430/1430 1432/1432/1432 
f 1433/1433/1433 1434/1434/1434 1435/1435/1435 
f 1435/1435/1435 1436/1436/1436 1433/1433/1433 
f 1436/1436/1436 1437/1437/1437 1433/1433/1433 
f 1437/1437/1437 1436/1436/1436 1438/1438/1438 
f 1439/1439/1439 1437/1437/1437 1438/1438/1438 
f 1437/1437/1437 1439/1439/1439 1440/1440/1440 
f 1441/1441/1441 1442/1442/1442 1443/1443/1443 
f 1444/1444/1444 1442/1442/1442 1441/1441/1441 
f 1441/1441/1441 1445/1445/1445 1444/1444/1444 
f 1446/1446/1446 1444/1444/1444 1445/1445/1445 
f 1445/1445/1445 1447/1447/1447 1446/1446/1446 
f 1447/1447/1447 1445/1445/1445 1448/1448/1448 
f 1449/1449/1449 1450/1450/1450 1451/1451/1451 
f 1452/1452/1452 1451/1451/1451 1450/1450/1450 
f 1453/1453/1453 1450/1450/1450 1449/1449/1449 
f 1450/1450/1450 1453/1453/1453 1454/1454/1454 
f 1453/1453/1453 1455/1455/1455 1454/1454/1454 
f 1455/1455/1455 1453/1453/1453 1456/1456/1456 
f 1457/1457/1457 1458/1458/1458 1459/1459/1459 
f 1457/1457/1457 1459/1459/1459 1460/1460/1460 
f 1459/1459/1459 1461/1461/1461 1460/1460/1460 
f 1461/1461/1461 1459/1459/1459 1462/1462/1462 
f 1463/1463/1463 1461/1461/1461 1462/1462/1462 
f 1461/1461/1461 1463/1463/1463 1464/1464/1464 
f 1465/1465/1465 1466/1466/1466 1467/1467/1467 
f 1466/1466/1466 1468/1468/1468 1467/1467/1467 
f 1467/1467/1467 1469/1469/1469 1465/1465/1465 
f 1466/1466/1466 1465/1465/1465 1470/1470/1470 
f 1469/1469/1469 1467/1467/1467 1471/1471/1471 
f 1468/1468/1468 1471/1471/1471 1467/1467/1467 
f 1469/1469/1469 1472/1472/1472 1465/1465/1465 
f 1473/1473/1473 1465/1465/1465 1472/1472/1472 
f 1465/1465/1465 1473/1473/1473 1470/1470/1470 
f 1472/1472/1472 1469/1469/1469 1474/1474/1474 
f 1475/1475/1475 1470/1470/1470 1473/1473/1473 
f 1476/1476/1476 1474/1474/1474 1469/1469/1469 
f 1471/1471/1471 1476/1476/1476 1469/1469/1469 
f 1474/1474/1474 1476/1476/1476 1477/1477/1477 
f 1476/1476/1476 1471/1471/1471 1478/1478/1478 
f 1479/1479/1479 1478/1478/1478 1471/1471/1471 
f 1471/1471/1471 1468/1468/1468 1479/1479/1479 
f 1478/1478/1478 1479/1479/1479 1480/1480/1480 
f 1470/1470/1470 1475/1475/1475 1481/1481/1481 
f 1482/1482/1482 1481/1481/1481 1475/1475/1475 
f 1483/1483/1483 1470/1470/1470 1481/1481/1481 
f 1470/1470/1470 1483/1483/1483 1466/1466/1466 
f 1481/1481/1481 1482/1482/1482 1484/1484/1484 
f 1485/1485/1485 1484/1484/1484 1482/1482/1482 
f 1486/1486/1486 1481/1481/1481 1484/1484/1484 
f 1481/1481/1481 1486/1486/1486 1483/1483/1483 
f 1484/1484/1484 1485/1485/1485 1487/1487/1487 
f 1488/1488/1488 1487/1487/1487 1485/1485/1485 
f 1487/1487/1487 1488/1488/1488 1489/1489/1489 
f 1487/1487/1487 1489/1489/1489 1490/1490/1490 
f 1491/1491/1491 1484/1484/1484 1487/1487/1487 
f 1487/1487/1487 1490/1490/1490 1491/1491/1491 
f 1484/1484/1484 1491/1491/1491 1486/1486/1486 
f 1490/1490/1490 1492/1492/1492 1491/1491/1491 
f 1492/1492/1492 1486/1486/1486 1491/1491/1491 
f 1492/1492/1492 1490/1490/1490 1493/1493/1493 
f 1494/1494/1494 1492/1492/1492 1493/1493/1493 
f 1486/1486/1486 1492/1492/1492 1495/1495/1495 
f 1495/1495/1495 1483/1483/1483 1486/1486/1486 
f 1492/1492/1492 1494/1494/1494 1496/1496/1496 
f 1496/1496/1496 1495/1495/1495 1492/1492/1492 
f 1494/1494/1494 1497/1497/1497 1496/1496/1496 
f 1497/1497/1497 1494/1494/1494 1498/1498/1498 
f 1499/1499/1499 1497/1497/1497 1498/1498/1498 
f 1497/1497/1497 1499/1499/1499 1500/1500/1500 
f 1500/1500/1500 1501/1501/1501 1497/1497/1497 
f 1497/1497/1497 1501/1501/1501 1496/1496/1496 
f 1501/1501/1501 1500/1500/1500 1502/1502/1502 
f 1503/1503/1503 1501/1501/1501 1502/1502/1502 
f 1496/1496/1496 1501/1501/1501 1504/1504/1504 
f 1495/1495/1495 1496/1496/1496 1504/1504/1504 
f 1501/1501/1501 1503/1503/1503 1505/1505/1505 
f 1501/1501/1501 1505/1505/1505 1504/1504/1504 
f 1506/1506/1506 1505/1505/1505 1503/1503/1503 
f 1504/1504/1504 1507/1507/1507 1495/1495/1495 
f 1483/1483/1483 1495/1495/1495 1507/1507/1507 
f 1504/1504/1504 1505/1505/1505 1508/1508/1508 
f 1507/1507/1507 1504/1504/1504 1508/1508/1508 
f 1509/1509/1509 1483/1483/1483 1507/1507/1507 
f 1508/1508/1508 1509/1509/1509 1507/1507/1507 
f 1483/1483/1483 1509/1509/1509 1466/1466/1466 
f 1468/1468/1468 1466/1466/1466 1509/1509/1509 
f 1505/1505/1505 1506/1506/1506 1510/1510/1510 
f 1505/1505/1505 1510/1510/1510 1508/1508/1508 
f 1506/1506/1506 1511/1511/1511 1510/1510/1510 
f 1511/1511/1511 1506/1506/1506 1512/1512/1512 
f 1508/1508/1508 1510/1510/1510 1513/1513/1513 
f 1509/1509/1509 1508/1508/1508 1513/1513/1513 
f 1513/1513/1513 1468/1468/1468 1509/1509/1509 
f 1510/1510/1510 1511/1511/1511 1513/1513/1513 
f 1514/1514/1514 1511/1511/1511 1512/1512/1512 
f 1468/1468/1468 1513/1513/1513 1515/1515/1515 
f 1513/1513/1513 1511/1511/1511 1515/1515/1515 
f 1515/1515/1515 1479/1479/1479 1468/1468/1468 
f 1511/1511/1511 1514/1514/1514 1516/1516/1516 
f 1511/1511/1511 1516/1516/1516 1515/1515/1515 
f 1514/1514/1514 1517/1517/1517 1516/1516/1516 
f 1517/1517/1517 1514/1514/1514 1518/1518/1518 
f 1515/1515/1515 1516/1516/1516 1519/1519/1519 
f 1516/1516/1516 1517/1517/1517 1519/1519/1519 
f 1479/1479/1479 1515/1515/1515 1519/1519/1519 
f 1519/1519/1519 1517/1517/1517 1520/1520/1520 
f 1519/1519/1519 1480/1480/1480 1479/1479/1479 
f 1480/1480/1480 1519/1519/1519 1520/1520/1520 
f 1521/1521/1521 1522/1522/1522 1523/1523/1523 
f 1524/1524/1524 1523/1523/1523 1522/1522/1522 
f 1525/1525/1525 1522/1522/1522 1521/1521/1521 
f 1522/1522/1522 1525/1525/1525 1526/1526/1526 
f 1525/1525/1525 1527/1527/1527 1526/1526/1526 
f 1527/1527/1527 1525/1525/1525 1528/1528/1528 
f 1529/1529/1529 1530/1530/1530 1531/1531/1531 
f 1529/1529/1529 1531/1531/1531 1532/1532/1532 
f 1531/1531/1531 1533/1533/1533 1532/1532/1532 
f 1533/1533/1533 1531/1531/1531 1534/1534/1534 
f 1535/1535/1535 1533/1533/1533 1534/1534/1534 
f 1535/1535/1535 1536/1536/1536 1533/1533/1533 
f 1537/1537/1537 1538/1538/1538 1539/1539/1539 
f 1538/1538/1538 1540/1540/1540 1539/1539/1539 
f 1540/1540/1540 1538/1538/1538 1541/1541/1541 
f 1538/1538/1538 1537/1537/1537 1542/1542/1542 
f 1537/1537/1537 1543/1543/1543 1542/1542/1542 
f 1543/1543/1543 1537/1537/1537 1544/1544/1544 
f 1545/1545/1545 1546/1546/1546 1547/1547/1547 
f 1546/1546/1546 1545/1545/1545 1548/1548/1548 
f 1545/1545/1545 1549/1549/1549 1548/1548/1548 
f 1549/1549/1549 1545/1545/1545 1550/1550/1550 
f 1551/1551/1551 1549/1549/1549 1550/1550/1550 
f 1549/1549/1549 1551/1551/1551 1552/1552/1552 
f 1553/1553/1553 1554/1554/1554 1555/1555/1555 
f 1556/1556/1556 1555/1555/1555 1554/1554/1554 
f 1557/1557/1557 1554/1554/1554 1553/1553/1553 
f 1554/1554/1554 1557/1557/1557 1558/1558/1558 
f 1558/1558/1558 1557/1557/1557 1559/1559/1559 
f 1560/1560/1560 1559/1559/1559 1557/1557/1557 
f 1561/1561/1561 1562/1562/1562 1563/1563/1563 
f 1561/1561/1561 1563/1563/1563 1564/1564/1564 
f 1563/1563/1563 1565/1565/1565 1564/1564/1564 
f 1565/1565/1565 1563/1563/1563 1566/1566/1566 
f 1567/1567/1567 1565/1565/1565 1566/1566/1566 
f 1565/1565/1565 1567/1567/1567 1568/1568/1568 
f 1569/1569/1569 1570/1570/1570 1571/1571/1571 
f 1572/1572/1572 1569/1569/1569 1571/1571/1571 
f 1572/1572/1572 1573/1573/1573 1569/1569/1569 
f 1570/1570/1570 1569/1569/1569 1574/1574/1574 
f 1575/1575/1575 1570/1570/1570 1574/1574/1574 
f 1570/1570/1570 1575/1575/1575 1576/1576/1576 
f 1577/1577/1577 1578/1578/1578 1579/1579/1579 
f 1580/1580/1580 1579/1579/1579 1578/1578/1578 
f 1581/1581/1581 1578/1578/1578 1577/1577/1577 
f 1578/1578/1578 1581/1581/1581 1582/1582/1582 
f 1581/1581/1581 1583/1583/1583 1582/1582/1582 
f 1583/1583/1583 1581/1581/1581 1584/1584/1584 
f 1585/1585/1585 1586/1586/1586 1587/1587/1587 
f 1586/1586/1586 1588/1588/1588 1587/1587/1587 
f 1588/1588/1588 1586/1586/1586 1589/1589/1589 
f 1586/1586/1586 1585/1585/1585 1590/1590/1590 
f 1585/1585/1585 1591/1591/1591 1590/1590/1590 
f 1591/1591/1591 1585/1585/1585 1592/1592/1592 
f 1593/1593/1593 1594/1594/1594 1595/1595/1595 
f 1596/1596/1596 1593/1593/1593 1595/1595/1595 
f 1593/1593/1593 1596/1596/1596 1597/1597/1597 
f 1594/1594/1594 1593/1593/1593 1598/1598/1598 
f 1599/1599/1599 1594/1594/1594 1598/1598/1598 
f 1599/1599/1599 1600/1600/1600 1594/1594/1594 
f 1601/1601/1601 1602/1602/1602 1603/1603/1603 
f 1602/1602/1602 1601/1601/1601 1604/1604/1604 
f 1601/1601/1601 1605/1605/1605 1604/1604/1604 
f 1605/1605/1605 1601/1601/1601 1606/1606/1606 
f 1607/1607/1607 1605/1605/1605 1606/1606/1606 
f 1605/1605/1605 1607/1607/1607 1608/1608/1608 
f 1609/1609/1609 1610/1610/1610 1611/1611/1611 
f 1610/1610/1610 1609/1609/1609 1612/1612/1612 
f 1613/1613/1613 1610/1610/1610 1612/1612/1612 
f 1610/1610/1610 1613/1613/1613 1614/1614/1614 
f 1613/1613/1613 1615/1615/1615 1614/1614/1614 
f 1615/1615/1615 1613/1613/1613 1616/1616/1616 
f 1617/1617/1617 1618/1618/1618 1619/1619/1619 
f 1619/1619/1619 1618/1618/1618 1620/1620/1620 
f 1621/1621/1621 1620/1620/1620 1618/1618/1618 
f 1618/1618/1618 1617/1617/1617 1622/1622/1622 
f 1617/1617/1617 1623/1623/1623 1622/1622/1622 
f 1623/1623/1623 1617/1617/1617 1624/1624/1624 
f 1625/1625/1625 1626/1626/1626 1627/1627/1627 
f 1628/1628/1628 1625/1625/1625 1627/1627/1627 
f 1625/1625/1625 1628/1628/1628 1629/1629/1629 
f 1626/1626/1626 1625/1625/1625 1630/1630/1630 
f 1631/1631/1631 1626/1626/1626 1630/1630/1630 
f 1626/1626/1626 1631/1631/1631 1632/1632/1632 
f 1633/1633/1633 1634/1634/1634 1635/1635/1635 
f 1636/1636/1636 1635/1635/1635 1634/1634/1634 
f 1634/1634/1634 1637/1637/1637 1636/1636/1636 
f 1635/1635/1635 1638/1638/1638 1633/1633/1633 
f 1639/1639/1639 1633/1633/1633 1638/1638/1638 
f 1633/1633/1633 1639/1639/1639 1640/1640/1640 
f 1641/1641/1641 1642/1642/1642 1643/1643/1643 
f 1642/1642/1642 1641/1641/1641 1644/1644/1644 
f 1645/1645/1645 1642/1642/1642 1644/1644/1644 
f 1642/1642/1642 1645/1645/1645 1646/1646/1646 
f 1645/1645/1645 1647/1647/1647 1646/1646/1646 
f 1646/1646/1646 1647/1647/1647 1648/1648/1648 
f 1649/1649/1649 1650/1650/1650 1651/1651/1651 
f 1652/1652/1652 1651/1651/1651 1650/1650/1650 
f 1651/1651/1651 1653/1653/1653 1649/1649/1649 
f 1650/1650/1650 1649/1649/1649 1654/1654/1654 
f 1651/1651/1651 1652/1652/1652 1655/1655/1655 
f 1650/1650/1650 1656/1656/1656 1652/1652/1652 
f 1653/1653/1653 1651/1651/1651 1657/1657/1657 
f 1655/1655/1655 1657/1657/1657 1651/1651/1651 
f 1658/1658/1658 1649/1649/1649 1653/1653/1653 
f 1652/1652/1652 1659/1659/1659 1655/1655/1655 
f 1649/1649/1649 1658/1658/1658 1660/1660/1660 
f 1660/1660/1660 1654/1654/1654 1649/1649/1649 
f 1658/1658/1658 1661/1661/1661 1660/1660/1660 
f 1662/1662/1662 1660/1660/1660 1661/1661/1661 
f 1661/1661/1661 1658/1658/1658 1663/1663/1663 
f 1660/1660/1660 1662/1662/1662 1664/1664/1664 
f 1654/1654/1654 1660/1660/1660 1664/1664/1664 
f 1665/1665/1665 1664/1664/1664 1662/1662/1662 
f 1666/1666/1666 1663/1663/1663 1658/1658/1658 
f 1653/1653/1653 1666/1666/1666 1658/1658/1658 
f 1663/1663/1663 1666/1666/1666 1667/1667/1667 
f 1668/1668/1668 1667/1667/1667 1666/1666/1666 
f 1667/1667/1667 1668/1668/1668 1669/1669/1669 
f 1666/1666/1666 1653/1653/1653 1670/1670/1670 
f 1670/1670/1670 1668/1668/1668 1666/1666/1666 
f 1657/1657/1657 1670/1670/1670 1653/1653/1653 
f 1668/1668/1668 1670/1670/1670 1671/1671/1671 
f 1672/1672/1672 1671/1671/1671 1670/1670/1670 
f 1670/1670/1670 1657/1657/1657 1672/1672/1672 
f 1671/1671/1671 1672/1672/1672 1673/1673/1673 
f 1674/1674/1674 1672/1672/1672 1657/1657/1657 
f 1657/1657/1657 1655/1655/1655 1674/1674/1674 
f 1675/1675/1675 1673/1673/1673 1672/1672/1672 
f 1672/1672/1672 1674/1674/1674 1675/1675/1675 
f 1675/1675/1675 1676/1676/1676 1673/1673/1673 
f 1677/1677/1677 1676/1676/1676 1675/1675/1675 
f 1655/1655/1655 1678/1678/1678 1674/1674/1674 
f 1678/1678/1678 1655/1655/1655 1659/1659/1659 
f 1674/1674/1674 1679/1679/1679 1675/1675/1675 
f 1679/1679/1679 1674/1674/1674 1678/1678/1678 
f 1679/1679/1679 1677/1677/1677 1675/1675/1675 
f 1680/1680/1680 1678/1678/1678 1659/1659/1659 
f 1680/1680/1680 1679/1679/1679 1678/1678/1678 
f 1681/1681/1681 1677/1677/1677 1679/1679/1679 
f 1679/1679/1679 1680/1680/1680 1681/1681/1681 
f 1677/1677/1677 1681/1681/1681 1682/1682/1682 
f 1683/1683/1683 1680/1680/1680 1659/1659/1659 
f 1684/1684/1684 1683/1683/1683 1659/1659/1659 
f 1659/1659/1659 1652/1652/1652 1684/1684/1684 
f 1683/1683/1683 1684/1684/1684 1685/1685/1685 
f 1656/1656/1656 1684/1684/1684 1652/1652/1652 
f 1686/1686/1686 1685/1685/1685 1684/1684/1684 
f 1684/1684/1684 1656/1656/1656 1686/1686/1686 
f 1685/1685/1685 1686/1686/1686 1687/1687/1687 
f 1686/1686/1686 1688/1688/1688 1687/1687/1687 
f 1688/1688/1688 1686/1686/1686 1689/1689/1689 
f 1689/1689/1689 1686/1686/1686 1690/1690/1690 
f 1686/1686/1686 1656/1656/1656 1690/1690/1690 
f 1691/1691/1691 1690/1690/1690 1656/1656/1656 
f 1656/1656/1656 1650/1650/1650 1691/1691/1691 
f 1690/1690/1690 1691/1691/1691 1692/1692/1692 
f 1654/1654/1654 1691/1691/1691 1650/1650/1650 
f 1693/1693/1693 1692/1692/1692 1691/1691/1691 
f 1691/1691/1691 1654/1654/1654 1693/1693/1693 
f 1692/1692/1692 1693/1693/1693 1694/1694/1694 
f 1664/1664/1664 1693/1693/1693 1654/1654/1654 
f 1695/1695/1695 1694/1694/1694 1693/1693/1693 
f 1693/1693/1693 1664/1664/1664 1695/1695/1695 
f 1694/1694/1694 1695/1695/1695 1696/1696/1696 
f 1664/1664/1664 1665/1665/1665 1695/1695/1695 
f 1695/1695/1695 1697/1697/1697 1696/1696/1696 
f 1697/1697/1697 1695/1695/1695 1665/1665/1665 
f 1698/1698/1698 1699/1699/1699 1700/1700/1700 
f 1699/1699/1699 1698/1698/1698 1701/1701/1701 
f 1702/1702/1702 1703/1703/1703 1704/1704/1704 
f 1704/1704/1704 1703/1703/1703 1705/1705/1705 
f 1706/1706/1706 1702/1702/1702 1704/1704/1704 
f 1704/1704/1704 1707/1707/1707 1706/1706/1706 
f 1702/1702/1702 1706/1706/1706 1708/1708/1708 
f 1708/1708/1708 1706/1706/1706 1709/1709/1709 
f 1708/1708/1708 1703/1703/1703 1702/1702/1702 
f 1703/1703/1703 1708/1708/1708 1710/1710/1710 
f 1703/1703/1703 1711/1711/1711 1705/1705/1705 
f 1710/1710/1710 1712/1712/1712 1703/1703/1703 
f 1703/1703/1703 1713/1713/1713 1711/1711/1711 
f 1713/1713/1713 1703/1703/1703 1712/1712/1712 
f 1713/1713/1713 1714/1714/1714 1711/1711/1711 
f 1712/1712/1712 1714/1714/1714 1713/1713/1713 
f 1711/1711/1711 1714/1714/1714 1715/1715/1715 
f 1714/1714/1714 1712/1712/1712 1716/1716/1716 
f 1717/1717/1717 1718/1718/1718 1719/1719/1719 
f 1718/1718/1718 1720/1720/1720 1719/1719/1719 
f 1719/1719/1719 1720/1720/1720 1721/1721/1721 
f 1719/1719/1719 1722/1722/1722 1717/1717/1717 
f 1723/1723/1723 1720/1720/1720 1718/1718/1718 
f 1720/1720/1720 1723/1723/1723 1724/1724/1724 
f 1718/1718/1718 1717/1717/1717 1723/1723/1723 
f 1723/1723/1723 1717/1717/1717 1725/1725/1725 
f 1722/1722/1722 1726/1726/1726 1717/1717/1717 
f 1727/1727/1727 1725/1725/1725 1717/1717/1717 
f 1717/1717/1717 1726/1726/1726 1728/1728/1728 
f 1717/1717/1717 1728/1728/1728 1727/1727/1727 
f 1729/1729/1729 1728/1728/1728 1726/1726/1726 
f 1728/1728/1728 1729/1729/1729 1727/1727/1727 
f 1726/1726/1726 1730/1730/1730 1729/1729/1729 
f 1727/1727/1727 1729/1729/1729 1731/1731/1731 
f 1381/1381/1381 1732/1732/1732 1379/1379/1379 
f 1379/1379/1379 1732/1732/1732 1382/1382/1382 
f 1384/1384/1384 1733/1733/1733 1381/1381/1381 
f 1381/1381/1381 1733/1733/1733 1732/1732/1732 
f 1376/1376/1376 1734/1734/1734 1383/1383/1383 
f 1383/1383/1383 1735/1735/1735 1384/1384/1384 
f 1734/1734/1734 1735/1735/1735 1383/1383/1383 
f 1734/1734/1734 1376/1376/1376 773/773/773 
f 1735/1735/1735 1736/1736/1736 1384/1384/1384 
f 1384/1384/1384 1736/1736/1736 1733/1733/1733 
f 1734/1734/1734 1737/1737/1737 1735/1735/1735 
f 1735/1735/1735 1738/1738/1738 1736/1736/1736 
f 1737/1737/1737 1738/1738/1738 1735/1735/1735 
f 772/772/772 1737/1737/1737 1734/1734/1734 
f 773/773/773 772/772/772 1734/1734/1734 
f 1737/1737/1737 1739/1739/1739 1738/1738/1738 
f 1736/1736/1736 1740/1740/1740 1733/1733/1733 
f 1738/1738/1738 1741/1741/1741 1736/1736/1736 
f 1736/1736/1736 1741/1741/1741 1740/1740/1740 
f 1738/1738/1738 1742/1742/1742 1741/1741/1741 
f 1739/1739/1739 1742/1742/1742 1738/1738/1738 
f 1743/1743/1743 1739/1739/1739 1737/1737/1737 
f 772/772/772 1743/1743/1743 1737/1737/1737 
f 1739/1739/1739 1744/1744/1744 1742/1742/1742 
f 1743/1743/1743 1745/1745/1745 1739/1739/1739 
f 1745/1745/1745 1744/1744/1744 1739/1739/1739 
f 1743/1743/1743 1746/1746/1746 1745/1745/1745 
f 772/772/772 1747/1747/1747 1743/1743/1743 
f 1746/1746/1746 1743/1743/1743 1747/1747/1747 
f 1747/1747/1747 772/772/772 770/770/770 
f 1748/1748/1748 1745/1745/1745 1746/1746/1746 
f 1745/1745/1745 1749/1749/1749 1744/1744/1744 
f 1745/1745/1745 1748/1748/1748 1749/1749/1749 
f 1749/1749/1749 1750/1750/1750 1744/1744/1744 
f 1748/1748/1748 1751/1751/1751 1749/1749/1749 
f 1750/1750/1750 1749/1749/1749 1751/1751/1751 
f 1752/1752/1752 1744/1744/1744 1750/1750/1750 
f 1744/1744/1744 1752/1752/1752 1742/1742/1742 
f 1751/1751/1751 1753/1753/1753 1750/1750/1750 
f 1750/1750/1750 1754/1754/1754 1752/1752/1752 
f 1754/1754/1754 1750/1750/1750 1753/1753/1753 
f 1754/1754/1754 1753/1753/1753 1755/1755/1755 
f 1756/1756/1756 1752/1752/1752 1754/1754/1754 
f 1756/1756/1756 1754/1754/1754 1757/1757/1757 
f 1758/1758/1758 1742/1742/1742 1752/1752/1752 
f 1752/1752/1752 1756/1756/1756 1758/1758/1758 
f 1742/1742/1742 1758/1758/1758 1741/1741/1741 
f 1753/1753/1753 1751/1751/1751 1759/1759/1759 
f 1753/1753/1753 1759/1759/1759 1760/1760/1760 
f 1761/1761/1761 1759/1759/1759 1751/1751/1751 
f 1748/1748/1748 1761/1761/1761 1751/1751/1751 
f 1759/1759/1759 1761/1761/1761 1762/1762/1762 
f 1759/1759/1759 1762/1762/1762 1763/1763/1763 
f 1764/1764/1764 1761/1761/1761 1748/1748/1748 
f 1748/1748/1748 1746/1746/1746 1764/1764/1764 
f 1765/1765/1765 1762/1762/1762 1761/1761/1761 
f 1761/1761/1761 1764/1764/1764 1765/1765/1765 
f 1762/1762/1762 1765/1765/1765 1766/1766/1766 
f 1762/1762/1762 1766/1766/1766 1767/1767/1767 
f 1768/1768/1768 1765/1765/1765 1764/1764/1764 
f 1769/1769/1769 1764/1764/1764 1746/1746/1746 
f 1769/1769/1769 1768/1768/1768 1764/1764/1764 
f 1747/1747/1747 1769/1769/1769 1746/1746/1746 
f 1770/1770/1770 1766/1766/1766 1765/1765/1765 
f 1765/1765/1765 1768/1768/1768 1770/1770/1770 
f 1766/1766/1766 1770/1770/1770 1771/1771/1771 
f 1766/1766/1766 1771/1771/1771 1772/1772/1772 
f 1769/1769/1769 1747/1747/1747 1773/1773/1773 
f 1768/1768/1768 1769/1769/1769 1774/1774/1774 
f 1773/1773/1773 1774/1774/1774 1769/1769/1769 
f 770/770/770 1773/1773/1773 1747/1747/1747 
f 974/974/974 1768/1768/1768 1774/1774/1774 
f 1774/1774/1774 1773/1773/1773 1775/1775/1775 
f 1775/1775/1775 974/974/974 1774/1774/1774 
f 768/768/768 1775/1775/1775 1773/1773/1773 
f 1773/1773/1773 770/770/770 768/768/768 
f 1775/1775/1775 768/768/768 769/769/769 
f 1776/1776/1776 1770/1770/1770 1768/1768/1768 
f 1768/1768/1768 974/974/974 1776/1776/1776 
f 974/974/974 1775/1775/1775 972/972/972 
f 769/769/769 972/972/972 1775/1775/1775 
f 1770/1770/1770 1776/1776/1776 1777/1777/1777 
f 1777/1777/1777 1771/1771/1771 1770/1770/1770 
f 1776/1776/1776 974/974/974 975/975/975 
f 1771/1771/1771 1777/1777/1777 1778/1778/1778 
f 1771/1771/1771 1778/1778/1778 1779/1779/1779 
f 1780/1780/1780 1777/1777/1777 1776/1776/1776 
f 975/975/975 1780/1780/1780 1776/1776/1776 
f 1778/1778/1778 1777/1777/1777 1781/1781/1781 
f 1780/1780/1780 1781/1781/1781 1777/1777/1777 
f 1778/1778/1778 1781/1781/1781 1782/1782/1782 
f 1778/1778/1778 1782/1782/1782 1783/1783/1783 
f 1784/1784/1784 1781/1781/1781 1780/1780/1780 
f 1785/1785/1785 1782/1782/1782 1781/1781/1781 
f 1781/1781/1781 1784/1784/1784 1785/1785/1785 
f 1782/1782/1782 1785/1785/1785 1786/1786/1786 
f 1782/1782/1782 1786/1786/1786 1787/1787/1787 
f 1780/1780/1780 975/975/975 1788/1788/1788 
f 1788/1788/1788 1784/1784/1784 1780/1780/1780 
f 960/960/960 1788/1788/1788 975/975/975 
f 1789/1789/1789 1785/1785/1785 1784/1784/1784 
f 1790/1790/1790 1786/1786/1786 1785/1785/1785 
f 1785/1785/1785 1789/1789/1789 1790/1790/1790 
f 1786/1786/1786 1790/1790/1790 1791/1791/1791 
f 1786/1786/1786 1791/1791/1791 1792/1792/1792 
f 1784/1784/1784 1788/1788/1788 1793/1793/1793 
f 1793/1793/1793 1789/1789/1789 1784/1784/1784 
f 959/959/959 1793/1793/1793 1788/1788/1788 
f 1788/1788/1788 960/960/960 959/959/959 
f 1789/1789/1789 1793/1793/1793 1794/1794/1794 
f 1795/1795/1795 1790/1790/1790 1789/1789/1789 
f 1794/1794/1794 1795/1795/1795 1789/1789/1789 
f 1796/1796/1796 1794/1794/1794 1793/1793/1793 
f 1793/1793/1793 959/959/959 1796/1796/1796 
f 1794/1794/1794 1796/1796/1796 1797/1797/1797 
f 1797/1797/1797 1795/1795/1795 1794/1794/1794 
f 1790/1790/1790 1795/1795/1795 1798/1798/1798 
f 1798/1798/1798 1791/1791/1791 1790/1790/1790 
f 1791/1791/1791 1798/1798/1798 1799/1799/1799 
f 1791/1791/1791 1799/1799/1799 1800/1800/1800 
f 1798/1798/1798 1801/1801/1801 1799/1799/1799 
f 1799/1799/1799 1801/1801/1801 1802/1802/1802 
f 1798/1798/1798 1795/1795/1795 1803/1803/1803 
f 1801/1801/1801 1798/1798/1798 1803/1803/1803 
f 1795/1795/1795 1804/1804/1804 1803/1803/1803 
f 1795/1795/1795 1797/1797/1797 1804/1804/1804 
f 1803/1803/1803 1805/1805/1805 1801/1801/1801 
f 1801/1801/1801 1805/1805/1805 1806/1806/1806 
f 1804/1804/1804 1807/1807/1807 1803/1803/1803 
f 1805/1805/1805 1803/1803/1803 1807/1807/1807 
f 1804/1804/1804 1797/1797/1797 1808/1808/1808 
f 1807/1807/1807 1804/1804/1804 1808/1808/1808 
f 1807/1807/1807 1809/1809/1809 1805/1805/1805 
f 1805/1805/1805 1809/1809/1809 1810/1810/1810 
f 1808/1808/1808 1811/1811/1811 1807/1807/1807 
f 1809/1809/1809 1807/1807/1807 1811/1811/1811 
f 1808/1808/1808 1797/1797/1797 1812/1812/1812 
f 1811/1811/1811 1813/1813/1813 1809/1809/1809 
f 1809/1809/1809 1813/1813/1813 1814/1814/1814 
f 1811/1811/1811 1808/1808/1808 1815/1815/1815 
f 1808/1808/1808 1812/1812/1812 1815/1815/1815 
f 1813/1813/1813 1811/1811/1811 1416/1416/1416 
f 1815/1815/1815 1416/1416/1416 1811/1811/1811 
f 1813/1813/1813 1421/1421/1421 1816/1816/1816 
f 1416/1416/1416 1421/1421/1421 1813/1813/1813 
f 1797/1797/1797 1817/1817/1817 1812/1812/1812 
f 1797/1797/1797 1796/1796/1796 1817/1817/1817 
f 1812/1812/1812 1817/1817/1817 1818/1818/1818 
f 1812/1812/1812 1819/1819/1819 1815/1815/1815 
f 1812/1812/1812 1818/1818/1818 1819/1819/1819 
f 1416/1416/1416 1815/1815/1815 1411/1411/1411 
f 1815/1815/1815 1819/1819/1819 1411/1411/1411 
f 1796/1796/1796 946/946/946 1817/1817/1817 
f 959/959/959 946/946/946 1796/1796/1796 
f 1817/1817/1817 1820/1820/1820 1818/1818/1818 
f 1817/1817/1817 946/946/946 1820/1820/1820 
f 1818/1818/1818 1821/1821/1821 1819/1819/1819 
f 1819/1819/1819 1406/1406/1406 1411/1411/1411 
f 1819/1819/1819 1821/1821/1821 1406/1406/1406 
f 1818/1818/1818 1820/1820/1820 1822/1822/1822 
f 1818/1818/1818 1823/1823/1823 1821/1821/1821 
f 1823/1823/1823 1818/1818/1818 1822/1822/1822 
f 1821/1821/1821 1400/1400/1400 1406/1406/1406 
f 1399/1399/1399 1821/1821/1821 1823/1823/1823 
f 1821/1821/1821 1399/1399/1399 1400/1400/1400 
f 1822/1822/1822 1824/1824/1824 1823/1823/1823 
f 1820/1820/1820 1825/1825/1825 1822/1822/1822 
f 1824/1824/1824 1822/1822/1822 1825/1825/1825 
f 1825/1825/1825 1820/1820/1820 944/944/944 
f 946/946/946 944/944/944 1820/1820/1820 
f 1823/1823/1823 1386/1386/1386 1399/1399/1399 
f 1386/1386/1386 1823/1823/1823 1824/1824/1824 
f 1388/1388/1388 1399/1399/1399 1386/1386/1386 
f 940/940/940 1825/1825/1825 944/944/944 
f 1825/1825/1825 1389/1389/1389 1824/1824/1824 
f 1389/1389/1389 1825/1825/1825 940/940/940 
f 1824/1824/1824 1387/1387/1387 1386/1386/1386 
f 1387/1387/1387 1824/1824/1824 1389/1389/1389 
f 1826/1826/1826 1827/1827/1827 1828/1828/1828 
f 1828/1828/1828 1829/1829/1829 1826/1826/1826 
f 1830/1830/1830 1826/1826/1826 1829/1829/1829 
f 1829/1829/1829 1831/1831/1831 1830/1830/1830 
f 1832/1832/1832 1830/1830/1830 1831/1831/1831 
f 1830/1830/1830 1832/1832/1832 1833/1833/1833 
f 1834/1834/1834 1835/1835/1835 1836/1836/1836 
f 1835/1835/1835 1834/1834/1834 1837/1837/1837 
f 1835/1835/1835 1838/1838/1838 1836/1836/1836 
f 1839/1839/1839 1836/1836/1836 1838/1838/1838 
f 1840/1840/1840 1839/1839/1839 1838/1838/1838 
f 1838/1838/1838 1841/1841/1841 1840/1840/1840 
f 1842/1842/1842 1843/1843/1843 1844/1844/1844 
f 1844/1844/1844 1843/1843/1843 1845/1845/1845 
f 1846/1846/1846 1847/1847/1847 1848/1848/1848 
f 1847/1847/1847 1849/1849/1849 1848/1848/1848 
f 1848/1848/1848 1850/1850/1850 1846/1846/1846 
f 1847/1847/1847 1846/1846/1846 1851/1851/1851 
f 1852/1852/1852 1850/1850/1850 1848/1848/1848 
f 1848/1848/1848 1853/1853/1853 1852/1852/1852 
f 1853/1853/1853 1848/1848/1848 1849/1849/1849 
f 1854/1854/1854 1850/1850/1850 1852/1852/1852 
f 1855/1855/1855 1852/1852/1852 1853/1853/1853 
f 1852/1852/1852 1855/1855/1855 1854/1854/1854 
f 1849/1849/1849 1856/1856/1856 1853/1853/1853 
f 1850/1850/1850 1857/1857/1857 1846/1846/1846 
f 1850/1850/1850 1854/1854/1854 1858/1858/1858 
f 1858/1858/1858 1857/1857/1857 1850/1850/1850 
f 1853/1853/1853 1859/1859/1859 1855/1855/1855 
f 1859/1859/1859 1853/1853/1853 1856/1856/1856 
f 1860/1860/1860 1854/1854/1854 1855/1855/1855 
f 1861/1861/1861 1855/1855/1855 1859/1859/1859 
f 1855/1855/1855 1861/1861/1861 1860/1860/1860 
f 1859/1859/1859 1234/1234/1234 1861/1861/1861 
f 1230/1230/1230 1861/1861/1861 1234/1234/1234 
f 1234/1234/1234 1859/1859/1859 1862/1862/1862 
f 1856/1856/1856 1862/1862/1862 1859/1859/1859 
f 1235/1235/1235 1234/1234/1234 1862/1862/1862 
f 1862/1862/1862 1856/1856/1856 1863/1863/1863 
f 1235/1235/1235 1862/1862/1862 700/700/700 
f 1862/1862/1862 1863/1863/1863 700/700/700 
f 1235/1235/1235 700/700/700 701/701/701 
f 1861/1861/1861 1230/1230/1230 1864/1864/1864 
f 1864/1864/1864 1860/1860/1860 1861/1861/1861 
f 1211/1211/1211 1864/1864/1864 1230/1230/1230 
f 699/699/699 700/700/700 1863/1863/1863 
f 1856/1856/1856 699/699/699 1863/1863/1863 
f 1864/1864/1864 1211/1211/1211 1865/1865/1865 
f 1204/1204/1204 1865/1865/1865 1211/1211/1211 
f 1865/1865/1865 1204/1204/1204 1208/1208/1208 
f 1865/1865/1865 1866/1866/1866 1864/1864/1864 
f 1860/1860/1860 1864/1864/1864 1866/1866/1866 
f 1208/1208/1208 1867/1867/1867 1865/1865/1865 
f 1208/1208/1208 1377/1377/1377 1867/1867/1867 
f 1377/1377/1377 1382/1382/1382 1867/1867/1867 
f 1865/1865/1865 1867/1867/1867 1868/1868/1868 
f 1866/1866/1866 1865/1865/1865 1868/1868/1868 
f 1867/1867/1867 1382/1382/1382 1869/1869/1869 
f 1869/1869/1869 1868/1868/1868 1867/1867/1867 
f 1382/1382/1382 1870/1870/1870 1869/1869/1869 
f 1382/1382/1382 1732/1732/1732 1870/1870/1870 
f 1868/1868/1868 1869/1869/1869 1871/1871/1871 
f 1868/1868/1868 1872/1872/1872 1866/1866/1866 
f 1872/1872/1872 1868/1868/1868 1871/1871/1871 
f 1866/1866/1866 1873/1873/1873 1860/1860/1860 
f 1873/1873/1873 1866/1866/1866 1872/1872/1872 
f 1854/1854/1854 1860/1860/1860 1873/1873/1873 
f 1873/1873/1873 1858/1858/1858 1854/1854/1854 
f 1874/1874/1874 1871/1871/1871 1869/1869/1869 
f 1869/1869/1869 1870/1870/1870 1874/1874/1874 
f 1872/1872/1872 1875/1875/1875 1873/1873/1873 
f 1858/1858/1858 1873/1873/1873 1875/1875/1875 
f 1871/1871/1871 1876/1876/1876 1872/1872/1872 
f 1875/1875/1875 1872/1872/1872 1876/1876/1876 
f 1877/1877/1877 1878/1878/1878 1879/1879/1879 
f 1878/1878/1878 1877/1877/1877 1880/1880/1880 
f 1877/1877/1877 1881/1881/1881 1880/1880/1880 
f 1881/1881/1881 1877/1877/1877 1882/1882/1882 
f 1882/1882/1882 1883/1883/1883 1881/1881/1881 
f 1883/1883/1883 1882/1882/1882 1884/1884/1884 
f 1885/1885/1885 1886/1886/1886 1887/1887/1887 
f 1886/1886/1886 1885/1885/1885 1888/1888/1888 
f 1889/1889/1889 1887/1887/1887 1886/1886/1886 
f 1887/1887/1887 1889/1889/1889 1890/1890/1890 
f 1889/1889/1889 1891/1891/1891 1890/1890/1890 
f 1891/1891/1891 1889/1889/1889 1892/1892/1892 
f 1893/1893/1893 1894/1894/1894 1895/1895/1895 
f 1895/1895/1895 1896/1896/1896 1893/1893/1893 
f 1896/1896/1896 1897/1897/1897 1893/1893/1893 
f 1897/1897/1897 1896/1896/1896 1898/1898/1898 
f 1899/1899/1899 1897/1897/1897 1898/1898/1898 
f 1897/1897/1897 1899/1899/1899 1900/1900/1900 
f 1901/1901/1901 1902/1902/1902 1903/1903/1903 
f 1902/1902/1902 1901/1901/1901 1904/1904/1904 
f 1904/1904/1904 1905/1905/1905 1902/1902/1902 
f 1906/1906/1906 1902/1902/1902 1905/1905/1905 
f 1907/1907/1907 1906/1906/1906 1905/1905/1905 
f 1908/1908/1908 1906/1906/1906 1907/1907/1907 
f 1909/1909/1909 1910/1910/1910 1911/1911/1911 
f 1911/1911/1911 1912/1912/1912 1909/1909/1909 
f 1913/1913/1913 1910/1910/1910 1909/1909/1909 
f 1910/1910/1910 1913/1913/1913 1914/1914/1914 
f 1915/1915/1915 1916/1916/1916 1917/1917/1917 
f 1916/1916/1916 1915/1915/1915 1918/1918/1918 
f 1915/1915/1915 1919/1919/1919 1918/1918/1918 
f 1919/1919/1919 1915/1915/1915 1920/1920/1920 
f 1921/1921/1921 1922/1922/1922 1923/1923/1923 
f 1922/1922/1922 1921/1921/1921 1924/1924/1924 
f 1923/1923/1923 1925/1925/1925 1921/1921/1921 
f 1925/1925/1925 1923/1923/1923 1926/1926/1926 
f 1927/1927/1927 1928/1928/1928 1929/1929/1929 
f 1928/1928/1928 1927/1927/1927 1930/1930/1930 
f 1929/1929/1929 1931/1931/1931 1927/1927/1927 
f 1931/1931/1931 1929/1929/1929 1932/1932/1932 
f 1928/1928/1928 1933/1933/1933 1929/1929/1929 
f 1934/1934/1934 1929/1929/1929 1933/1933/1933 
f 1934/1934/1934 1933/1933/1933 1935/1935/1935 
f 1935/1935/1935 1936/1936/1936 1934/1934/1934 
f 1937/1937/1937 1934/1934/1934 1936/1936/1936 
f 1936/1936/1936 1938/1938/1938 1937/1937/1937 
f 1939/1939/1939 1940/1940/1940 1941/1941/1941 
f 1940/1940/1940 1939/1939/1939 1942/1942/1942 
f 1943/1943/1943 1941/1941/1941 1940/1940/1940 
f 1941/1941/1941 1943/1943/1943 1944/1944/1944 
f 1941/1941/1941 1945/1945/1945 1939/1939/1939 
f 1945/1945/1945 1941/1941/1941 1946/1946/1946 
f 1946/1946/1946 1947/1947/1947 1945/1945/1945 
f 1947/1947/1947 1946/1946/1946 1948/1948/1948 
f 1948/1948/1948 1946/1946/1946 1949/1949/1949 
f 1950/1950/1950 1948/1948/1948 1949/1949/1949 
f 1951/1951/1951 1952/1952/1952 1953/1953/1953 
f 1953/1953/1953 1952/1952/1952 1954/1954/1954 
f 1955/1955/1955 1953/1953/1953 1954/1954/1954 
f 1953/1953/1953 1955/1955/1955 1956/1956/1956 
f 1957/1957/1957 1958/1958/1958 1959/1959/1959 
f 1958/1958/1958 1957/1957/1957 1960/1960/1960 
f 1961/1961/1961 1960/1960/1960 1957/1957/1957 
f 1957/1957/1957 1962/1962/1962 1961/1961/1961 
f 1962/1962/1962 1963/1963/1963 1961/1961/1961 
f 1963/1963/1963 1962/1962/1962 1964/1964/1964 
f 1965/1965/1965 1966/1966/1966 1967/1967/1967 
f 1968/1968/1968 1967/1967/1967 1966/1966/1966 
f 1966/1966/1966 1969/1969/1969 1968/1968/1968 
f 1970/1970/1970 1966/1966/1966 1965/1965/1965 
f 1971/1971/1971 1970/1970/1970 1965/1965/1965 
f 1970/1970/1970 1971/1971/1971 1972/1972/1972 
f 1973/1973/1973 1974/1974/1974 1975/1975/1975 
f 1974/1974/1974 1973/1973/1973 1976/1976/1976 
f 1977/1977/1977 1973/1973/1973 1975/1975/1975 
f 1975/1975/1975 1978/1978/1978 1977/1977/1977 
f 1978/1978/1978 1979/1979/1979 1977/1977/1977 
f 1980/1980/1980 1977/1977/1977 1979/1979/1979 
f 1981/1981/1981 1982/1982/1982 1983/1983/1983 
f 1982/1982/1982 1981/1981/1981 1984/1984/1984 
f 1985/1985/1985 1983/1983/1983 1982/1982/1982 
f 1983/1983/1983 1985/1985/1985 1986/1986/1986 
f 1987/1987/1987 1986/1986/1986 1985/1985/1985 
f 1987/1987/1987 1985/1985/1985 1988/1988/1988 
f 1989/1989/1989 1990/1990/1990 1991/1991/1991 
f 1991/1991/1991 1992/1992/1992 1993/1993/1993 
f 1992/1992/1992 1991/1991/1991 1994/1994/1994 
f 1994/1994/1994 1995/1995/1995 1992/1992/1992 
f 1996/1996/1996 1995/1995/1995 1994/1994/1994 
f 1996/1996/1996 1997/1997/1997 1995/1995/1995 
f 1994/1994/1994 1991/1991/1991 1998/1998/1998 
f 1998/1998/1998 1996/1996/1996 1994/1994/1994 
f 1991/1991/1991 1990/1990/1990 1999/1999/1999 
f 1991/1991/1991 1999/1999/1999 1998/1998/1998 
f 2000/2000/2000 1997/1997/1997 1996/1996/1996 
f 1990/1990/1990 2001/2001/2001 1999/1999/1999 
f 2002/2002/2002 2001/2001/2001 1990/1990/1990 
f 2001/2001/2001 2002/2002/2002 2003/2003/2003 
f 1996/1996/1996 1998/1998/1998 2004/2004/2004 
f 1996/1996/1996 2004/2004/2004 2000/2000/2000 
f 2000/2000/2000 2005/2005/2005 1997/1997/1997 
f 2000/2000/2000 2004/2004/2004 2005/2005/2005 
f 2006/2006/2006 1997/1997/1997 2005/2005/2005 
f 2007/2007/2007 2006/2006/2006 2005/2005/2005 
f 2004/2004/2004 2007/2007/2007 2005/2005/2005 
f 2007/2007/2007 2008/2008/2008 2006/2006/2006 
f 2008/2008/2008 2007/2007/2007 2009/2009/2009 
f 2010/2010/2010 2007/2007/2007 2004/2004/2004 
f 1998/1998/1998 2010/2010/2010 2004/2004/2004 
f 2007/2007/2007 2010/2010/2010 2011/2011/2011 
f 1998/1998/1998 1999/1999/1999 2010/2010/2010 
f 2010/2010/2010 2012/2012/2012 2011/2011/2011 
f 2013/2013/2013 2009/2009/2009 2012/2012/2012 
f 2014/2014/2014 2010/2010/2010 1999/1999/1999 
f 2014/2014/2014 1999/1999/1999 2001/2001/2001 
f 2010/2010/2010 2015/2015/2015 2012/2012/2012 
f 2010/2010/2010 2014/2014/2014 2015/2015/2015 
f 2012/2012/2012 2016/2016/2016 2017/2017/2017 
f 2016/2016/2016 2012/2012/2012 2018/2018/2018 
f 2015/2015/2015 2018/2018/2018 2012/2012/2012 
f 2019/2019/2019 2016/2016/2016 2018/2018/2018 
f 2015/2015/2015 2020/2020/2020 2018/2018/2018 
f 2018/2018/2018 2020/2020/2020 2019/2019/2019 
f 2021/2021/2021 2020/2020/2020 2015/2015/2015 
f 2021/2021/2021 2019/2019/2019 2020/2020/2020 
f 2014/2014/2014 2021/2021/2021 2015/2015/2015 
f 2019/2019/2019 2021/2021/2021 2022/2022/2022 
f 2021/2021/2021 2014/2014/2014 2023/2023/2023 
f 2023/2023/2023 2022/2022/2022 2021/2021/2021 
f 2001/2001/2001 2023/2023/2023 2014/2014/2014 
f 2022/2022/2022 2023/2023/2023 2003/2003/2003 
f 2001/2001/2001 2003/2003/2003 2023/2023/2023 
f 2024/2024/2024 2025/2025/2025 2026/2026/2026 
f 2026/2026/2026 2027/2027/2027 2028/2028/2028 
f 2029/2029/2029 2027/2027/2027 2026/2026/2026 
f 2026/2026/2026 2028/2028/2028 2030/2030/2030 
f 2026/2026/2026 2025/2025/2025 2029/2029/2029 
f 2031/2031/2031 2029/2029/2029 2025/2025/2025 
f 2032/2032/2032 2031/2031/2031 2025/2025/2025 
f 2030/2030/2030 2033/2033/2033 2026/2026/2026 
f 2024/2024/2024 2026/2026/2026 2033/2033/2033 
f 2033/2033/2033 2030/2030/2030 2034/2034/2034 
f 2034/2034/2034 2035/2035/2035 2033/2033/2033 
f 2035/2035/2035 2024/2024/2024 2033/2033/2033 
f 2035/2035/2035 2036/2036/2036 2024/2024/2024 
f 2037/2037/2037 2024/2024/2024 2036/2036/2036 
f 2024/2024/2024 2037/2037/2037 2038/2038/2038 
f 2038/2038/2038 2025/2025/2025 2024/2024/2024 
f 2037/2037/2037 2039/2039/2039 2038/2038/2038 
f 2038/2038/2038 2039/2039/2039 2040/2040/2040 
f 2038/2038/2038 2041/2041/2041 2025/2025/2025 
f 2038/2038/2038 2040/2040/2040 2041/2041/2041 
f 2032/2032/2032 2025/2025/2025 2041/2041/2041 
f 2041/2041/2041 2040/2040/2040 2042/2042/2042 
f 2043/2043/2043 2032/2032/2032 2041/2041/2041 
f 2043/2043/2043 2041/2041/2041 2042/2042/2042 
f 2044/2044/2044 2045/2045/2045 2046/2046/2046 
f 2047/2047/2047 2045/2045/2045 2048/2048/2048 
f 2045/2045/2045 2049/2049/2049 2048/2048/2048 
f 2047/2047/2047 2050/2050/2050 2045/2045/2045 
f 2050/2050/2050 2046/2046/2046 2045/2045/2045 
f 2050/2050/2050 2051/2051/2051 2046/2046/2046 
f 2051/2051/2051 2052/2052/2052 2046/2046/2046 
f 2053/2053/2053 2049/2049/2049 2045/2045/2045 
f 2045/2045/2045 2044/2044/2044 2053/2053/2053 
f 2053/2053/2053 2054/2054/2054 2049/2049/2049 
f 2055/2055/2055 2054/2054/2054 2053/2053/2053 
f 2044/2044/2044 2055/2055/2055 2053/2053/2053 
f 2055/2055/2055 2044/2044/2044 2056/2056/2056 
f 2057/2057/2057 2056/2056/2056 2044/2044/2044 
f 2057/2057/2057 2044/2044/2044 2058/2058/2058 
f 2046/2046/2046 2058/2058/2058 2044/2044/2044 
f 2058/2058/2058 2059/2059/2059 2057/2057/2057 
f 2058/2058/2058 2060/2060/2060 2059/2059/2059 
f 2058/2058/2058 2046/2046/2046 2061/2061/2061 
f 2060/2060/2060 2058/2058/2058 2061/2061/2061 
f 2046/2046/2046 2052/2052/2052 2061/2061/2061 
f 2061/2061/2061 2062/2062/2062 2060/2060/2060 
f 2063/2063/2063 2061/2061/2061 2052/2052/2052 
f 2061/2061/2061 2063/2063/2063 2062/2062/2062 
f 1875/1875/1875 2064/2064/2064 1858/1858/1858 
f 1857/1857/1857 1858/1858/1858 2064/2064/2064 
f 1876/1876/1876 2065/2065/2065 1875/1875/1875 
f 2064/2064/2064 1875/1875/1875 2065/2065/2065 
f 1876/1876/1876 1871/1871/1871 2066/2066/2066 
f 1871/1871/1871 1874/1874/1874 2066/2066/2066 
f 2067/2067/2067 1857/1857/1857 2064/2064/2064 
f 2065/2065/2065 2067/2067/2067 2064/2064/2064 
f 2066/2066/2066 2068/2068/2068 1876/1876/1876 
f 2065/2065/2065 1876/1876/1876 2068/2068/2068 
f 2069/2069/2069 2066/2066/2066 1874/1874/1874 
f 2068/2068/2068 2070/2070/2070 2065/2065/2065 
f 2067/2067/2067 2065/2065/2065 2070/2070/2070 
f 2068/2068/2068 2066/2066/2066 2071/2071/2071 
f 2066/2066/2066 2069/2069/2069 2071/2071/2071 
f 2070/2070/2070 2068/2068/2068 2072/2072/2072 
f 2071/2071/2071 2072/2072/2072 2068/2068/2068 
f 1874/1874/1874 2073/2073/2073 2069/2069/2069 
f 1870/1870/1870 2073/2073/2073 1874/1874/1874 
f 2074/2074/2074 2071/2071/2071 2069/2069/2069 
f 1870/1870/1870 2075/2075/2075 2073/2073/2073 
f 1732/1732/1732 2075/2075/2075 1870/1870/1870 
f 1732/1732/1732 1733/1733/1733 2075/2075/2075 
f 1733/1733/1733 2076/2076/2076 2075/2075/2075 
f 2075/2075/2075 2076/2076/2076 2073/2073/2073 
f 2076/2076/2076 1733/1733/1733 1740/1740/1740 
f 2073/2073/2073 2077/2077/2077 2069/2069/2069 
f 2073/2073/2073 2076/2076/2076 2077/2077/2077 
f 2069/2069/2069 2077/2077/2077 2074/2074/2074 
f 2076/2076/2076 2078/2078/2078 2077/2077/2077 
f 2074/2074/2074 2077/2077/2077 2078/2078/2078 
f 1740/1740/1740 2079/2079/2079 2076/2076/2076 
f 2078/2078/2078 2076/2076/2076 2079/2079/2079 
f 2079/2079/2079 1740/1740/1740 2080/2080/2080 
f 1741/1741/1741 2080/2080/2080 1740/1740/1740 
f 2080/2080/2080 1741/1741/1741 1758/1758/1758 
f 1758/1758/1758 2081/2081/2081 2080/2080/2080 
f 2081/2081/2081 1758/1758/1758 1756/1756/1756 
f 2081/2081/2081 1756/1756/1756 2082/2082/2082 
f 2083/2083/2083 2080/2080/2080 2081/2081/2081 
f 2080/2080/2080 2083/2083/2083 2079/2079/2079 
f 2083/2083/2083 2081/2081/2081 2084/2084/2084 
f 2085/2085/2085 2079/2079/2079 2083/2083/2083 
f 2079/2079/2079 2085/2085/2085 2078/2078/2078 
f 2085/2085/2085 2083/2083/2083 2086/2086/2086 
f 2078/2078/2078 2085/2085/2085 2087/2087/2087 
f 2087/2087/2087 2074/2074/2074 2078/2078/2078 
f 2088/2088/2088 2087/2087/2087 2085/2085/2085 
f 2088/2088/2088 2085/2085/2085 2089/2089/2089 
f 2090/2090/2090 2074/2074/2074 2087/2087/2087 
f 2071/2071/2071 2074/2074/2074 2090/2090/2090 
f 2072/2072/2072 2071/2071/2071 2090/2090/2090 
f 2091/2091/2091 2090/2090/2090 2087/2087/2087 
f 2091/2091/2091 2072/2072/2072 2090/2090/2090 
f 2091/2091/2091 2087/2087/2087 2088/2088/2088 
f 2072/2072/2072 2091/2091/2091 2092/2092/2092 
f 2093/2093/2093 2091/2091/2091 2088/2088/2088 
f 2093/2093/2093 2088/2088/2088 2094/2094/2094 
f 2093/2093/2093 2092/2092/2092 2091/2091/2091 
f 2092/2092/2092 2070/2070/2070 2072/2072/2072 
f 2095/2095/2095 2092/2092/2092 2093/2093/2093 
f 2095/2095/2095 2093/2093/2093 2096/2096/2096 
f 2070/2070/2070 2092/2092/2092 2097/2097/2097 
f 2095/2095/2095 2097/2097/2097 2092/2092/2092 
f 2097/2097/2097 2067/2067/2067 2070/2070/2070 
f 2098/2098/2098 2097/2097/2097 2095/2095/2095 
f 2098/2098/2098 2095/2095/2095 2099/2099/2099 
f 2067/2067/2067 2097/2097/2097 2100/2100/2100 
f 2098/2098/2098 2100/2100/2100 2097/2097/2097 
f 2100/2100/2100 2101/2101/2101 2067/2067/2067 
f 1857/1857/1857 2067/2067/2067 2101/2101/2101 
f 2100/2100/2100 2098/2098/2098 2102/2102/2102 
f 2102/2102/2102 2098/2098/2098 2103/2103/2103 
f 2101/2101/2101 2100/2100/2100 2104/2104/2104 
f 2102/2102/2102 2104/2104/2104 2100/2100/2100 
f 1857/1857/1857 2101/2101/2101 2105/2105/2105 
f 1846/1846/1846 1857/1857/1857 2105/2105/2105 
f 1846/1846/1846 2105/2105/2105 1851/1851/1851 
f 2105/2105/2105 2101/2101/2101 2106/2106/2106 
f 2104/2104/2104 2106/2106/2106 2101/2101/2101 
f 1851/1851/1851 2105/2105/2105 2107/2107/2107 
f 2105/2105/2105 2106/2106/2106 2107/2107/2107 
f 2104/2104/2104 2102/2102/2102 2108/2108/2108 
f 2108/2108/2108 2102/2102/2102 2109/2109/2109 
f 2106/2106/2106 2104/2104/2104 2110/2110/2110 
f 2108/2108/2108 2110/2110/2110 2104/2104/2104 
f 2107/2107/2107 2106/2106/2106 2111/2111/2111 
f 2106/2106/2106 2110/2110/2110 2111/2111/2111 
f 2110/2110/2110 2108/2108/2108 2112/2112/2112 
f 2112/2112/2112 2108/2108/2108 2113/2113/2113 
f 2111/2111/2111 2110/2110/2110 2114/2114/2114 
f 2110/2110/2110 2112/2112/2112 2114/2114/2114 
f 2111/2111/2111 2115/2115/2115 2107/2107/2107 
f 2114/2114/2114 2112/2112/2112 2116/2116/2116 
f 2116/2116/2116 2112/2112/2112 2117/2117/2117 
f 2118/2118/2118 2111/2111/2111 2114/2114/2114 
f 2115/2115/2115 2111/2111/2111 2118/2118/2118 
f 2114/2114/2114 2116/2116/2116 2119/2119/2119 
f 2118/2118/2118 2114/2114/2114 2119/2119/2119 
f 2118/2118/2118 2120/2120/2120 2115/2115/2115 
f 2120/2120/2120 2118/2118/2118 2121/2121/2121 
f 2119/2119/2119 2121/2121/2121 2118/2118/2118 
f 2122/2122/2122 2115/2115/2115 2120/2120/2120 
f 2121/2121/2121 2119/2119/2119 2123/2123/2123 
f 2115/2115/2115 2122/2122/2122 2124/2124/2124 
f 2124/2124/2124 2107/2107/2107 2115/2115/2115 
f 2125/2125/2125 2124/2124/2124 2122/2122/2122 
f 2107/2107/2107 2124/2124/2124 1851/1851/1851 
f 2126/2126/2126 2123/2123/2123 2119/2119/2119 
f 2119/2119/2119 2116/2116/2116 2126/2126/2126 
f 2126/2126/2126 2116/2116/2116 2127/2127/2127 
f 2123/2123/2123 2126/2126/2126 2128/2128/2128 
f 2128/2128/2128 2126/2126/2126 2129/2129/2129 
f 2130/2130/2130 1851/1851/1851 2124/2124/2124 
f 2124/2124/2124 2125/2125/2125 2130/2130/2130 
f 1847/1847/1847 1851/1851/1851 2130/2130/2130 
f 2125/2125/2125 2131/2131/2131 2130/2130/2130 
f 2131/2131/2131 2125/2125/2125 2132/2132/2132 
f 2130/2130/2130 2133/2133/2133 1847/1847/1847 
f 2133/2133/2133 2130/2130/2130 2131/2131/2131 
f 1849/1849/1849 1847/1847/1847 2133/2133/2133 
f 2134/2134/2134 2131/2131/2131 2132/2132/2132 
f 2133/2133/2133 2135/2135/2135 1849/1849/1849 
f 1856/1856/1856 1849/1849/1849 2135/2135/2135 
f 699/699/699 1856/1856/1856 2135/2135/2135 
f 2135/2135/2135 2133/2133/2133 2136/2136/2136 
f 2131/2131/2131 2136/2136/2136 2133/2133/2133 
f 2131/2131/2131 2134/2134/2134 2137/2137/2137 
f 2136/2136/2136 2131/2131/2131 2137/2137/2137 
f 2138/2138/2138 2137/2137/2137 2134/2134/2134 
f 2137/2137/2137 2138/2138/2138 703/703/703 
f 703/703/703 2136/2136/2136 2137/2137/2137 
f 707/707/707 703/703/703 2138/2138/2138 
f 697/697/697 2135/2135/2135 2136/2136/2136 
f 2135/2135/2135 697/697/697 699/699/699 
f 2136/2136/2136 703/703/703 697/697/697 
f 2139/2139/2139 2140/2140/2140 2141/2141/2141 
f 2140/2140/2140 2139/2139/2139 2142/2142/2142 
f 2143/2143/2143 2139/2139/2139 2141/2141/2141 
f 2139/2139/2139 2143/2143/2143 2144/2144/2144 
f 2143/2143/2143 2145/2145/2145 2144/2144/2144 
f 2145/2145/2145 2143/2143/2143 2146/2146/2146 
f 2147/2147/2147 2148/2148/2148 2149/2149/2149 
f 2148/2148/2148 2147/2147/2147 2150/2150/2150 
f 2148/2148/2148 2151/2151/2151 2149/2149/2149 
f 2151/2151/2151 2148/2148/2148 2152/2152/2152 
f 2153/2153/2153 2151/2151/2151 2152/2152/2152 
f 2151/2151/2151 2153/2153/2153 2154/2154/2154 
f 2155/2155/2155 2156/2156/2156 2157/2157/2157 
f 2156/2156/2156 2155/2155/2155 2158/2158/2158 
f 2159/2159/2159 2155/2155/2155 2157/2157/2157 
f 2155/2155/2155 2159/2159/2159 2160/2160/2160 
f 2159/2159/2159 2161/2161/2161 2160/2160/2160 
f 2161/2161/2161 2159/2159/2159 2162/2162/2162 
f 2163/2163/2163 2164/2164/2164 2165/2165/2165 
f 2164/2164/2164 2163/2163/2163 2166/2166/2166 
f 2165/2165/2165 2164/2164/2164 2167/2167/2167 
f 2164/2164/2164 2168/2168/2168 2167/2167/2167 
f 2169/2169/2169 2167/2167/2167 2168/2168/2168 
f 2167/2167/2167 2169/2169/2169 2170/2170/2170 
f 2171/2171/2171 2172/2172/2172 2173/2173/2173 
f 2174/2174/2174 2175/2175/2175 2172/2172/2172 
f 2176/2176/2176 2177/2177/2177 2178/2178/2178 
f 2177/2177/2177 2176/2176/2176 2179/2179/2179 
f 2178/2178/2178 2180/2180/2180 2176/2176/2176 
f 2180/2180/2180 2178/2178/2178 2181/2181/2181 
f 2182/2182/2182 2180/2180/2180 2181/2181/2181 
f 2180/2180/2180 2182/2182/2182 2183/2183/2183 
f 2184/2184/2184 2185/2185/2185 2186/2186/2186 
f 2185/2185/2185 2187/2187/2187 2186/2186/2186 
f 2186/2186/2186 2187/2187/2187 2188/2188/2188 
f 2189/2189/2189 2185/2185/2185 2184/2184/2184 
f 2184/2184/2184 2190/2190/2190 2189/2189/2189 
f 2190/2190/2190 2184/2184/2184 2191/2191/2191 
f 2192/2192/2192 2193/2193/2193 2194/2194/2194 
f 2193/2193/2193 2192/2192/2192 2195/2195/2195 
f 2196/2196/2196 2192/2192/2192 2194/2194/2194 
f 2192/2192/2192 2196/2196/2196 2197/2197/2197 
f 2197/2197/2197 2196/2196/2196 2198/2198/2198 
f 2199/2199/2199 2198/2198/2198 2196/2196/2196 
f 2200/2200/2200 2201/2201/2201 2202/2202/2202 
f 2200/2200/2200 2202/2202/2202 2203/2203/2203 
f 2200/2200/2200 2204/2204/2204 2201/2201/2201 
f 2204/2204/2204 2200/2200/2200 2205/2205/2205 
f 2204/2204/2204 2205/2205/2205 2206/2206/2206 
f 2204/2204/2204 2206/2206/2206 2207/2207/2207 
f 2208/2208/2208 2209/2209/2209 2210/2210/2210 
f 2210/2210/2210 2211/2211/2211 2208/2208/2208 
f 2211/2211/2211 2210/2210/2210 2212/2212/2212 
f 2209/2209/2209 2208/2208/2208 2213/2213/2213 
f 2209/2209/2209 2213/2213/2213 2214/2214/2214 
f 2215/2215/2215 2209/2209/2209 2214/2214/2214 
f 2216/2216/2216 2217/2217/2217 2218/2218/2218 
f 2217/2217/2217 2216/2216/2216 2219/2219/2219 
f 2220/2220/2220 2216/2216/2216 2218/2218/2218 
f 2216/2216/2216 2220/2220/2220 2221/2221/2221 
f 2220/2220/2220 2222/2222/2222 2221/2221/2221 
f 2222/2222/2222 2220/2220/2220 2223/2223/2223 
f 2224/2224/2224 2225/2225/2225 2226/2226/2226 
f 2225/2225/2225 2224/2224/2224 2227/2227/2227 
f 2226/2226/2226 2225/2225/2225 2228/2228/2228 
f 2225/2225/2225 2229/2229/2229 2228/2228/2228 
f 2230/2230/2230 2228/2228/2228 2229/2229/2229 
f 2228/2228/2228 2230/2230/2230 2231/2231/2231 
f 2232/2232/2232 2233/2233/2233 2234/2234/2234 
f 2233/2233/2233 2232/2232/2232 2235/2235/2235 
f 2236/2236/2236 2234/2234/2234 2233/2233/2233 
f 2234/2234/2234 2236/2236/2236 2237/2237/2237 
f 2238/2238/2238 2237/2237/2237 2236/2236/2236 
f 2238/2238/2238 2236/2236/2236 2239/2239/2239 
f 2240/2240/2240 2241/2241/2241 2242/2242/2242 
f 2243/2243/2243 2242/2242/2242 2241/2241/2241 
f 2244/2244/2244 2242/2242/2242 2243/2243/2243 
f 2242/2242/2242 2244/2244/2244 2245/2245/2245 
f 2244/2244/2244 2246/2246/2246 2245/2245/2245 
f 2246/2246/2246 2244/2244/2244 2247/2247/2247 
f 2248/2248/2248 2249/2249/2249 2250/2250/2250 
f 2249/2249/2249 2248/2248/2248 2251/2251/2251 
f 2249/2249/2249 2252/2252/2252 2250/2250/2250 
f 2252/2252/2252 2249/2249/2249 2253/2253/2253 
f 2254/2254/2254 2252/2252/2252 2253/2253/2253 
f 2252/2252/2252 2254/2254/2254 2255/2255/2255 
f 2256/2256/2256 2257/2257/2257 2258/2258/2258 
f 2257/2257/2257 2256/2256/2256 2259/2259/2259 
f 2260/2260/2260 2256/2256/2256 2258/2258/2258 
f 2256/2256/2256 2260/2260/2260 2261/2261/2261 
f 2260/2260/2260 2262/2262/2262 2261/2261/2261 
f 2262/2262/2262 2260/2260/2260 2263/2263/2263 
f 2264/2264/2264 2265/2265/2265 2266/2266/2266 
f 2265/2265/2265 2264/2264/2264 2267/2267/2267 
f 2264/2264/2264 2268/2268/2268 2267/2267/2267 
f 2268/2268/2268 2264/2264/2264 2269/2269/2269 
f 2268/2268/2268 2269/2269/2269 2270/2270/2270 
f 2268/2268/2268 2270/2270/2270 2271/2271/2271 
f 2272/2272/2272 2273/2273/2273 2274/2274/2274 
f 2273/2273/2273 2272/2272/2272 2275/2275/2275 
f 2276/2276/2276 2272/2272/2272 2274/2274/2274 
f 2272/2272/2272 2276/2276/2276 2277/2277/2277 
f 2277/2277/2277 2276/2276/2276 2278/2278/2278 
f 2279/2279/2279 2278/2278/2278 2276/2276/2276 
f 2280/2280/2280 2281/2281/2281 2282/2282/2282 
f 2281/2281/2281 2280/2280/2280 2283/2283/2283 
f 2280/2280/2280 2284/2284/2284 2283/2283/2283 
f 2284/2284/2284 2280/2280/2280 2285/2285/2285 
f 2286/2286/2286 2284/2284/2284 2285/2285/2285 
f 2284/2284/2284 2286/2286/2286 2287/2287/2287 
f 2288/2288/2288 2289/2289/2289 2290/2290/2290 
f 2289/2289/2289 2288/2288/2288 2291/2291/2291 
f 2292/2292/2292 2288/2288/2288 2290/2290/2290 
f 2288/2288/2288 2292/2292/2292 2293/2293/2293 
f 2292/2292/2292 2294/2294/2294 2293/2293/2293 
f 2294/2294/2294 2292/2292/2292 2295/2295/2295 
f 2296/2296/2296 2297/2297/2297 2298/2298/2298 
f 2297/2297/2297 2296/2296/2296 2299/2299/2299 
f 2297/2297/2297 2300/2300/2300 2298/2298/2298 
f 2300/2300/2300 2297/2297/2297 2301/2301/2301 
f 2302/2302/2302 2300/2300/2300 2301/2301/2301 
f 2300/2300/2300 2302/2302/2302 2303/2303/2303 
f 2304/2304/2304 2305/2305/2305 2306/2306/2306 
f 2307/2307/2307 2308/2308/2308 2309/2309/2309 
f 2309/2309/2309 2310/2310/2310 2307/2307/2307 
f 2307/2307/2307 2310/2310/2310 2311/2311/2311 
f 2308/2308/2308 2307/2307/2307 2312/2312/2312 
f 2312/2312/2312 2313/2313/2313 2308/2308/2308 
f 2313/2313/2313 2312/2312/2312 2314/2314/2314 
f 2315/2315/2315 2316/2316/2316 2317/2317/2317 
f 2317/2317/2317 2318/2318/2318 2315/2315/2315 
f 2319/2319/2319 2317/2317/2317 2316/2316/2316 
f 2320/2320/2320 2317/2317/2317 2319/2319/2319 
f 2319/2319/2319 2321/2321/2321 2320/2320/2320 
f 2320/2320/2320 2321/2321/2321 2322/2322/2322 
f 2323/2323/2323 2324/2324/2324 2325/2325/2325 
f 2326/2326/2326 2323/2323/2323 2325/2325/2325 
f 2325/2325/2325 2324/2324/2324 2327/2327/2327 
f 2326/2326/2326 2325/2325/2325 2327/2327/2327 
f 2327/2327/2327 2324/2324/2324 2328/2328/2328 
f 2323/2323/2323 2326/2326/2326 2329/2329/2329 
f 2330/2330/2330 2329/2329/2329 2326/2326/2326 
f 2323/2323/2323 2329/2329/2329 2331/2331/2331 
f 2330/2330/2330 2331/2331/2331 2329/2329/2329 
f 2326/2326/2326 2332/2332/2332 2330/2330/2330 
f 2330/2330/2330 2333/2333/2333 2331/2331/2331 
f 2327/2327/2327 2334/2334/2334 2326/2326/2326 
f 2332/2332/2332 2326/2326/2326 2334/2334/2334 
f 2335/2335/2335 2334/2334/2334 2327/2327/2327 
f 2328/2328/2328 2335/2335/2335 2327/2327/2327 
f 2332/2332/2332 2334/2334/2334 2336/2336/2336 
f 2334/2334/2334 2335/2335/2335 2336/2336/2336 
f 2336/2336/2336 2337/2337/2337 2332/2332/2332 
f 2338/2338/2338 2337/2337/2337 2336/2336/2336 
f 2337/2337/2337 2338/2338/2338 2339/2339/2339 
f 2336/2336/2336 2340/2340/2340 2338/2338/2338 
f 2340/2340/2340 2339/2339/2339 2338/2338/2338 
f 2340/2340/2340 2336/2336/2336 2335/2335/2335 
f 2341/2341/2341 2339/2339/2339 2340/2340/2340 
f 2340/2340/2340 2342/2342/2342 2341/2341/2341 
f 2342/2342/2342 2340/2340/2340 2343/2343/2343 
f 2344/2344/2344 2342/2342/2342 2343/2343/2343 
f 2340/2340/2340 2335/2335/2335 2345/2345/2345 
f 2343/2343/2343 2340/2340/2340 2345/2345/2345 
f 2343/2343/2343 2346/2346/2346 2344/2344/2344 
f 2346/2346/2346 2343/2343/2343 2345/2345/2345 
f 2347/2347/2347 2344/2344/2344 2346/2346/2346 
f 2345/2345/2345 2335/2335/2335 2348/2348/2348 
f 2335/2335/2335 2328/2328/2328 2348/2348/2348 
f 2345/2345/2345 2349/2349/2349 2346/2346/2346 
f 2349/2349/2349 2345/2345/2345 2348/2348/2348 
f 2346/2346/2346 2350/2350/2350 2347/2347/2347 
f 2350/2350/2350 2346/2346/2346 2349/2349/2349 
f 2350/2350/2350 2351/2351/2351 2347/2347/2347 
f 2348/2348/2348 2352/2352/2352 2349/2349/2349 
f 2350/2350/2350 2349/2349/2349 2352/2352/2352 
f 2352/2352/2352 2348/2348/2348 2328/2328/2328 
f 2352/2352/2352 2353/2353/2353 2350/2350/2350 
f 2353/2353/2353 2352/2352/2352 2354/2354/2354 
f 2328/2328/2328 2354/2354/2354 2352/2352/2352 
f 2354/2354/2354 2355/2355/2355 2353/2353/2353 
f 2354/2354/2354 2356/2356/2356 2355/2355/2355 
f 2354/2354/2354 2328/2328/2328 2357/2357/2357 
f 2356/2356/2356 2354/2354/2354 2357/2357/2357 
f 2324/2324/2324 2357/2357/2357 2328/2328/2328 
f 2356/2356/2356 2357/2357/2357 2358/2358/2358 
f 2358/2358/2358 2359/2359/2359 2356/2356/2356 
f 2360/2360/2360 2357/2357/2357 2324/2324/2324 
f 2357/2357/2357 2360/2360/2360 2358/2358/2358 
f 2324/2324/2324 2323/2323/2323 2360/2360/2360 
f 2359/2359/2359 2358/2358/2358 2361/2361/2361 
f 2360/2360/2360 2361/2361/2361 2358/2358/2358 
f 2323/2323/2323 2362/2362/2362 2360/2360/2360 
f 2362/2362/2362 2361/2361/2361 2360/2360/2360 
f 2331/2331/2331 2362/2362/2362 2323/2323/2323 
f 2361/2361/2361 2362/2362/2362 2363/2363/2363 
f 2361/2361/2361 2363/2363/2363 2364/2364/2364 
f 2362/2362/2362 2331/2331/2331 2365/2365/2365 
f 2333/2333/2333 2365/2365/2365 2331/2331/2331 
f 2363/2363/2363 2362/2362/2362 2366/2366/2366 
f 2367/2367/2367 2365/2365/2365 2333/2333/2333 
f 2364/2364/2364 2363/2363/2363 2368/2368/2368 
f 2363/2363/2363 2366/2366/2366 2368/2368/2368 
f 2369/2369/2369 2364/2364/2364 2368/2368/2368 
f 2364/2364/2364 2369/2369/2369 2370/2370/2370 
f 2362/2362/2362 2365/2365/2365 2371/2371/2371 
f 2362/2362/2362 2371/2371/2371 2366/2366/2366 
f 2372/2372/2372 2370/2370/2370 2369/2369/2369 
f 2370/2370/2370 2372/2372/2372 2373/2373/2373 
f 2372/2372/2372 2374/2374/2374 2373/2373/2373 
f 2375/2375/2375 2374/2374/2374 2372/2372/2372 
f 2375/2375/2375 2372/2372/2372 2369/2369/2369 
f 2374/2374/2374 2375/2375/2375 2376/2376/2376 
f 2375/2375/2375 2377/2377/2377 2376/2376/2376 
f 2369/2369/2369 2378/2378/2378 2375/2375/2375 
f 2368/2368/2368 2378/2378/2378 2369/2369/2369 
f 2378/2378/2378 2377/2377/2377 2375/2375/2375 
f 2378/2378/2378 2368/2368/2368 2379/2379/2379 
f 2368/2368/2368 2366/2366/2366 2379/2379/2379 
f 2377/2377/2377 2378/2378/2378 2379/2379/2379 
f 2380/2380/2380 2376/2376/2376 2377/2377/2377 
f 2366/2366/2366 2381/2381/2381 2379/2379/2379 
f 2381/2381/2381 2377/2377/2377 2379/2379/2379 
f 2381/2381/2381 2366/2366/2366 2371/2371/2371 
f 2382/2382/2382 2380/2380/2380 2377/2377/2377 
f 2381/2381/2381 2382/2382/2382 2377/2377/2377 
f 2371/2371/2371 2383/2383/2383 2381/2381/2381 
f 2383/2383/2383 2382/2382/2382 2381/2381/2381 
f 2365/2365/2365 2383/2383/2383 2371/2371/2371 
f 2382/2382/2382 2384/2384/2384 2380/2380/2380 
f 2384/2384/2384 2385/2385/2385 2380/2380/2380 
f 2382/2382/2382 2383/2383/2383 2386/2386/2386 
f 2384/2384/2384 2382/2382/2382 2386/2386/2386 
f 2383/2383/2383 2365/2365/2365 2387/2387/2387 
f 2387/2387/2387 2386/2386/2386 2383/2383/2383 
f 2365/2365/2365 2367/2367/2367 2387/2387/2387 
f 2386/2386/2386 2387/2387/2387 2388/2388/2388 
f 2367/2367/2367 2388/2388/2388 2387/2387/2387 
f 2386/2386/2386 2388/2388/2388 2384/2384/2384 
f 2367/2367/2367 2389/2389/2389 2388/2388/2388 
f 2389/2389/2389 2384/2384/2384 2388/2388/2388 
f 2385/2385/2385 2384/2384/2384 2389/2389/2389 
f 2389/2389/2389 2367/2367/2367 2390/2390/2390 
f 2391/2391/2391 2385/2385/2385 2389/2389/2389 
f 2391/2391/2391 2389/2389/2389 2390/2390/2390 
f 2392/2392/2392 2393/2393/2393 2394/2394/2394 
f 2392/2392/2392 2394/2394/2394 2395/2395/2395 
f 2393/2393/2393 2396/2396/2396 2394/2394/2394 
f 2396/2396/2396 2393/2393/2393 2397/2397/2397 
f 2397/2397/2397 2398/2398/2398 2396/2396/2396 
f 2397/2397/2397 2399/2399/2399 2398/2398/2398 
f 2400/2400/2400 2398/2398/2398 2399/2399/2399 
f 2398/2398/2398 2400/2400/2400 2401/2401/2401 
f 2400/2400/2400 2402/2402/2402 2401/2401/2401 
f 2402/2402/2402 2400/2400/2400 2403/2403/2403 
f 2404/2404/2404 2402/2402/2402 2403/2403/2403 
f 2402/2402/2402 2404/2404/2404 2405/2405/2405 
f 2406/2406/2406 2405/2405/2405 2404/2404/2404 
f 2405/2405/2405 2406/2406/2406 2407/2407/2407 
f 2408/2408/2408 2407/2407/2407 2406/2406/2406 
f 2408/2408/2408 2409/2409/2409 2407/2407/2407 
f 2410/2410/2410 2411/2411/2411 2412/2412/2412 
f 2412/2412/2412 2413/2413/2413 2410/2410/2410 
f 2413/2413/2413 2412/2412/2412 2414/2414/2414 
f 2411/2411/2411 2410/2410/2410 2415/2415/2415 
f 2416/2416/2416 2411/2411/2411 2415/2415/2415 
f 2411/2411/2411 2416/2416/2416 2417/2417/2417 
f 2418/2418/2418 2419/2419/2419 2420/2420/2420 
f 2419/2419/2419 2418/2418/2418 2421/2421/2421 
f 2421/2421/2421 2422/2422/2422 2419/2419/2419 
f 2420/2420/2420 2423/2423/2423 2418/2418/2418 
f 2423/2423/2423 2420/2420/2420 2424/2424/2424 
f 2418/2418/2418 2425/2425/2425 2421/2421/2421 
f 2423/2423/2423 2426/2426/2426 2418/2418/2418 
f 2425/2425/2425 2418/2418/2418 2426/2426/2426 
f 2427/2427/2427 2426/2426/2426 2423/2423/2423 
f 2424/2424/2424 2428/2428/2428 2423/2423/2423 
f 2428/2428/2428 2427/2427/2427 2423/2423/2423 
f 2428/2428/2428 2424/2424/2424 2429/2429/2429 
f 2430/2430/2430 2427/2427/2427 2428/2428/2428 
f 2425/2425/2425 2431/2431/2431 2421/2421/2421 
f 2422/2422/2422 2421/2421/2421 2431/2431/2431 
f 2431/2431/2431 2425/2425/2425 2432/2432/2432 
f 2431/2431/2431 2432/2432/2432 2433/2433/2433 
f 2422/2422/2422 2431/2431/2431 2434/2434/2434 
f 2434/2434/2434 2431/2431/2431 2433/2433/2433 
f 2435/2435/2435 2422/2422/2422 2434/2434/2434 
f 2433/2433/2433 2436/2436/2436 2434/2434/2434 
f 2435/2435/2435 2434/2434/2434 2436/2436/2436 
f 2436/2436/2436 2433/2433/2433 2437/2437/2437 
f 2438/2438/2438 2435/2435/2435 2436/2436/2436 
f 2437/2437/2437 2439/2439/2439 2436/2436/2436 
f 2439/2439/2439 2438/2438/2438 2436/2436/2436 
f 2439/2439/2439 2440/2440/2440 2438/2438/2438 
f 2439/2439/2439 2441/2441/2441 2440/2440/2440 
f 2439/2439/2439 2437/2437/2437 2442/2442/2442 
f 2441/2441/2441 2439/2439/2439 2443/2443/2443 
f 2442/2442/2442 2443/2443/2443 2439/2439/2439 
f 2443/2443/2443 2442/2442/2442 2444/2444/2444 
f 2445/2445/2445 2446/2446/2446 2447/2447/2447 
f 2446/2446/2446 2448/2448/2448 2447/2447/2447 
f 2448/2448/2448 2446/2446/2446 2449/2449/2449 
f 2446/2446/2446 2445/2445/2445 2450/2450/2450 
f 2445/2445/2445 2451/2451/2451 2450/2450/2450 
f 2452/2452/2452 2450/2450/2450 2451/2451/2451 
f 2453/2453/2453 2454/2454/2454 2455/2455/2455 
f 2456/2456/2456 2454/2454/2454 2453/2453/2453 
f 2454/2454/2454 2456/2456/2456 2457/2457/2457 
f 2453/2453/2453 2458/2458/2458 2456/2456/2456 
f 2458/2458/2458 2459/2459/2459 2456/2456/2456 
f 2457/2457/2457 2460/2460/2460 2454/2454/2454 
f 2461/2461/2461 2460/2460/2460 2457/2457/2457 
f 2462/2462/2462 2454/2454/2454 2460/2460/2460 
f 2454/2454/2454 2462/2462/2462 2455/2455/2455 
f 2460/2460/2460 2461/2461/2461 2463/2463/2463 
f 2461/2461/2461 2464/2464/2464 2463/2463/2463 
f 2465/2465/2465 2463/2463/2463 2464/2464/2464 
f 2460/2460/2460 2463/2463/2463 2466/2466/2466 
f 2466/2466/2466 2463/2463/2463 2465/2465/2465 
f 2466/2466/2466 2462/2462/2462 2460/2460/2460 
f 2466/2466/2466 2465/2465/2465 2467/2467/2467 
f 2468/2468/2468 2462/2462/2462 2466/2466/2466 
f 2467/2467/2467 2468/2468/2468 2466/2466/2466 
f 2462/2462/2462 2468/2468/2468 2469/2469/2469 
f 2469/2469/2469 2455/2455/2455 2462/2462/2462 
f 2467/2467/2467 2470/2470/2470 2468/2468/2468 
f 2470/2470/2470 2469/2469/2469 2468/2468/2468 
f 2470/2470/2470 2467/2467/2467 2471/2471/2471 
f 2455/2455/2455 2469/2469/2469 2472/2472/2472 
f 2469/2469/2469 2470/2470/2470 2472/2472/2472 
f 2473/2473/2473 2472/2472/2472 2470/2470/2470 
f 2470/2470/2470 2471/2471/2471 2473/2473/2473 
f 2473/2473/2473 2471/2471/2471 2474/2474/2474 
f 2474/2474/2474 2471/2471/2471 2475/2475/2475 
f 2474/2474/2474 2475/2475/2475 2476/2476/2476 
f 2476/2476/2476 2473/2473/2473 2474/2474/2474 
f 2477/2477/2477 2476/2476/2476 2475/2475/2475 
f 2472/2472/2472 2473/2473/2473 2478/2478/2478 
f 2479/2479/2479 2455/2455/2455 2472/2472/2472 
f 2479/2479/2479 2472/2472/2472 2478/2478/2478 
f 2455/2455/2455 2479/2479/2479 2480/2480/2480 
f 2455/2455/2455 2480/2480/2480 2453/2453/2453 
f 2479/2479/2479 2481/2481/2481 2480/2480/2480 
f 2482/2482/2482 2453/2453/2453 2480/2480/2480 
f 2481/2481/2481 2482/2482/2482 2480/2480/2480 
f 2458/2458/2458 2453/2453/2453 2482/2482/2482 
f 2483/2483/2483 2458/2458/2458 2482/2482/2482 
f 2482/2482/2482 2481/2481/2481 2483/2483/2483 
f 2458/2458/2458 2483/2483/2483 2484/2484/2484 
f 2459/2459/2459 2458/2458/2458 2484/2484/2484 
f 2485/2485/2485 2459/2459/2459 2484/2484/2484 
f 2459/2459/2459 2485/2485/2485 2486/2486/2486 
f 2487/2487/2487 2484/2484/2484 2483/2483/2483 
f 2487/2487/2487 2483/2483/2483 2481/2481/2481 
f 2484/2484/2484 2487/2487/2487 2488/2488/2488 
f 2487/2487/2487 2481/2481/2481 2489/2489/2489 
f 2489/2489/2489 2481/2481/2481 2490/2490/2490 
f 2481/2481/2481 2479/2479/2479 2490/2490/2490 
f 2491/2491/2491 2489/2489/2489 2490/2490/2490 
f 2478/2478/2478 2490/2490/2490 2479/2479/2479 
f 2478/2478/2478 2491/2491/2491 2490/2490/2490 
f 2478/2478/2478 2492/2492/2492 2491/2491/2491 
f 2493/2493/2493 2491/2491/2491 2492/2492/2492 
f 2492/2492/2492 2494/2494/2494 2493/2493/2493 
f 2492/2492/2492 2478/2478/2478 2495/2495/2495 
f 2495/2495/2495 2478/2478/2478 2473/2473/2473 
f 2496/2496/2496 2494/2494/2494 2492/2492/2492 
f 2497/2497/2497 2495/2495/2495 2473/2473/2473 
f 2473/2473/2473 2476/2476/2476 2497/2497/2497 
f 2492/2492/2492 2495/2495/2495 2498/2498/2498 
f 2498/2498/2498 2496/2496/2496 2492/2492/2492 
f 2495/2495/2495 2497/2497/2497 2498/2498/2498 
f 2499/2499/2499 2494/2494/2494 2496/2496/2496 
f 2494/2494/2494 2499/2499/2499 2500/2500/2500 
f 2499/2499/2499 2501/2501/2501 2500/2500/2500 
f 2502/2502/2502 2499/2499/2499 2496/2496/2496 
f 2496/2496/2496 2498/2498/2498 2502/2502/2502 
f 2503/2503/2503 2501/2501/2501 2499/2499/2499 
f 2499/2499/2499 2502/2502/2502 2503/2503/2503 
f 2503/2503/2503 2504/2504/2504 2501/2501/2501 
f 2505/2505/2505 2498/2498/2498 2497/2497/2497 
f 2498/2498/2498 2505/2505/2505 2502/2502/2502 
f 2476/2476/2476 2505/2505/2505 2497/2497/2497 
f 2505/2505/2505 2476/2476/2476 2506/2506/2506 
f 2477/2477/2477 2506/2506/2506 2476/2476/2476 
f 2507/2507/2507 2502/2502/2502 2505/2505/2505 
f 2506/2506/2506 2507/2507/2507 2505/2505/2505 
f 2477/2477/2477 2508/2508/2508 2506/2506/2506 
f 2507/2507/2507 2506/2506/2506 2508/2508/2508 
f 2509/2509/2509 2508/2508/2508 2477/2477/2477 
f 2502/2502/2502 2507/2507/2507 2510/2510/2510 
f 2503/2503/2503 2502/2502/2502 2510/2510/2510 
f 2511/2511/2511 2508/2508/2508 2509/2509/2509 
f 2507/2507/2507 2508/2508/2508 2511/2511/2511 
f 2512/2512/2512 2511/2511/2511 2509/2509/2509 
f 2513/2513/2513 2510/2510/2510 2507/2507/2507 
f 2511/2511/2511 2513/2513/2513 2507/2507/2507 
f 2514/2514/2514 2503/2503/2503 2510/2510/2510 
f 2514/2514/2514 2504/2504/2504 2503/2503/2503 
f 2514/2514/2514 2510/2510/2510 2513/2513/2513 
f 2486/2486/2486 2504/2504/2504 2514/2514/2514 
f 2511/2511/2511 2512/2512/2512 2515/2515/2515 
f 2513/2513/2513 2511/2511/2511 2515/2515/2515 
f 2516/2516/2516 2515/2515/2515 2512/2512/2512 
f 2486/2486/2486 2514/2514/2514 2517/2517/2517 
f 2517/2517/2517 2514/2514/2514 2513/2513/2513 
f 2486/2486/2486 2517/2517/2517 2518/2518/2518 
f 2518/2518/2518 2517/2517/2517 2519/2519/2519 
f 2516/2516/2516 2520/2520/2520 2515/2515/2515 
f 2515/2515/2515 2520/2520/2520 2513/2513/2513 
f 2517/2517/2517 2513/2513/2513 2520/2520/2520 
f 2519/2519/2519 2517/2517/2517 2520/2520/2520 
f 2520/2520/2520 2516/2516/2516 2521/2521/2521 
f 2519/2519/2519 2520/2520/2520 2521/2521/2521 
f 2522/2522/2522 2523/2523/2523 2524/2524/2524 
f 2523/2523/2523 2522/2522/2522 2525/2525/2525 
f 2522/2522/2522 2526/2526/2526 2525/2525/2525 
f 2526/2526/2526 2522/2522/2522 2527/2527/2527 
f 2527/2527/2527 2528/2528/2528 2526/2526/2526 
f 2528/2528/2528 2527/2527/2527 2529/2529/2529 
f 2530/2530/2530 2531/2531/2531 2532/2532/2532 
f 2532/2532/2532 2533/2533/2533 2530/2530/2530 
f 2534/2534/2534 2532/2532/2532 2531/2531/2531 
f 2532/2532/2532 2534/2534/2534 2535/2535/2535 
f 2534/2534/2534 2536/2536/2536 2535/2535/2535 
f 2535/2535/2535 2536/2536/2536 2537/2537/2537 
f 2538/2538/2538 2539/2539/2539 2540/2540/2540 
f 2540/2540/2540 2539/2539/2539 2541/2541/2541 
f 2542/2542/2542 2541/2541/2541 2539/2539/2539 
f 2539/2539/2539 2543/2543/2543 2542/2542/2542 
f 2544/2544/2544 2542/2542/2542 2543/2543/2543 
f 2545/2545/2545 2542/2542/2542 2544/2544/2544 
f 2546/2546/2546 2545/2545/2545 2544/2544/2544 
f 2542/2542/2542 2547/2547/2547 2541/2541/2541 
f 2545/2545/2545 2547/2547/2547 2542/2542/2542 
f 2541/2541/2541 2548/2548/2548 2540/2540/2540 
f 2547/2547/2547 2548/2548/2548 2541/2541/2541 
f 2548/2548/2548 2549/2549/2549 2540/2540/2540 
f 2540/2540/2540 2549/2549/2549 2550/2550/2550 
f 2549/2549/2549 2551/2551/2551 2550/2550/2550 
f 2552/2552/2552 2545/2545/2545 2546/2546/2546 
f 2553/2553/2553 2552/2552/2552 2546/2546/2546 
f 2553/2553/2553 2554/2554/2554 2552/2552/2552 
f 2545/2545/2545 2552/2552/2552 2555/2555/2555 
f 2545/2545/2545 2555/2555/2555 2547/2547/2547 
f 2556/2556/2556 2552/2552/2552 2554/2554/2554 
f 2552/2552/2552 2556/2556/2556 2555/2555/2555 
f 2554/2554/2554 2557/2557/2557 2556/2556/2556 
f 2557/2557/2557 2554/2554/2554 2558/2558/2558 
f 2557/2557/2557 2558/2558/2558 2559/2559/2559 
f 2555/2555/2555 2560/2560/2560 2547/2547/2547 
f 2560/2560/2560 2555/2555/2555 2556/2556/2556 
f 2548/2548/2548 2547/2547/2547 2560/2560/2560 
f 2556/2556/2556 2557/2557/2557 2561/2561/2561 
f 2557/2557/2557 2559/2559/2559 2561/2561/2561 
f 2561/2561/2561 2560/2560/2560 2556/2556/2556 
f 2562/2562/2562 2548/2548/2548 2560/2560/2560 
f 2560/2560/2560 2561/2561/2561 2562/2562/2562 
f 2549/2549/2549 2548/2548/2548 2562/2562/2562 
f 2563/2563/2563 2561/2561/2561 2559/2559/2559 
f 2561/2561/2561 2563/2563/2563 2562/2562/2562 
f 2563/2563/2563 2549/2549/2549 2562/2562/2562 
f 2564/2564/2564 2563/2563/2563 2559/2559/2559 
f 2563/2563/2563 2551/2551/2551 2549/2549/2549 
f 2563/2563/2563 2564/2564/2564 2551/2551/2551 
f 2565/2565/2565 2566/2566/2566 2567/2567/2567 
f 2566/2566/2566 2565/2565/2565 2568/2568/2568 
f 2567/2567/2567 2566/2566/2566 2569/2569/2569 
f 2570/2570/2570 2567/2567/2567 2569/2569/2569 
f 2569/2569/2569 2571/2571/2571 2570/2570/2570 
f 2569/2569/2569 2572/2572/2572 2571/2571/2571 
f 2573/2573/2573 2571/2571/2571 2572/2572/2572 
f 2571/2571/2571 2573/2573/2573 2574/2574/2574 
f 2573/2573/2573 2575/2575/2575 2574/2574/2574 
f 2574/2574/2574 2575/2575/2575 2576/2576/2576 
f 2575/2575/2575 2577/2577/2577 2576/2576/2576 
f 2575/2575/2575 2578/2578/2578 2577/2577/2577 
f 2579/2579/2579 2580/2580/2580 2581/2581/2581 
f 2580/2580/2580 2579/2579/2579 2582/2582/2582 
f 2580/2580/2580 2583/2583/2583 2581/2581/2581 
f 2584/2584/2584 2582/2582/2582 2579/2579/2579 
f 2581/2581/2581 2583/2583/2583 2585/2585/2585 
f 2583/2583/2583 2586/2586/2586 2585/2585/2585 
f 2583/2583/2583 2587/2587/2587 2586/2586/2586 
f 2584/2584/2584 2579/2579/2579 2588/2588/2588 
f 2588/2588/2588 2589/2589/2589 2584/2584/2584 
f 2589/2589/2589 2590/2590/2590 2584/2584/2584 
f 2591/2591/2591 2590/2590/2590 2589/2589/2589 
f 2590/2590/2590 2591/2591/2591 2592/2592/2592 
f 2593/2593/2593 2594/2594/2594 2595/2595/2595 
f 2595/2595/2595 2594/2594/2594 2596/2596/2596 
f 2595/2595/2595 2597/2597/2597 2593/2593/2593 
f 2597/2597/2597 2595/2595/2595 2598/2598/2598 
f 2598/2598/2598 2599/2599/2599 2597/2597/2597 
f 2599/2599/2599 2598/2598/2598 2600/2600/2600 
f 2601/2601/2601 2602/2602/2602 2603/2603/2603 
f 2603/2603/2603 2602/2602/2602 2604/2604/2604 
f 2605/2605/2605 2601/2601/2601 2603/2603/2603 
f 2601/2601/2601 2605/2605/2605 2606/2606/2606 
f 2605/2605/2605 2607/2607/2607 2606/2606/2606 
f 2607/2607/2607 2605/2605/2605 2608/2608/2608 
f 2609/2609/2609 2610/2610/2610 2611/2611/2611 
f 2610/2610/2610 2609/2609/2609 2612/2612/2612 
f 2613/2613/2613 2614/2614/2614 2615/2615/2615 
f 2616/2616/2616 2614/2614/2614 2613/2613/2613 
f 2616/2616/2616 2617/2617/2617 2614/2614/2614 
f 2617/2617/2617 2616/2616/2616 2618/2618/2618 
f 2617/2617/2617 2618/2618/2618 2619/2619/2619 
f 2614/2614/2614 2617/2617/2617 2620/2620/2620 
f 2615/2615/2615 2614/2614/2614 2621/2621/2621 
f 2614/2614/2614 2620/2620/2620 2621/2621/2621 
f 2621/2621/2621 2622/2622/2622 2615/2615/2615 
f 2622/2622/2622 2623/2623/2623 2615/2615/2615 
f 2620/2620/2620 2624/2624/2624 2621/2621/2621 
f 2624/2624/2624 2622/2622/2622 2621/2621/2621 
f 2622/2622/2622 2625/2625/2625 2623/2623/2623 
f 2622/2622/2622 2624/2624/2624 2625/2625/2625 
f 2626/2626/2626 2625/2625/2625 2627/2627/2627 
f 2628/2628/2628 2620/2620/2620 2617/2617/2617 
f 2628/2628/2628 2617/2617/2617 2619/2619/2619 
f 2624/2624/2624 2620/2620/2620 2629/2629/2629 
f 2620/2620/2620 2628/2628/2628 2629/2629/2629 
f 2625/2625/2625 2624/2624/2624 2630/2630/2630 
f 2631/2631/2631 2625/2625/2625 2630/2630/2630 
f 2632/2632/2632 2631/2631/2631 2630/2630/2630 
f 2624/2624/2624 2633/2633/2633 2630/2630/2630 
f 2633/2633/2633 2624/2624/2624 2629/2629/2629 
f 2632/2632/2632 2630/2630/2630 2634/2634/2634 
f 2630/2630/2630 2633/2633/2633 2634/2634/2634 
f 2635/2635/2635 2632/2632/2632 2634/2634/2634 
f 2633/2633/2633 2629/2629/2629 2636/2636/2636 
f 2636/2636/2636 2634/2634/2634 2633/2633/2633 
f 2629/2629/2629 2628/2628/2628 2636/2636/2636 
f 2637/2637/2637 2635/2635/2635 2634/2634/2634 
f 2637/2637/2637 2634/2634/2634 2636/2636/2636 
f 2628/2628/2628 2638/2638/2638 2636/2636/2636 
f 2638/2638/2638 2637/2637/2637 2636/2636/2636 
f 2638/2638/2638 2628/2628/2628 2619/2619/2619 
f 2639/2639/2639 2638/2638/2638 2619/2619/2619 
f 2638/2638/2638 2639/2639/2639 2640/2640/2640 
f 2637/2637/2637 2638/2638/2638 2640/2640/2640 
f 2637/2637/2637 2640/2640/2640 2641/2641/2641 
f 2642/2642/2642 2643/2643/2643 2644/2644/2644 
f 2643/2643/2643 2645/2645/2645 2644/2644/2644 
f 2646/2646/2646 2644/2644/2644 2645/2645/2645 
f 2647/2647/2647 2648/2648/2648 2642/2642/2642 
f 2649/2649/2649 2648/2648/2648 2647/2647/2647 
f 2650/2650/2650 2649/2649/2649 2647/2647/2647 
f 2651/2651/2651 2643/2643/2643 2648/2648/2648 
f 2649/2649/2649 2651/2651/2651 2648/2648/2648 
f 2643/2643/2643 2652/2652/2652 2645/2645/2645 
f 2643/2643/2643 2651/2651/2651 2652/2652/2652 
f 2652/2652/2652 2653/2653/2653 2645/2645/2645 
f 2645/2645/2645 2653/2653/2653 2654/2654/2654 
f 2655/2655/2655 2654/2654/2654 2653/2653/2653 
f 2656/2656/2656 2649/2649/2649 2650/2650/2650 
f 2657/2657/2657 2656/2656/2656 2650/2650/2650 
f 2658/2658/2658 2651/2651/2651 2649/2649/2649 
f 2649/2649/2649 2656/2656/2656 2658/2658/2658 
f 2657/2657/2657 2659/2659/2659 2656/2656/2656 
f 2659/2659/2659 2657/2657/2657 2660/2660/2660 
f 2656/2656/2656 2661/2661/2661 2658/2658/2658 
f 2661/2661/2661 2656/2656/2656 2659/2659/2659 
f 2651/2651/2651 2658/2658/2658 2662/2662/2662 
f 2652/2652/2652 2651/2651/2651 2662/2662/2662 
f 2663/2663/2663 2658/2658/2658 2661/2661/2661 
f 2658/2658/2658 2663/2663/2663 2662/2662/2662 
f 2661/2661/2661 2659/2659/2659 2664/2664/2664 
f 2664/2664/2664 2663/2663/2663 2661/2661/2661 
f 2659/2659/2659 2665/2665/2665 2664/2664/2664 
f 2664/2664/2664 2665/2665/2665 2666/2666/2666 
f 2663/2663/2663 2664/2664/2664 2666/2666/2666 
f 2662/2662/2662 2667/2667/2667 2652/2652/2652 
f 2662/2662/2662 2663/2663/2663 2667/2667/2667 
f 2653/2653/2653 2652/2652/2652 2667/2667/2667 
f 2668/2668/2668 2663/2663/2663 2666/2666/2666 
f 2667/2667/2667 2663/2663/2663 2668/2668/2668 
f 2653/2653/2653 2667/2667/2667 2668/2668/2668 
f 2666/2666/2666 2669/2669/2669 2668/2668/2668 
f 2668/2668/2668 2655/2655/2655 2653/2653/2653 
f 2669/2669/2669 2655/2655/2655 2668/2668/2668 
f 2670/2670/2670 2671/2671/2671 2672/2672/2672 
f 2671/2671/2671 2673/2673/2673 2672/2672/2672 
f 2671/2671/2671 2674/2674/2674 2673/2673/2673 
f 2670/2670/2670 2672/2672/2672 2675/2675/2675 
f 2675/2675/2675 2676/2676/2676 2670/2670/2670 
f 2675/2675/2675 2677/2677/2677 2676/2676/2676 
f 2673/2673/2673 2674/2674/2674 2678/2678/2678 
f 2674/2674/2674 2679/2679/2679 2678/2678/2678 
f 2677/2677/2677 2675/2675/2675 2680/2680/2680 
f 2680/2680/2680 2681/2681/2681 2677/2677/2677 
f 2682/2682/2682 2675/2675/2675 2672/2672/2672 
f 2675/2675/2675 2682/2682/2682 2680/2680/2680 
f 2672/2672/2672 2673/2673/2673 2683/2683/2683 
f 2672/2672/2672 2683/2683/2683 2682/2682/2682 
f 2673/2673/2673 2684/2684/2684 2683/2683/2683 
f 2684/2684/2684 2673/2673/2673 2678/2678/2678 
f 2685/2685/2685 2682/2682/2682 2683/2683/2683 
f 2683/2683/2683 2684/2684/2684 2685/2685/2685 
f 2682/2682/2682 2686/2686/2686 2680/2680/2680 
f 2680/2680/2680 2686/2686/2686 2681/2681/2681 
f 2685/2685/2685 2686/2686/2686 2682/2682/2682 
f 2678/2678/2678 2687/2687/2687 2684/2684/2684 
f 2688/2688/2688 2687/2687/2687 2678/2678/2678 
f 2685/2685/2685 2684/2684/2684 2689/2689/2689 
f 2684/2684/2684 2687/2687/2687 2689/2689/2689 
f 2688/2688/2688 2690/2690/2690 2687/2687/2687 
f 2687/2687/2687 2690/2690/2690 2689/2689/2689 
f 2691/2691/2691 2690/2690/2690 2688/2688/2688 
f 2685/2685/2685 2692/2692/2692 2686/2686/2686 
f 2689/2689/2689 2692/2692/2692 2685/2685/2685 
f 2693/2693/2693 2689/2689/2689 2690/2690/2690 
f 2689/2689/2689 2693/2693/2693 2692/2692/2692 
f 2693/2693/2693 2690/2690/2690 2694/2694/2694 
f 2693/2693/2693 2694/2694/2694 2695/2695/2695 
f 2696/2696/2696 2692/2692/2692 2693/2693/2693 
f 2686/2686/2686 2692/2692/2692 2696/2696/2696 
f 2695/2695/2695 2696/2696/2696 2693/2693/2693 
f 2681/2681/2681 2686/2686/2686 2696/2696/2696 
f 2696/2696/2696 2695/2695/2695 2697/2697/2697 
f 2696/2696/2696 2697/2697/2697 2681/2681/2681 
f 2698/2698/2698 2699/2699/2699 2700/2700/2700 
f 2699/2699/2699 2698/2698/2698 2701/2701/2701 
f 2702/2702/2702 2703/2703/2703 2704/2704/2704 
f 2703/2703/2703 2702/2702/2702 2705/2705/2705 
f 2704/2704/2704 2703/2703/2703 2706/2706/2706 
f 2707/2707/2707 2704/2704/2704 2706/2706/2706 
f 2706/2706/2706 2708/2708/2708 2707/2707/2707 
f 2706/2706/2706 2709/2709/2709 2708/2708/2708 
f 2710/2710/2710 2708/2708/2708 2709/2709/2709 
f 2708/2708/2708 2710/2710/2710 2711/2711/2711 
f 2710/2710/2710 2712/2712/2712 2711/2711/2711 
f 2711/2711/2711 2712/2712/2712 2713/2713/2713 
f 2712/2712/2712 2714/2714/2714 2713/2713/2713 
f 2712/2712/2712 2715/2715/2715 2714/2714/2714 
f 2716/2716/2716 2717/2717/2717 2718/2718/2718 
f 2717/2717/2717 2716/2716/2716 2719/2719/2719 
f 2717/2717/2717 2720/2720/2720 2718/2718/2718 
f 2721/2721/2721 2719/2719/2719 2716/2716/2716 
f 2718/2718/2718 2720/2720/2720 2722/2722/2722 
f 2720/2720/2720 2723/2723/2723 2722/2722/2722 
f 2720/2720/2720 2724/2724/2724 2723/2723/2723 
f 2721/2721/2721 2716/2716/2716 2725/2725/2725 
f 2725/2725/2725 2726/2726/2726 2721/2721/2721 
f 2726/2726/2726 2727/2727/2727 2721/2721/2721 
f 2728/2728/2728 2727/2727/2727 2726/2726/2726 
f 2727/2727/2727 2728/2728/2728 2729/2729/2729 
f 2730/2730/2730 2731/2731/2731 2732/2732/2732 
f 2733/2733/2733 2731/2731/2731 2730/2730/2730 
f 2734/2734/2734 2735/2735/2735 2736/2736/2736 
f 2735/2735/2735 2734/2734/2734 2737/2737/2737 
f 2736/2736/2736 2735/2735/2735 2738/2738/2738 
f 2739/2739/2739 2736/2736/2736 2738/2738/2738 
f 2738/2738/2738 2740/2740/2740 2739/2739/2739 
f 2738/2738/2738 2741/2741/2741 2740/2740/2740 
f 2742/2742/2742 2740/2740/2740 2741/2741/2741 
f 2740/2740/2740 2742/2742/2742 2743/2743/2743 
f 2742/2742/2742 2744/2744/2744 2743/2743/2743 
f 2743/2743/2743 2744/2744/2744 2745/2745/2745 
f 2744/2744/2744 2746/2746/2746 2745/2745/2745 
f 2744/2744/2744 2747/2747/2747 2746/2746/2746 
f 2748/2748/2748 2749/2749/2749 2750/2750/2750 
f 2751/2751/2751 2749/2749/2749 2748/2748/2748 
f 2749/2749/2749 2752/2752/2752 2750/2750/2750 
f 2753/2753/2753 2751/2751/2751 2748/2748/2748 
f 2750/2750/2750 2752/2752/2752 2754/2754/2754 
f 2752/2752/2752 2755/2755/2755 2754/2754/2754 
f 2752/2752/2752 2756/2756/2756 2755/2755/2755 
f 2753/2753/2753 2748/2748/2748 2757/2757/2757 
f 2757/2757/2757 2758/2758/2758 2753/2753/2753 
f 2758/2758/2758 2759/2759/2759 2753/2753/2753 
f 2760/2760/2760 2759/2759/2759 2758/2758/2758 
f 2759/2759/2759 2760/2760/2760 2761/2761/2761 
f 2762/2762/2762 2763/2763/2763 2764/2764/2764 
f 2764/2764/2764 2765/2765/2765 2762/2762/2762 
f 2764/2764/2764 2766/2766/2766 2765/2765/2765 
f 2766/2766/2766 2767/2767/2767 2765/2765/2765 
f 2767/2767/2767 2766/2766/2766 2768/2768/2768 
f 2768/2768/2768 2769/2769/2769 2767/2767/2767 
f 2770/2770/2770 2771/2771/2771 2772/2772/2772 
f 2771/2771/2771 2770/2770/2770 2773/2773/2773 
f 2772/2772/2772 2774/2774/2774 2770/2770/2770 
f 2774/2774/2774 2772/2772/2772 2775/2775/2775 
f 2774/2774/2774 2775/2775/2775 2776/2776/2776 
f 2776/2776/2776 2775/2775/2775 2777/2777/2777 
f 2778/2778/2778 2779/2779/2779 2780/2780/2780 
f 2779/2779/2779 2778/2778/2778 2781/2781/2781 
f 2780/2780/2780 2779/2779/2779 2782/2782/2782 
f 2782/2782/2782 2783/2783/2783 2780/2780/2780 
f 2782/2782/2782 2784/2784/2784 2783/2783/2783 
f 2784/2784/2784 2782/2782/2782 2785/2785/2785 
f 2786/2786/2786 2784/2784/2784 2785/2785/2785 
f 2786/2786/2786 2787/2787/2787 2784/2784/2784 
f 2786/2786/2786 2788/2788/2788 2787/2787/2787 
f 2786/2786/2786 2789/2789/2789 2788/2788/2788 
f 2789/2789/2789 2790/2790/2790 2788/2788/2788 
f 2791/2791/2791 2790/2790/2790 2789/2789/2789 
f 2792/2792/2792 2793/2793/2793 2794/2794/2794 
f 2795/2795/2795 2794/2794/2794 2793/2793/2793 
f 2793/2793/2793 2792/2792/2792 2796/2796/2796 
f 2795/2795/2795 2793/2793/2793 2797/2797/2797 
f 2792/2792/2792 2798/2798/2798 2796/2796/2796 
f 2795/2795/2795 2797/2797/2797 2799/2799/2799 
f 2796/2796/2796 2798/2798/2798 2800/2800/2800 
f 2798/2798/2798 2801/2801/2801 2800/2800/2800 
f 2798/2798/2798 2802/2802/2802 2801/2801/2801 
f 2799/2799/2799 2803/2803/2803 2795/2795/2795 
f 2804/2804/2804 2803/2803/2803 2799/2799/2799 
f 2803/2803/2803 2804/2804/2804 2805/2805/2805 
f 2806/2806/2806 2807/2807/2807 2808/2808/2808 
f 2809/2809/2809 2808/2808/2808 2807/2807/2807 
f 2808/2808/2808 2809/2809/2809 2810/2810/2810 
f 2807/2807/2807 2811/2811/2811 2809/2809/2809 
f 2812/2812/2812 2808/2808/2808 2810/2810/2810 
f 2811/2811/2811 2807/2807/2807 2813/2813/2813 
f 2807/2807/2807 2806/2806/2806 2813/2813/2813 
f 2806/2806/2806 2811/2811/2811 2813/2813/2813 
f 2814/2814/2814 2811/2811/2811 2806/2806/2806 
f 2806/2806/2806 2815/2815/2815 2814/2814/2814 
f 2815/2815/2815 2806/2806/2806 2816/2816/2816 
f 2806/2806/2806 2808/2808/2808 2816/2816/2816 
f 2816/2816/2816 2817/2817/2817 2815/2815/2815 
f 2808/2808/2808 2812/2812/2812 2818/2818/2818 
f 2816/2816/2816 2808/2808/2808 2819/2819/2819 
f 2818/2818/2818 2819/2819/2819 2808/2808/2808 
f 2817/2817/2817 2816/2816/2816 2819/2819/2819 
f 2820/2820/2820 2818/2818/2818 2812/2812/2812 
f 2820/2820/2820 2819/2819/2819 2818/2818/2818 
f 2820/2820/2820 2812/2812/2812 2821/2821/2821 
f 2822/2822/2822 2817/2817/2817 2819/2819/2819 
f 2819/2819/2819 2820/2820/2820 2822/2822/2822 
f 2817/2817/2817 2822/2822/2822 2823/2823/2823 
f 2824/2824/2824 2820/2820/2820 2821/2821/2821 
f 2825/2825/2825 2823/2823/2823 2822/2822/2822 
f 2822/2822/2822 2820/2820/2820 2825/2825/2825 
f 2823/2823/2823 2825/2825/2825 2826/2826/2826 
f 2825/2825/2825 2827/2827/2827 2826/2826/2826 
f 2820/2820/2820 2824/2824/2824 2828/2828/2828 
f 2825/2825/2825 2820/2820/2820 2828/2828/2828 
f 2827/2827/2827 2828/2828/2828 2824/2824/2824 
f 2825/2825/2825 2828/2828/2828 2829/2829/2829 
f 2829/2829/2829 2828/2828/2828 2827/2827/2827 
f 2827/2827/2827 2825/2825/2825 2829/2829/2829 
f 2830/2830/2830 2831/2831/2831 2832/2832/2832 
f 2833/2833/2833 2834/2834/2834 2832/2832/2832 
f 2831/2831/2831 2835/2835/2835 2832/2832/2832 
f 2833/2833/2833 2832/2832/2832 2835/2835/2835 
f 2836/2836/2836 2837/2837/2837 2831/2831/2831 
f 2838/2838/2838 2831/2831/2831 2837/2837/2837 
f 2838/2838/2838 2839/2839/2839 2831/2831/2831 
f 2835/2835/2835 2831/2831/2831 2839/2839/2839 
f 2840/2840/2840 2839/2839/2839 2838/2838/2838 
f 2839/2839/2839 2840/2840/2840 2841/2841/2841 
f 2841/2841/2841 2835/2835/2835 2839/2839/2839 
f 2835/2835/2835 2841/2841/2841 2842/2842/2842 
f 2843/2843/2843 2835/2835/2835 2842/2842/2842 
f 2835/2835/2835 2843/2843/2843 2844/2844/2844 
f 2833/2833/2833 2835/2835/2835 2844/2844/2844 
f 2845/2845/2845 2844/2844/2844 2843/2843/2843 
f 2846/2846/2846 2840/2840/2840 2838/2838/2838 
f 2837/2837/2837 2846/2846/2846 2838/2838/2838 
f 2840/2840/2840 2846/2846/2846 2847/2847/2847 
f 2848/2848/2848 2849/2849/2849 2837/2837/2837 
f 2846/2846/2846 2837/2837/2837 2849/2849/2849 
f 2846/2846/2846 2850/2850/2850 2847/2847/2847 
f 2844/2844/2844 2845/2845/2845 2851/2851/2851 
f 2844/2844/2844 2851/2851/2851 2833/2833/2833 
f 2852/2852/2852 2851/2851/2851 2845/2845/2845 
f 2845/2845/2845 2853/2853/2853 2852/2852/2852 
f 2854/2854/2854 2833/2833/2833 2851/2851/2851 
f 2855/2855/2855 2833/2833/2833 2854/2854/2854 
f 2852/2852/2852 2854/2854/2854 2851/2851/2851 
f 2856/2856/2856 2852/2852/2852 2853/2853/2853 
f 2854/2854/2854 2852/2852/2852 2857/2857/2857 
f 2858/2858/2858 2854/2854/2854 2857/2857/2857 
f 2852/2852/2852 2856/2856/2856 2859/2859/2859 
f 2860/2860/2860 2859/2859/2859 2856/2856/2856 
f 2861/2861/2861 2857/2857/2857 2852/2852/2852 
f 2852/2852/2852 2859/2859/2859 2861/2861/2861 
f 2862/2862/2862 2857/2857/2857 2861/2861/2861 
f 2859/2859/2859 2860/2860/2860 2863/2863/2863 
f 2863/2863/2863 2861/2861/2861 2859/2859/2859 
f 2860/2860/2860 2864/2864/2864 2863/2863/2863 
f 2864/2864/2864 2860/2860/2860 2865/2865/2865 
f 2861/2861/2861 2863/2863/2863 2866/2866/2866 
f 2864/2864/2864 2866/2866/2866 2863/2863/2863 
f 2867/2867/2867 2861/2861/2861 2866/2866/2866 
f 2868/2868/2868 2864/2864/2864 2865/2865/2865 
f 2866/2866/2866 2864/2864/2864 2869/2869/2869 
f 2870/2870/2870 2866/2866/2866 2869/2869/2869 
f 2864/2864/2864 2871/2871/2871 2869/2869/2869 
f 2872/2872/2872 2869/2869/2869 2871/2871/2871 
f 2864/2864/2864 2868/2868/2868 2873/2873/2873 
f 2864/2864/2864 2873/2873/2873 2871/2871/2871 
f 2868/2868/2868 2874/2874/2874 2873/2873/2873 
f 2874/2874/2874 2868/2868/2868 2850/2850/2850 
f 2850/2850/2850 2846/2846/2846 2874/2874/2874 
f 2873/2873/2873 2874/2874/2874 2875/2875/2875 
f 2873/2873/2873 2875/2875/2875 2871/2871/2871 
f 2846/2846/2846 2875/2875/2875 2874/2874/2874 
f 2876/2876/2876 2871/2871/2871 2875/2875/2875 
f 2875/2875/2875 2846/2846/2846 2849/2849/2849 
f 2877/2877/2877 2875/2875/2875 2849/2849/2849 
f 2878/2878/2878 2879/2879/2879 2880/2880/2880 
f 2881/2881/2881 2882/2882/2882 2878/2878/2878 
f 2880/2880/2880 2883/2883/2883 2878/2878/2878 
f 2878/2878/2878 2884/2884/2884 2881/2881/2881 
f 2883/2883/2883 2884/2884/2884 2878/2878/2878 
f 2881/2881/2881 2884/2884/2884 2885/2885/2885 
f 2884/2884/2884 2883/2883/2883 2886/2886/2886 
f 2886/2886/2886 2887/2887/2887 2884/2884/2884 
f 2885/2885/2885 2884/2884/2884 2887/2887/2887 
f 2888/2888/2888 2886/2886/2886 2883/2883/2883 
f 2887/2887/2887 2889/2889/2889 2885/2885/2885 
f 2890/2890/2890 2885/2885/2885 2889/2889/2889 
f 2883/2883/2883 2891/2891/2891 2888/2888/2888 
f 2891/2891/2891 2883/2883/2883 2892/2892/2892 
f 2883/2883/2883 2880/2880/2880 2892/2892/2892 
f 2892/2892/2892 2893/2893/2893 2891/2891/2891 
f 2894/2894/2894 2895/2895/2895 2889/2889/2889 
f 2895/2895/2895 2894/2894/2894 2896/2896/2896 
f 2897/2897/2897 2896/2896/2896 2894/2894/2894 
f 2896/2896/2896 2897/2897/2897 2898/2898/2898 
f 2899/2899/2899 2898/2898/2898 2897/2897/2897 
f 2893/2893/2893 2892/2892/2892 2900/2900/2900 
f 2900/2900/2900 2892/2892/2892 2880/2880/2880 
f 2900/2900/2900 2901/2901/2901 2893/2893/2893 
f 2898/2898/2898 2899/2899/2899 2902/2902/2902 
f 2880/2880/2880 2903/2903/2903 2900/2900/2900 
f 2880/2880/2880 2904/2904/2904 2903/2903/2903 
f 2901/2901/2901 2900/2900/2900 2905/2905/2905 
f 2905/2905/2905 2900/2900/2900 2903/2903/2903 
f 2905/2905/2905 2906/2906/2906 2901/2901/2901 
f 2906/2906/2906 2905/2905/2905 2907/2907/2907 
f 2904/2904/2904 2908/2908/2908 2903/2903/2903 
f 2909/2909/2909 2905/2905/2905 2903/2903/2903 
f 2903/2903/2903 2908/2908/2908 2909/2909/2909 
f 2910/2910/2910 2905/2905/2905 2909/2909/2909 
f 2911/2911/2911 2910/2910/2910 2909/2909/2909 
f 2911/2911/2911 2909/2909/2909 2908/2908/2908 
f 2912/2912/2912 2911/2911/2911 2908/2908/2908 
f 2912/2912/2912 2908/2908/2908 2913/2913/2913 
f 2914/2914/2914 2913/2913/2913 2908/2908/2908 
f 2915/2915/2915 2912/2912/2912 2913/2913/2913 
f 2916/2916/2916 2917/2917/2917 2906/2906/2906 
f 2918/2918/2918 2906/2906/2906 2917/2917/2917 
f 2917/2917/2917 2919/2919/2919 2918/2918/2918 
f 2919/2919/2919 2917/2917/2917 2920/2920/2920 
f 2920/2920/2920 2915/2915/2915 2919/2919/2919 
f 2921/2921/2921 2919/2919/2919 2915/2915/2915 
f 2915/2915/2915 2913/2913/2913 2922/2922/2922 
f 2923/2923/2923 2922/2922/2922 2913/2913/2913 
f 2915/2915/2915 2924/2924/2924 2921/2921/2921 
f 2924/2924/2924 2915/2915/2915 2922/2922/2922 
f 2925/2925/2925 2921/2921/2921 2924/2924/2924 
f 2926/2926/2926 2925/2925/2925 2924/2924/2924 
f 2926/2926/2926 2924/2924/2924 2927/2927/2927 
f 2924/2924/2924 2922/2922/2922 2927/2927/2927 
f 2928/2928/2928 2926/2926/2926 2927/2927/2927 
f 2928/2928/2928 2927/2927/2927 2929/2929/2929 
f 2930/2930/2930 2928/2928/2928 2929/2929/2929 
f 2928/2928/2928 2930/2930/2930 2931/2931/2931 
f 2932/2932/2932 2931/2931/2931 2930/2930/2930 
f 2932/2932/2932 2930/2930/2930 2933/2933/2933 
f 2927/2927/2927 2922/2922/2922 2934/2934/2934 
f 2935/2935/2935 2934/2934/2934 2922/2922/2922 
f 2927/2927/2927 2934/2934/2934 2936/2936/2936 
f 2936/2936/2936 2934/2934/2934 2937/2937/2937 
f 2938/2938/2938 2937/2937/2937 2934/2934/2934 
f 2936/2936/2936 2937/2937/2937 2939/2939/2939 
f 2937/2937/2937 2938/2938/2938 2940/2940/2940 
f 2939/2939/2939 2937/2937/2937 2941/2941/2941 
f 2937/2937/2937 2940/2940/2940 2941/2941/2941 
f 2939/2939/2939 2941/2941/2941 2942/2942/2942 
f 2942/2942/2942 2941/2941/2941 2943/2943/2943 
f 2941/2941/2941 2940/2940/2940 2943/2943/2943 
f 2943/2943/2943 2932/2932/2932 2944/2944/2944 
f 2932/2932/2932 2943/2943/2943 2945/2945/2945 
f 2943/2943/2943 2946/2946/2946 2945/2945/2945 
f 2943/2943/2943 2940/2940/2940 2946/2946/2946 
f 2945/2945/2945 2946/2946/2946 2947/2947/2947 
f 2946/2946/2946 2948/2948/2948 2947/2947/2947 
f 2947/2947/2947 2948/2948/2948 2949/2949/2949 
f 2940/2940/2940 2950/2950/2950 2946/2946/2946 
f 2946/2946/2946 2950/2950/2950 2948/2948/2948 
f 2951/2951/2951 2950/2950/2950 2940/2940/2940 
f 2948/2948/2948 2952/2952/2952 2949/2949/2949 
f 2950/2950/2950 2952/2952/2952 2948/2948/2948 
f 2949/2949/2949 2952/2952/2952 2953/2953/2953 
f 2954/2954/2954 2953/2953/2953 2952/2952/2952 
f 2952/2952/2952 2950/2950/2950 2955/2955/2955 
f 2956/2956/2956 2955/2955/2955 2950/2950/2950 
f 2952/2952/2952 2957/2957/2957 2954/2954/2954 
f 2952/2952/2952 2955/2955/2955 2957/2957/2957 
f 2958/2958/2958 2954/2954/2954 2957/2957/2957 
f 2955/2955/2955 2959/2959/2959 2957/2957/2957 
f 2960/2960/2960 2959/2959/2959 2955/2955/2955 
f 2957/2957/2957 2961/2961/2961 2958/2958/2958 
f 2957/2957/2957 2959/2959/2959 2961/2961/2961 
f 2962/2962/2962 2958/2958/2958 2961/2961/2961 
f 2962/2962/2962 2961/2961/2961 2963/2963/2963 
f 2960/2960/2960 2964/2964/2964 2959/2959/2959 
f 2965/2965/2965 2966/2966/2966 2962/2962/2962 
f 2966/2966/2966 2965/2965/2965 2967/2967/2967 
f 2967/2967/2967 2968/2968/2968 2966/2966/2966 
f 2968/2968/2968 2967/2967/2967 2969/2969/2969 
f 2969/2969/2969 2970/2970/2970 2968/2968/2968 
f 2971/2971/2971 2961/2961/2961 2959/2959/2959 
f 2959/2959/2959 2964/2964/2964 2971/2971/2971 
f 2961/2961/2961 2971/2971/2971 2972/2972/2972 
f 2971/2971/2971 2973/2973/2973 2972/2972/2972 
f 2971/2971/2971 2964/2964/2964 2973/2973/2973 
f 2964/2964/2964 2974/2974/2974 2973/2973/2973 
f 2970/2970/2970 2969/2969/2969 2975/2975/2975 
f 2964/2964/2964 2976/2976/2976 2974/2974/2974 
f 2976/2976/2976 2975/2975/2975 2974/2974/2974 
f 2976/2976/2976 2964/2964/2964 2977/2977/2977 
f 2978/2978/2978 2970/2970/2970 2975/2975/2975 
f 2970/2970/2970 2978/2978/2978 2979/2979/2979 
f 2978/2978/2978 2899/2899/2899 2979/2979/2979 
f 2978/2978/2978 2902/2902/2902 2899/2899/2899 
f 2980/2980/2980 2978/2978/2978 2975/2975/2975 
f 2976/2976/2976 2980/2980/2980 2975/2975/2975 
f 2980/2980/2980 2902/2902/2902 2978/2978/2978 
f 2980/2980/2980 2976/2976/2976 2981/2981/2981 
f 2982/2982/2982 2902/2902/2902 2980/2980/2980 
f 2982/2982/2982 2980/2980/2980 2983/2983/2983 
f 2982/2982/2982 2984/2984/2984 2902/2902/2902 
f 2985/2985/2985 2984/2984/2984 2982/2982/2982 
f 2985/2985/2985 2982/2982/2982 2986/2986/2986 
f 2985/2985/2985 2987/2987/2987 2984/2984/2984 
f 2986/2986/2986 2881/2881/2881 2985/2985/2985 
f 2988/2988/2988 2987/2987/2987 2985/2985/2985 
f 2881/2881/2881 2988/2988/2988 2985/2985/2985 
f 2988/2988/2988 2989/2989/2989 2987/2987/2987 
f 2881/2881/2881 2885/2885/2885 2988/2988/2988 
f 2885/2885/2885 2989/2989/2989 2988/2988/2988 
f 2990/2990/2990 2991/2991/2991 2992/2992/2992 
f 2993/2993/2993 2991/2991/2991 2990/2990/2990 
f 2991/2991/2991 2993/2993/2993 2994/2994/2994 
f 2995/2995/2995 2991/2991/2991 2994/2994/2994 
f 2996/2996/2996 2993/2993/2993 2990/2990/2990 
f 2996/2996/2996 2990/2990/2990 2992/2992/2992 
f 2993/2993/2993 2996/2996/2996 2997/2997/2997 
f 2996/2996/2996 2998/2998/2998 2997/2997/2997 
f 2999/2999/2999 2991/2991/2991 2995/2995/2995 
f 2991/2991/2991 2999/2999/2999 2992/2992/2992 
f 3000/3000/3000 2999/2999/2999 2995/2995/2995 
f 2998/2998/2998 2996/2996/2996 3001/3001/3001 
f 3001/3001/3001 2996/2996/2996 2992/2992/2992 
f 2999/2999/2999 3000/3000/3000 3002/3002/3002 
f 2999/2999/2999 3002/3002/3002 2992/2992/2992 
f 3000/3000/3000 3003/3003/3003 3002/3002/3002 
f 3002/3002/3002 3003/3003/3003 2992/2992/2992 
f 3003/3003/3003 3000/3000/3000 3004/3004/3004 
f 3004/3004/3004 3005/3005/3005 3003/3003/3003 
f 3001/3001/3001 3006/3006/3006 2998/2998/2998 
f 3006/3006/3006 3001/3001/3001 2992/2992/2992 
f 3007/3007/3007 2998/2998/2998 3006/3006/3006 
f 3008/3008/3008 3003/3003/3003 3005/3005/3005 
f 3003/3003/3003 3008/3008/3008 2992/2992/2992 
f 3005/3005/3005 3009/3009/3009 3008/3008/3008 
f 3010/3010/3010 3008/3008/3008 3009/3009/3009 
f 3008/3008/3008 3010/3010/3010 2992/2992/2992 
f 3011/3011/3011 3010/3010/3010 3009/3009/3009 
f 3010/3010/3010 3011/3011/3011 2992/2992/2992 
f 3011/3011/3011 3009/3009/3009 3012/3012/3012 
f 3012/3012/3012 3013/3013/3013 3011/3011/3011 
f 3014/3014/3014 3011/3011/3011 3013/3013/3013 
f 3011/3011/3011 3014/3014/3014 2992/2992/2992 
f 3013/3013/3013 3015/3015/3015 3014/3014/3014 
f 3014/3014/3014 3015/3015/3015 2992/2992/2992 
f 3015/3015/3015 3013/3013/3013 3016/3016/3016 
f 3017/3017/3017 3015/3015/3015 3016/3016/3016 
f 3015/3015/3015 3017/3017/3017 3018/3018/3018 
f 3015/3015/3015 3018/3018/3018 2992/2992/2992 
f 3019/3019/3019 3018/3018/3018 3017/3017/3017 
f 3018/3018/3018 3019/3019/3019 2992/2992/2992 
f 3017/3017/3017 3020/3020/3020 3019/3019/3019 
f 3020/3020/3020 3021/3021/3021 3019/3019/3019 
f 3019/3019/3019 3021/3021/3021 2992/2992/2992 
f 3020/3020/3020 3022/3022/3022 3021/3021/3021 
f 3022/3022/3022 3023/3023/3023 3021/3021/3021 
f 3023/3023/3023 3024/3024/3024 3021/3021/3021 
f 3021/3021/3021 3024/3024/3024 2992/2992/2992 
f 3023/3023/3023 3025/3025/3025 3024/3024/3024 
f 3024/3024/3024 3025/3025/3025 2992/2992/2992 
f 3025/3025/3025 3023/3023/3023 3026/3026/3026 
f 3026/3026/3026 3027/3027/3027 3025/3025/3025 
f 3028/3028/3028 3025/3025/3025 3027/3027/3027 
f 3025/3025/3025 3028/3028/3028 2992/2992/2992 
f 3029/3029/3029 3028/3028/3028 3027/3027/3027 
f 3028/3028/3028 3029/3029/3029 2992/2992/2992 
f 3027/3027/3027 3030/3030/3030 3029/3029/3029 
f 3030/3030/3030 3031/3031/3031 3029/3029/3029 
f 3029/3029/3029 3031/3031/3031 2992/2992/2992 
f 3031/3031/3031 3030/3030/3030 3032/3032/3032 
f 3032/3032/3032 3033/3033/3033 3031/3031/3031 
f 3034/3034/3034 3031/3031/3031 3033/3033/3033 
f 3031/3031/3031 3034/3034/3034 2992/2992/2992 
f 3033/3033/3033 3035/3035/3035 3034/3034/3034 
f 3036/3036/3036 3034/3034/3034 3035/3035/3035 
f 3034/3034/3034 3036/3036/3036 2992/2992/2992 
f 3035/3035/3035 3037/3037/3037 3036/3036/3036 
f 3036/3036/3036 3037/3037/3037 2992/2992/2992 
f 3037/3037/3037 3035/3035/3035 3038/3038/3038 
f 3039/3039/3039 3037/3037/3037 3038/3038/3038 
f 3037/3037/3037 3039/3039/3039 3040/3040/3040 
f 3037/3037/3037 3040/3040/3040 2992/2992/2992 
f 3039/3039/3039 3041/3041/3041 3040/3040/3040 
f 3040/3040/3040 3041/3041/3041 2992/2992/2992 
f 3041/3041/3041 3039/3039/3039 3042/3042/3042 
f 3043/3043/3043 3041/3041/3041 3042/3042/3042 
f 3041/3041/3041 3043/3043/3043 2992/2992/2992 
f 3042/3042/3042 3044/3044/3044 3043/3043/3043 
f 3044/3044/3044 3045/3045/3045 3043/3043/3043 
f 3043/3043/3043 3045/3045/3045 3046/3046/3046 
f 3043/3043/3043 3046/3046/3046 2992/2992/2992 
f 3045/3045/3045 3047/3047/3047 3046/3046/3046 
f 3046/3046/3046 3047/3047/3047 2992/2992/2992 
f 3047/3047/3047 3045/3045/3045 3048/3048/3048 
f 3048/3048/3048 3049/3049/3049 3047/3047/3047 
f 3047/3047/3047 3049/3049/3049 2992/2992/2992 
f 3049/3049/3049 3048/3048/3048 3050/3050/3050 
f 3051/3051/3051 3049/3049/3049 3050/3050/3050 
f 3049/3049/3049 3051/3051/3051 2992/2992/2992 
f 3051/3051/3051 3050/3050/3050 3052/3052/3052 
f 3053/3053/3053 3051/3051/3051 3052/3052/3052 
f 3051/3051/3051 3054/3054/3054 2992/2992/2992 
f 3051/3051/3051 3053/3053/3053 3054/3054/3054 
f 3054/3054/3054 3006/3006/3006 2992/2992/2992 
f 3053/3053/3053 3007/3007/3007 3054/3054/3054 
f 3006/3006/3006 3054/3054/3054 3007/3007/3007 
f 3055/3055/3055 3056/3056/3056 3057/3057/3057 
f 3056/3056/3056 3058/3058/3058 3057/3057/3057 
f 3058/3058/3058 3056/3056/3056 3059/3059/3059 
f 3058/3058/3058 3059/3059/3059 3060/3060/3060 
f 3056/3056/3056 3055/3055/3055 3061/3061/3061 
f 3061/3061/3061 3055/3055/3055 3062/3062/3062 
f 3063/3063/3063 3062/3062/3062 3055/3055/3055 
f 3064/3064/3064 3062/3062/3062 3063/3063/3063 
f 3062/3062/3062 3064/3064/3064 3065/3065/3065 
f 3065/3065/3065 3064/3064/3064 3066/3066/3066 
f 3067/3067/3067 3068/3068/3068 3069/3069/3069 
f 3068/3068/3068 3067/3067/3067 3070/3070/3070 
f 3069/3069/3069 3071/3071/3071 3067/3067/3067 
f 3072/3072/3072 3068/3068/3068 3070/3070/3070 
f 3071/3071/3071 3069/3069/3069 3073/3073/3073 
f 3072/3072/3072 3070/3070/3070 3074/3074/3074 
f 3075/3075/3075 3071/3071/3071 3073/3073/3073 
f 3074/3074/3074 3076/3076/3076 3072/3072/3072 
f 3071/3071/3071 3075/3075/3075 3077/3077/3077 
f 3076/3076/3076 3074/3074/3074 3078/3078/3078 
f 3075/3075/3075 3079/3079/3079 3077/3077/3077 
f 3078/3078/3078 3080/3080/3080 3076/3076/3076 
f 3081/3081/3081 3077/3077/3077 3079/3079/3079 
f 3080/3080/3080 3078/3078/3078 3082/3082/3082 
f 3083/3083/3083 3081/3081/3081 3079/3079/3079 
f 3084/3084/3084 3080/3080/3080 3082/3082/3082 
f 3081/3081/3081 3083/3083/3083 3085/3085/3085 
f 3084/3084/3084 3082/3082/3082 3086/3086/3086 
f 3087/3087/3087 3085/3085/3085 3083/3083/3083 
f 3088/3088/3088 3084/3084/3084 3086/3086/3086 
f 3085/3085/3085 3087/3087/3087 3089/3089/3089 
f 3084/3084/3084 3088/3088/3088 3090/3090/3090 
f 3090/3090/3090 3089/3089/3089 3087/3087/3087 
f 3089/3089/3089 3090/3090/3090 3088/3088/3088 
f 3091/3091/3091 3092/3092/3092 3093/3093/3093 
f 3094/3094/3094 3091/3091/3091 3093/3093/3093 
f 3092/3092/3092 3091/3091/3091 3095/3095/3095 
f 3091/3091/3091 3094/3094/3094 3096/3096/3096 
f 3097/3097/3097 3092/3092/3092 3095/3095/3095 
f 3094/3094/3094 3098/3098/3098 3096/3096/3096 
f 3099/3099/3099 3092/3092/3092 3097/3097/3097 
f 3098/3098/3098 3094/3094/3094 3100/3100/3100 
f 3101/3101/3101 3099/3099/3099 3097/3097/3097 
f 3100/3100/3100 3102/3102/3102 3098/3098/3098 
f 3103/3103/3103 3099/3099/3099 3101/3101/3101 
f 3102/3102/3102 3100/3100/3100 3104/3104/3104 
f 3105/3105/3105 3103/3103/3103 3101/3101/3101 
f 3106/3106/3106 3102/3102/3102 3104/3104/3104 
f 3101/3101/3101 3107/3107/3107 3105/3105/3105 
f 3102/3102/3102 3106/3106/3106 3108/3108/3108 
f 3109/3109/3109 3105/3105/3105 3107/3107/3107 
f 3110/3110/3110 3108/3108/3108 3106/3106/3106 
f 3107/3107/3107 3111/3111/3111 3109/3109/3109 
f 3108/3108/3108 3110/3110/3110 3112/3112/3112 
f 3111/3111/3111 3113/3113/3113 3109/3109/3109 
f 3113/3113/3113 3112/3112/3112 3110/3110/3110 
f 3111/3111/3111 3114/3114/3114 3113/3113/3113 
f 3112/3112/3112 3113/3113/3113 3114/3114/3114 

