# Blender 4.2.7 LTS
# www.blender.org
mtllib policeboat.mtl
o Cube.020
v 4.409140 3.007295 4.165823
v 4.409140 6.043611 4.165823
v 4.409140 3.007295 -4.165823
v 4.409140 6.043611 -4.165823
v 4.409140 3.310192 4.165823
v 4.409140 3.310192 -4.165823
v -1.960168 3.007295 -4.165823
v -1.960168 3.007295 4.165823
v -1.960168 3.310192 -4.165823
v -1.960168 3.310192 4.165823
v -4.560409 3.007295 -4.165823
v -4.560409 3.007295 4.165823
v -4.602259 3.310192 -4.165823
v -4.602259 3.310192 4.165823
v -1.960168 6.043611 4.165823
v -1.960168 6.043611 -4.165823
v -4.782176 6.043611 4.165823
v -4.782176 6.043611 -4.165823
v -6.229275 3.007295 -3.831301
v -6.229275 3.007295 3.831301
v -6.305661 3.310192 -3.831301
v -6.305661 3.310192 3.831301
v -6.391860 6.043611 3.831301
v -6.391860 6.043611 -3.831301
v -7.564462 3.007295 -3.281160
v -7.564462 3.007295 3.281160
v -7.670850 3.310192 -3.281160
v -7.670850 3.310192 3.281160
v -7.670850 6.043611 3.281160
v -7.670850 6.043611 -3.281160
v -9.181895 3.007295 -2.208794
v -9.181895 3.007295 2.208794
v -9.196385 3.310192 -2.208794
v -9.196385 3.310192 2.208794
v -9.196385 6.043611 2.208794
v -9.196385 6.043611 -2.208794
v -10.310623 3.007295 -0.839476
v -10.310623 3.007295 0.839476
v -10.329687 3.310192 -0.839476
v -10.329687 3.310192 0.839476
v -10.329687 6.043611 0.839476
v -10.329687 6.043611 -0.839476
v -10.543332 3.007295 -0.218523
v -10.543332 3.007295 0.218523
v -10.563796 3.310192 -0.218523
v -10.563796 3.310192 0.218523
v -10.563796 6.043611 0.218523
v -10.563796 6.043611 -0.218523
v 4.409140 6.043611 -4.021373
v 2.995465 10.183916 -4.021373
v 4.409140 6.043611 -4.165823
v 2.995465 10.183916 -4.165823
v 4.815293 6.043611 -4.021373
v 3.401618 10.183916 -4.021373
v 4.815293 6.043611 -4.165823
v 3.401618 10.183916 -4.165823
v 3.401618 10.183916 -4.165823
v 4.815293 6.043611 -4.165823
v 3.522876 10.183916 -4.165823
v 4.936550 6.043611 -4.165823
v 3.401618 10.183916 -3.537538
v 4.815293 6.043611 -3.537538
v 3.522876 10.183916 -3.537538
v 4.936550 6.043611 -3.537538
v 4.815293 6.043611 3.537538
v 3.401618 10.183916 3.537538
v 4.936551 6.043611 3.537538
v 3.522876 10.183916 3.537538
v 4.815293 6.043611 4.021373
v 3.401618 10.183916 4.021373
v 4.936551 6.043611 4.021373
v 3.522876 10.183916 4.021373
v 3.522876 10.183916 4.021373
v 4.936551 6.043611 4.021373
v 3.522876 10.183916 4.165823
v 4.936551 6.043611 4.165823
v 2.995466 10.183916 4.021373
v 4.409140 6.043611 4.021373
v 2.995466 10.183916 4.165823
v 4.409140 6.043611 4.165823
v -1.960168 6.043611 3.985261
v -0.546493 10.183916 3.985261
v -1.960168 6.043611 4.129710
v -0.546493 10.183916 4.129710
v -2.366321 6.043611 3.985261
v -0.952647 10.183916 3.985261
v -2.366321 6.043611 4.129710
v -0.952647 10.183916 4.129710
v -0.952647 10.183916 4.129710
v -2.366321 6.043611 4.129710
v -1.073905 10.183916 4.129710
v -2.487578 6.043611 4.129710
v -0.952647 10.183916 3.501425
v -2.366321 6.043611 3.501425
v -1.073905 10.183916 3.501425
v -2.487579 6.043611 3.501425
v -2.366322 6.043611 -3.573651
v -0.952647 10.183916 -3.573651
v -2.487580 6.043611 -3.573651
v -1.073905 10.183916 -3.573651
v -2.366322 6.043611 -4.057486
v -0.952647 10.183916 -4.057486
v -2.487580 6.043611 -4.057486
v -1.073905 10.183916 -4.057486
v -1.073905 10.183916 -4.057486
v -2.487580 6.043611 -4.057486
v -1.073905 10.183916 -4.201936
v -2.487580 6.043611 -4.201936
v -0.546495 10.183916 -4.057486
v -1.960168 6.043611 -4.057486
v -0.546495 10.183916 -4.201936
v -1.960168 6.043611 -4.201936
v -1.073905 10.183916 4.165823
v -1.073905 10.351271 4.165823
v -1.073905 10.183916 -4.201936
v -1.073905 10.351271 -4.201936
v 3.522876 10.183916 4.165823
v 3.522876 10.351271 4.165823
v 3.522876 10.183916 -4.201936
v 3.522876 10.351271 -4.201936
v 3.873630 2.267195 -3.871677
v 3.873630 2.267195 3.871677
v -2.045946 2.267195 -3.871677
v -2.045946 2.267195 3.871677
v -4.391909 2.267195 -3.871677
v -4.391909 2.267195 3.871677
v -5.900145 2.267195 -3.560775
v -5.900144 2.267195 3.560775
v -7.169007 2.267195 -3.049480
v -7.169006 2.267195 3.049480
v -8.722663 2.267195 -2.052833
v -8.722663 2.267195 2.052833
v -9.755355 2.267195 -0.780202
v -9.755355 2.267195 0.780201
v -9.996541 2.267195 -0.203094
v -9.996541 2.267195 0.203093
v 2.506334 1.604999 -2.778311
v 2.506334 1.604999 2.778311
v -1.741547 1.604999 -2.778311
v -1.741547 1.604999 2.778311
v -3.349070 1.604999 -2.778311
v -3.349070 1.604999 2.778311
v -4.266503 1.604999 -2.555208
v -4.266503 1.604999 2.555208
v -5.066717 1.604999 -2.188303
v -5.066716 1.604999 2.188303
v -6.064177 1.604999 -1.473110
v -6.064177 1.604999 1.473110
v -6.768810 1.604999 -0.559872
v -6.768810 1.604999 0.559872
v -6.959354 1.604999 -0.145740
v -6.959354 1.604999 0.145739
v 1.409506 1.137567 -1.533964
v 1.409506 1.137567 1.533964
v -0.935839 1.137567 -1.533964
v -0.935839 1.137567 1.533964
v -1.821232 1.137567 -1.533964
v -1.821232 1.137567 1.533964
v -2.236261 1.137567 -1.410784
v -2.236261 1.137567 1.410784
v -2.533698 1.137567 -1.208208
v -2.533698 1.137567 1.208208
v -2.858804 1.137567 -0.813336
v -2.858804 1.137567 0.813335
v -3.076055 1.137567 -0.309117
v -3.076055 1.137567 0.309117
v -3.142168 1.137567 -0.080466
v -3.142168 1.137567 0.080466
v -1.960168 4.738371 3.488225
v -1.960168 6.043611 3.488225
v -1.960168 4.738371 -3.379889
v -1.960168 6.043611 -3.379889
v -1.200858 5.085855 0.964736
v -1.497532 5.778826 0.964736
v -1.257554 5.227159 -0.570364
v -1.446926 5.632607 -0.569964
v -1.960168 4.567804 -3.379889
v -1.960168 4.567804 3.488225
v -1.609496 4.567804 -3.379889
v -1.609496 4.567804 3.488225
v -1.960168 4.418585 -3.379889
v -1.960168 4.418585 3.488225
v -1.784384 4.418585 -3.379889
v -1.784384 4.418585 3.488225
v -1.960168 4.271319 -3.379889
v -1.960168 4.271319 3.488225
v -1.878135 4.271319 -3.379889
v -1.878135 4.271319 3.488225
v -1.960168 4.135690 -3.379889
v -1.960168 4.135690 3.488225
v -1.913262 4.135690 -3.379889
v -1.913262 4.135690 3.488225
v -1.960168 4.021757 -3.379889
v -1.960168 4.021757 3.488225
v -1.936752 4.021757 -3.379889
v -1.936752 4.021757 3.488225
v -1.552514 5.866636 -3.195378
v -1.237587 4.920672 -3.195103
v -1.173524 4.738371 3.488225
v -1.622514 6.043611 3.488225
v -1.395185 5.726179 -0.289631
v -1.168312 5.196252 -0.289631
v -1.168312 5.196252 0.868849
v -1.395185 5.726179 0.868849
v -1.430086 5.807701 -0.385518
v -1.133411 5.114731 -0.385518
v -1.133411 5.114731 0.964736
v -1.430086 5.807701 0.964736
v -1.438487 5.707641 -0.289631
v -1.211615 5.177713 -0.289631
v -1.211615 5.177713 0.868849
v -1.438487 5.707641 0.868849
v -1.622514 6.043611 -3.379889
v -1.173524 4.738371 -3.379889
v -1.497532 5.778826 -0.385518
v -1.200858 5.085855 -0.385518
v -1.437925 5.808047 -3.105727
v -1.189899 5.041371 -3.105316
v -1.342015 5.589366 -0.664434
v -1.206189 5.327399 -0.665034
v -1.472857 5.896362 -3.197804
v -1.157929 4.950397 -3.197529
v -1.367269 5.662333 -0.572390
v -1.177896 5.256885 -0.572790
v -1.490186 5.788545 -3.104136
v -1.242160 5.021869 -3.103724
v -1.394276 5.569864 -0.662842
v -1.258451 5.307897 -0.663442
v -1.351350 5.503127 0.475403
v -1.330466 5.512310 0.475403
v -1.314158 5.418547 0.520994
v -1.293274 5.427731 0.520994
v -1.298753 5.383513 0.631061
v -1.277869 5.392696 0.631061
v -1.314158 5.418547 0.741129
v -1.293274 5.427731 0.741129
v -1.351350 5.503127 0.786720
v -1.330466 5.512310 0.786720
v -1.388542 5.587706 0.741129
v -1.367658 5.596889 0.741129
v -1.403947 5.622740 0.631061
v -1.383063 5.631923 0.631061
v -1.388542 5.587706 0.520994
v -1.367658 5.596889 0.520994
v -1.351350 5.503127 -0.198141
v -1.330466 5.512310 -0.198141
v -1.314158 5.418547 -0.152549
v -1.293274 5.427731 -0.152549
v -1.298753 5.383513 -0.042482
v -1.277869 5.392696 -0.042482
v -1.314158 5.418547 0.067585
v -1.293274 5.427731 0.067585
v -1.351350 5.503127 0.113176
v -1.330466 5.512310 0.113176
v -1.388542 5.587706 0.067585
v -1.367658 5.596889 0.067585
v -1.403947 5.622740 -0.042482
v -1.383063 5.631923 -0.042482
v -1.388542 5.587706 -0.152549
v -1.367658 5.596889 -0.152549
v -1.270330 5.309098 0.379922
v -1.162549 5.372533 0.417552
v -1.250039 5.262952 0.404796
v -1.151248 5.346835 0.431404
v -1.241634 5.243839 0.464846
v -1.146568 5.336190 0.464846
v -1.250039 5.262952 0.524897
v -1.151248 5.346835 0.498289
v -1.270330 5.309098 0.549771
v -1.162549 5.372533 0.512141
v -1.290621 5.355242 0.524897
v -1.173849 5.398232 0.498289
v -1.299026 5.374357 0.464846
v -1.178530 5.408876 0.464846
v -1.290621 5.355242 0.404796
v -1.173849 5.398232 0.431404
v -1.270330 5.309098 0.161837
v -1.162549 5.372533 0.199467
v -1.250039 5.262952 0.186711
v -1.151248 5.346835 0.213319
v -1.241634 5.243839 0.246762
v -1.146568 5.336190 0.246762
v -1.250039 5.262952 0.306813
v -1.151248 5.346835 0.280204
v -1.270330 5.309098 0.331686
v -1.162549 5.372533 0.294057
v -1.290621 5.355242 0.306813
v -1.173849 5.398232 0.280204
v -1.299026 5.374357 0.246762
v -1.178530 5.408876 0.246762
v -1.290621 5.355242 0.186711
v -1.173849 5.398232 0.213319
v -1.270330 5.309098 -0.031488
v -1.162549 5.372533 0.006141
v -1.250039 5.262952 -0.006615
v -1.151248 5.346835 0.019994
v -1.241634 5.243839 0.053436
v -1.146568 5.336190 0.053436
v -1.250039 5.262952 0.113487
v -1.151248 5.346835 0.086879
v -1.270330 5.309098 0.138361
v -1.162549 5.372533 0.100731
v -1.290621 5.355242 0.113487
v -1.173849 5.398232 0.086879
v -1.299026 5.374357 0.053436
v -1.178530 5.408876 0.053436
v -1.290621 5.355242 -0.006615
v -1.173849 5.398232 0.019994
v 8.902975 3.007295 4.165823
v 9.327887 3.007295 3.814426
v 9.205631 3.007295 4.062902
v 8.916699 6.043611 4.165823
v 9.327887 6.043611 3.816089
v 9.208776 6.043611 4.063388
v 9.327887 3.007295 -3.814426
v 8.902975 3.007295 -4.165823
v 9.205631 3.007295 -4.062902
v 9.327887 6.043611 -3.816089
v 8.916699 6.043611 -4.165823
v 9.208776 6.043611 -4.063388
v 8.912112 3.310192 -4.165823
v 9.327887 3.310192 -3.815681
v 9.208005 3.310192 -4.063269
v 9.327887 3.310192 3.815681
v 8.912112 3.310192 4.165823
v 9.208005 3.310192 4.063269
v 8.191094 2.267195 -3.518363
v 7.663136 2.267195 -3.871677
v 8.052326 2.267195 -3.768194
v 7.663135 2.267195 3.871677
v 8.191094 2.267195 3.518363
v 8.052326 2.267195 3.768194
v 4.909864 1.604999 -2.423155
v 4.506482 1.604999 -2.778311
v 4.791716 1.604999 -2.674288
v 4.506482 1.604999 2.778311
v 4.909864 1.604999 2.423155
v 4.791716 1.604999 2.674288
v 2.324820 1.137567 -1.533964
v 2.736546 1.137567 -1.178027
v 2.615954 1.137567 -1.429712
v 2.736546 1.137567 1.178026
v 2.324820 1.137567 1.533964
v 2.615954 1.137567 1.429712
v -1.355507 5.432639 -1.310812
v -1.346007 5.436816 -1.310812
v -1.338589 5.394165 -1.290073
v -1.329089 5.398342 -1.290073
v -1.331581 5.378229 -1.240005
v -1.322081 5.382406 -1.240005
v -1.338589 5.394165 -1.189937
v -1.329089 5.398342 -1.189937
v -1.355507 5.432639 -1.169198
v -1.346007 5.436816 -1.169198
v -1.372425 5.471112 -1.189937
v -1.362925 5.475290 -1.189937
v -1.379433 5.487049 -1.240005
v -1.369932 5.491226 -1.240005
v -1.372425 5.471112 -1.290073
v -1.362925 5.475290 -1.290073
v -1.355507 5.432639 -1.696828
v -1.346007 5.436816 -1.696828
v -1.338589 5.394165 -1.676090
v -1.329089 5.398342 -1.676090
v -1.331581 5.378229 -1.626022
v -1.322081 5.382406 -1.626022
v -1.338589 5.394165 -1.575954
v -1.329089 5.398342 -1.575954
v -1.355507 5.432639 -1.555215
v -1.346007 5.436816 -1.555215
v -1.372425 5.471112 -1.575954
v -1.362925 5.475290 -1.575954
v -1.379433 5.487049 -1.626022
v -1.369932 5.491226 -1.626022
v -1.372425 5.471112 -1.676090
v -1.362925 5.475290 -1.676090
v -1.355507 5.432639 -2.099689
v -1.346007 5.436816 -2.099689
v -1.338589 5.394165 -2.078950
v -1.329089 5.398342 -2.078950
v -1.331581 5.378229 -2.028883
v -1.322081 5.382406 -2.028883
v -1.338589 5.394165 -1.978815
v -1.329089 5.398342 -1.978815
v -1.355507 5.432639 -1.958076
v -1.346007 5.436816 -1.958076
v -1.372425 5.471112 -1.978815
v -1.362925 5.475290 -1.978815
v -1.379433 5.487049 -2.028883
v -1.369932 5.491226 -2.028883
v -1.372425 5.471112 -2.078950
v -1.362925 5.475290 -2.078950
v -1.355507 5.432639 -2.492113
v -1.346007 5.436816 -2.492113
v -1.338589 5.394165 -2.471375
v -1.329089 5.398342 -2.471375
v -1.331581 5.378229 -2.421307
v -1.322081 5.382406 -2.421307
v -1.338589 5.394165 -2.371239
v -1.329089 5.398342 -2.371239
v -1.355507 5.432639 -2.350500
v -1.346007 5.436816 -2.350500
v -1.372425 5.471112 -2.371239
v -1.362925 5.475290 -2.371239
v -1.379433 5.487049 -2.421307
v -1.369932 5.491226 -2.421307
v -1.372425 5.471112 -2.471375
v -1.362925 5.475290 -2.471375
v -7.154989 1.778215 -0.702987
v -7.154989 1.267299 -0.702987
v -7.154989 1.778215 -0.436215
v -7.154989 1.267299 -0.436215
v -6.733831 1.267299 -0.436215
v -6.733831 1.778215 -0.436215
v -6.733831 1.267299 -0.702987
v -6.733831 1.778215 -0.702987
v -7.154989 0.915641 -0.507664
v -7.154989 1.075409 -0.320733
v -6.733831 0.915641 -0.507664
v -6.733831 1.075409 -0.320733
v -7.154989 0.734575 -0.500955
v -7.154989 0.734575 -0.234575
v -6.733831 0.734575 -0.500955
v -6.733831 0.734575 -0.234575
v -7.154989 0.310245 -0.500955
v -7.154989 0.310245 -0.234575
v -6.733831 0.310245 -0.500955
v -6.733831 0.310245 -0.234575
v -7.154989 1.778215 0.702986
v -7.154989 1.267299 0.702986
v -7.154989 1.778215 0.436215
v -7.154989 1.267299 0.436215
v -6.733831 1.267299 0.436215
v -6.733831 1.778215 0.436215
v -6.733831 1.267299 0.702986
v -6.733831 1.778215 0.702986
v -7.154989 0.915641 0.507664
v -7.154989 1.075409 0.320733
v -6.733831 0.915641 0.507664
v -6.733831 1.075409 0.320733
v -7.154989 0.734575 0.500955
v -7.154989 0.734575 0.234575
v -6.733831 0.734575 0.500955
v -6.733831 0.734575 0.234575
v -7.154989 0.310245 0.500955
v -7.154989 0.310245 0.234575
v -6.733831 0.310245 0.500955
v -6.733831 0.310245 0.234575
v -6.934698 0.733863 -0.236451
v -6.934698 0.733863 0.236452
v -6.848544 0.716726 -0.236451
v -6.848544 0.716726 0.236452
v -6.784373 0.673848 -0.236451
v -6.784373 0.673848 0.236452
v -6.751331 0.624397 -0.236451
v -6.751331 0.624397 0.236452
v -6.742608 0.580545 -0.236451
v -6.742608 0.580545 0.236452
v -6.751331 0.536693 -0.236451
v -6.751331 0.536692 0.236452
v -6.784373 0.487242 -0.236451
v -6.784373 0.487242 0.236452
v -6.848544 0.444364 -0.236451
v -6.848543 0.444365 0.236452
v -6.934698 0.427227 -0.236451
v -6.934698 0.427227 0.236452
v -7.020853 0.444365 -0.236451
v -7.020853 0.444365 0.236452
v -7.085024 0.487242 -0.236451
v -7.085024 0.487242 0.236452
v -7.118064 0.536693 -0.236451
v -7.118064 0.536692 0.236452
v -7.126788 0.580545 -0.236451
v -7.126788 0.580545 0.236452
v -7.118064 0.624397 -0.236451
v -7.118064 0.624397 0.236452
v -7.085024 0.673848 -0.236451
v -7.085024 0.673848 0.236452
v -7.020853 0.716726 -0.236451
v -7.020853 0.716726 0.236452
v -6.934698 1.417377 -0.236451
v -6.614455 1.353678 -0.236451
v -6.614455 1.353678 0.236452
v -6.934698 1.417377 0.236452
v -6.342968 1.172275 -0.236451
v -6.342968 1.172275 0.236452
v -6.161565 0.900787 -0.236451
v -6.161565 0.900787 0.236452
v -6.097866 0.580545 -0.236451
v -6.097866 0.580545 0.236452
v -6.161565 0.260303 -0.236451
v -6.161565 0.260303 0.236452
v -6.342968 -0.011185 -0.236452
v -6.342968 -0.011185 0.236452
v -6.614455 -0.192587 -0.236451
v -6.614455 -0.192587 0.236452
v -6.934698 -0.256288 -0.236452
v -6.934698 -0.256288 0.236452
v -7.254940 -0.192587 -0.236451
v -7.254940 -0.192587 0.236452
v -7.526428 -0.011185 -0.236452
v -7.526428 -0.011185 0.236452
v -7.707831 0.260303 -0.236451
v -7.707831 0.260303 0.236452
v -7.771531 0.580545 -0.236451
v -7.771531 0.580545 0.236452
v -7.707831 0.900787 -0.236451
v -7.707831 0.900787 0.236452
v -7.526428 1.172275 -0.236451
v -7.526428 1.172275 0.236452
v -7.254940 1.353678 -0.236451
v -7.254940 1.353678 0.236452
v -6.934698 0.733863 -0.630013
v -6.848544 0.716726 -0.630013
v -6.848544 0.716726 0.630014
v -6.934698 0.733863 0.630014
v -6.784373 0.673848 -0.630013
v -6.784373 0.673848 0.630014
v -6.751331 0.624397 -0.630013
v -6.751331 0.624397 0.630014
v -6.742608 0.580545 -0.630013
v -6.742608 0.580545 0.630014
v -6.751331 0.536693 -0.630013
v -6.751331 0.536692 0.630014
v -6.784373 0.487242 -0.630013
v -6.784373 0.487242 0.630014
v -6.848544 0.444364 -0.630013
v -6.848543 0.444365 0.630014
v -6.934698 0.427227 -0.630013
v -6.934698 0.427227 0.630014
v -7.020853 0.444365 -0.630013
v -7.020853 0.444365 0.630014
v -7.085024 0.487242 -0.630013
v -7.085024 0.487242 0.630014
v -7.118064 0.536693 -0.630013
v -7.118064 0.536692 0.630014
v -7.126788 0.580545 -0.630013
v -7.126788 0.580545 0.630014
v -7.118064 0.624397 -0.630013
v -7.118064 0.624397 0.630014
v -7.085024 0.673848 -0.630013
v -7.085024 0.673848 0.630014
v -7.020853 0.716726 -0.630013
v -7.020853 0.716726 0.630014
v 5.730459 1.975718 -2.636441
v 5.730459 1.267299 -2.636441
v 5.730459 1.975718 -2.369670
v 5.730459 1.267299 -2.369670
v 6.151617 1.267299 -2.369670
v 6.151617 1.975718 -2.369670
v 6.151617 1.267299 -2.636441
v 6.151617 1.975718 -2.636441
v 5.730459 0.915641 -2.441118
v 5.730459 1.075409 -2.254188
v 6.151617 0.915641 -2.441118
v 6.151617 1.075409 -2.254188
v 5.730459 0.734575 -2.434409
v 5.730459 0.734575 -2.168030
v 6.151617 0.734575 -2.434409
v 6.151617 0.734575 -2.168030
v 5.730459 0.310245 -2.434409
v 5.730459 0.310245 -2.168030
v 6.151617 0.310245 -2.434409
v 6.151617 0.310245 -2.168030
v 5.730459 1.975718 -1.230468
v 5.730459 1.267299 -1.230468
v 5.730459 1.975718 -1.497239
v 5.730459 1.267299 -1.497239
v 6.151617 1.267299 -1.497239
v 6.151617 1.975718 -1.497239
v 6.151617 1.267299 -1.230468
v 6.151617 1.975718 -1.230468
v 5.730459 0.915641 -1.425791
v 5.730459 1.075409 -1.612721
v 6.151617 0.915641 -1.425791
v 6.151617 1.075409 -1.612721
v 5.730459 0.734575 -1.432499
v 5.730459 0.734575 -1.698879
v 6.151617 0.734575 -1.432499
v 6.151617 0.734575 -1.698879
v 5.730459 0.310245 -1.432499
v 5.730459 0.310245 -1.698879
v 6.151617 0.310245 -1.432499
v 6.151617 0.310245 -1.698879
v 5.950750 0.733863 -2.169906
v 5.950750 0.733863 -1.697003
v 6.036903 0.716726 -2.169906
v 6.036903 0.716726 -1.697003
v 6.101075 0.673848 -2.169906
v 6.101075 0.673848 -1.697003
v 6.134117 0.624397 -2.169906
v 6.134117 0.624397 -1.697003
v 6.142839 0.580545 -2.169906
v 6.142839 0.580545 -1.697003
v 6.134117 0.536693 -2.169906
v 6.134117 0.536692 -1.697003
v 6.101075 0.487242 -2.169906
v 6.101075 0.487242 -1.697003
v 6.036903 0.444364 -2.169906
v 6.036904 0.444365 -1.697003
v 5.950750 0.427227 -2.169906
v 5.950750 0.427227 -1.697003
v 5.864595 0.444365 -2.169906
v 5.864595 0.444365 -1.697003
v 5.800424 0.487242 -2.169906
v 5.800424 0.487242 -1.697003
v 5.767383 0.536693 -2.169906
v 5.767383 0.536692 -1.697003
v 5.758659 0.580545 -2.169906
v 5.758659 0.580545 -1.697003
v 5.767383 0.624397 -2.169906
v 5.767383 0.624397 -1.697003
v 5.800424 0.673848 -2.169906
v 5.800424 0.673848 -1.697003
v 5.864595 0.716726 -2.169906
v 5.864595 0.716726 -1.697003
v 5.950750 1.417377 -2.169906
v 6.270991 1.353678 -2.169906
v 6.270991 1.353678 -1.697002
v 5.950750 1.417377 -1.697003
v 6.542480 1.172275 -2.169906
v 6.542480 1.172275 -1.697003
v 6.723882 0.900787 -2.169906
v 6.723882 0.900787 -1.697003
v 6.787582 0.580545 -2.169906
v 6.787582 0.580545 -1.697003
v 6.723882 0.260303 -2.169906
v 6.723882 0.260303 -1.697003
v 6.542480 -0.011185 -2.169906
v 6.542480 -0.011185 -1.697003
v 6.270991 -0.192587 -2.169906
v 6.270991 -0.192587 -1.697003
v 5.950750 -0.256288 -2.169906
v 5.950750 -0.256288 -1.697003
v 5.630507 -0.192587 -2.169906
v 5.630507 -0.192587 -1.697003
v 5.359020 -0.011185 -2.169906
v 5.359020 -0.011185 -1.697003
v 5.177617 0.260303 -2.169906
v 5.177617 0.260303 -1.697003
v 5.113917 0.580545 -2.169906
v 5.113917 0.580545 -1.697003
v 5.177617 0.900787 -2.169906
v 5.177617 0.900787 -1.697003
v 5.359020 1.172275 -2.169906
v 5.359020 1.172275 -1.697003
v 5.630507 1.353678 -2.169906
v 5.630507 1.353678 -1.697002
v 5.950750 0.733863 -2.563468
v 6.036903 0.716726 -2.563468
v 6.036903 0.716726 -1.303441
v 5.950750 0.733863 -1.303441
v 6.101075 0.673848 -2.563468
v 6.101075 0.673848 -1.303441
v 6.134117 0.624397 -2.563468
v 6.134117 0.624397 -1.303441
v 6.142839 0.580545 -2.563468
v 6.142839 0.580545 -1.303441
v 6.134117 0.536693 -2.563468
v 6.134117 0.536692 -1.303441
v 6.101075 0.487242 -2.563468
v 6.101075 0.487242 -1.303441
v 6.036903 0.444364 -2.563468
v 6.036904 0.444365 -1.303441
v 5.950750 0.427227 -2.563468
v 5.950750 0.427227 -1.303441
v 5.864595 0.444365 -2.563468
v 5.864595 0.444365 -1.303441
v 5.800424 0.487242 -2.563468
v 5.800424 0.487242 -1.303441
v 5.767383 0.536693 -2.563468
v 5.767383 0.536692 -1.303441
v 5.758659 0.580545 -2.563468
v 5.758659 0.580545 -1.303441
v 5.767383 0.624397 -2.563468
v 5.767383 0.624397 -1.303441
v 5.800424 0.673848 -2.563468
v 5.800424 0.673848 -1.303441
v 5.864595 0.716726 -2.563468
v 5.864595 0.716726 -1.303441
v 5.730459 1.975718 2.636441
v 5.730459 1.267299 2.636441
v 5.730459 1.975718 2.369670
v 5.730459 1.267299 2.369670
v 6.151617 1.267299 2.369670
v 6.151617 1.975718 2.369670
v 6.151617 1.267299 2.636441
v 6.151617 1.975718 2.636441
v 5.730459 0.915641 2.441118
v 5.730459 1.075409 2.254188
v 6.151617 0.915641 2.441118
v 6.151617 1.075409 2.254188
v 5.730459 0.734575 2.434409
v 5.730459 0.734575 2.168030
v 6.151617 0.734575 2.434409
v 6.151617 0.734575 2.168030
v 5.730459 0.310245 2.434409
v 5.730459 0.310245 2.168030
v 6.151617 0.310245 2.434409
v 6.151617 0.310245 2.168030
v 5.730459 1.975718 1.230468
v 5.730459 1.267299 1.230468
v 5.730459 1.975718 1.497239
v 5.730459 1.267299 1.497239
v 6.151617 1.267299 1.497239
v 6.151617 1.975718 1.497239
v 6.151617 1.267299 1.230468
v 6.151617 1.975718 1.230468
v 5.730459 0.915641 1.425791
v 5.730459 1.075409 1.612721
v 6.151617 0.915641 1.425791
v 6.151617 1.075409 1.612721
v 5.730459 0.734575 1.432499
v 5.730459 0.734575 1.698879
v 6.151617 0.734575 1.432499
v 6.151617 0.734575 1.698879
v 5.730459 0.310245 1.432499
v 5.730459 0.310245 1.698879
v 6.151617 0.310245 1.432499
v 6.151617 0.310245 1.698879
v 5.950750 0.733863 2.169906
v 5.950750 0.733863 1.697003
v 6.036903 0.716726 2.169906
v 6.036903 0.716726 1.697003
v 6.101075 0.673848 2.169906
v 6.101075 0.673848 1.697003
v 6.134117 0.624397 2.169906
v 6.134117 0.624397 1.697003
v 6.142839 0.580545 2.169906
v 6.142839 0.580545 1.697003
v 6.134117 0.536693 2.169906
v 6.134117 0.536692 1.697003
v 6.101075 0.487242 2.169906
v 6.101075 0.487242 1.697003
v 6.036903 0.444364 2.169906
v 6.036904 0.444365 1.697003
v 5.950750 0.427227 2.169906
v 5.950750 0.427227 1.697003
v 5.864595 0.444365 2.169906
v 5.864595 0.444365 1.697003
v 5.800424 0.487242 2.169906
v 5.800424 0.487242 1.697003
v 5.767383 0.536693 2.169906
v 5.767383 0.536692 1.697003
v 5.758659 0.580545 2.169906
v 5.758659 0.580545 1.697003
v 5.767383 0.624397 2.169906
v 5.767383 0.624397 1.697003
v 5.800424 0.673848 2.169906
v 5.800424 0.673848 1.697003
v 5.864595 0.716726 2.169906
v 5.864595 0.716726 1.697003
v 5.950750 1.417377 2.169906
v 6.270991 1.353678 2.169906
v 6.270991 1.353678 1.697002
v 5.950750 1.417377 1.697003
v 6.542480 1.172275 2.169906
v 6.542480 1.172275 1.697003
v 6.723882 0.900787 2.169906
v 6.723882 0.900787 1.697003
v 6.787582 0.580545 2.169906
v 6.787582 0.580545 1.697003
v 6.723882 0.260303 2.169906
v 6.723882 0.260303 1.697003
v 6.542480 -0.011185 2.169906
v 6.542480 -0.011185 1.697003
v 6.270991 -0.192587 2.169906
v 6.270991 -0.192587 1.697003
v 5.950750 -0.256288 2.169906
v 5.950750 -0.256288 1.697003
v 5.630507 -0.192587 2.169906
v 5.630507 -0.192587 1.697003
v 5.359020 -0.011185 2.169906
v 5.359020 -0.011185 1.697003
v 5.177617 0.260303 2.169906
v 5.177617 0.260303 1.697003
v 5.113917 0.580545 2.169906
v 5.113917 0.580545 1.697003
v 5.177617 0.900787 2.169906
v 5.177617 0.900787 1.697003
v 5.359020 1.172275 2.169906
v 5.359020 1.172275 1.697003
v 5.630507 1.353678 2.169906
v 5.630507 1.353678 1.697002
v 5.950750 0.733863 2.563468
v 6.036903 0.716726 2.563468
v 6.036903 0.716726 1.303440
v 5.950750 0.733863 1.303440
v 6.101075 0.673848 2.563468
v 6.101075 0.673848 1.303440
v 6.134117 0.624397 2.563468
v 6.134117 0.624397 1.303440
v 6.142839 0.580545 2.563468
v 6.142839 0.580545 1.303440
v 6.134117 0.536693 2.563468
v 6.134117 0.536692 1.303440
v 6.101075 0.487242 2.563468
v 6.101075 0.487242 1.303440
v 6.036903 0.444364 2.563468
v 6.036904 0.444365 1.303440
v 5.950750 0.427227 2.563468
v 5.950750 0.427227 1.303440
v 5.864595 0.444365 2.563468
v 5.864595 0.444365 1.303440
v 5.800424 0.487242 2.563468
v 5.800424 0.487242 1.303440
v 5.767383 0.536693 2.563468
v 5.767383 0.536692 1.303440
v 5.758659 0.580545 2.563468
v 5.758659 0.580545 1.303440
v 5.767383 0.624397 2.563468
v 5.767383 0.624397 1.303440
v 5.800424 0.673848 2.563468
v 5.800424 0.673848 1.303440
v 5.864595 0.716726 2.563468
v 5.864595 0.716726 1.303440
v 3.182469 3.767216 -0.353498
v 3.744599 7.003036 -0.353498
v 3.182469 3.767216 -3.150680
v 3.744599 7.003036 -3.150680
v 4.082830 3.771549 -0.353498
v 4.189526 7.003036 -0.353498
v 4.082830 3.771549 -3.150680
v 4.189526 7.003036 -3.150680
v 3.197451 4.992706 -0.353498
v 3.197451 4.992706 -3.150681
v 4.201873 5.027851 -3.150680
v 4.201872 5.027851 -0.353498
v 2.296930 3.767073 -3.150680
v 2.296930 3.767073 -0.353498
v 2.296930 4.707288 -3.150680
v 2.296930 4.707288 -0.353498
v 1.621451 3.766170 -3.150680
v 1.621452 3.766170 -0.353498
v 1.623935 4.625623 -3.150680
v 1.623935 4.625623 -0.353498
v 1.082873 3.764242 -3.150680
v 1.082873 3.764242 -0.353498
v 1.091493 4.450123 -3.150680
v 1.091493 4.450123 -0.353498
v 0.734894 3.763757 -3.150680
v 0.734894 3.763757 -0.353498
v 0.730750 4.257631 -3.150680
v 0.730750 4.257631 -0.353498
v 3.563367 6.995342 -0.879710
v 3.563367 6.995342 -0.946158
v 3.563367 6.995342 -1.439146
v 3.563367 6.995342 -1.505595
v 3.563367 6.995342 -1.998583
v 3.563367 6.995342 -2.065031
v 3.563367 6.995342 -2.558019
v 3.563367 6.995342 -2.624468
v 3.234735 5.355863 -2.624467
v 3.234735 5.355863 -2.558019
v 3.234735 5.355863 -2.065031
v 3.234735 5.355863 -1.998583
v 3.234735 5.355863 -1.505595
v 3.234735 5.355863 -1.439146
v 3.234735 5.355863 -0.946158
v 3.234735 5.355863 -0.879710
v 3.575921 7.092343 -1.014620
v 3.575921 7.092343 -0.803275
v 3.575921 7.092343 -1.574056
v 3.575921 7.092343 -1.370685
v 3.575921 7.092343 -2.133492
v 3.575921 7.092343 -1.930121
v 3.575921 7.092343 -2.700903
v 3.575921 7.092343 -2.489558
v 4.434686 7.095622 -2.475854
v 4.434686 7.095622 -2.717707
v 4.434686 7.095622 -1.916418
v 4.434686 7.095622 -2.147196
v 4.434686 7.095622 -1.356982
v 4.434686 7.095622 -1.587759
v 4.434686 7.095622 -0.786470
v 4.434686 7.095622 -1.028323
v 3.068428 5.063118 -0.813750
v 3.068428 5.063118 -1.006077
v 3.068428 5.063118 -1.379227
v 3.068428 5.063118 -1.565514
v 3.068428 5.063118 -1.938664
v 3.068428 5.063118 -2.124950
v 3.068428 5.063118 -2.498100
v 3.068428 5.063118 -2.690427
v 2.300703 4.889599 -0.764321
v 2.300703 4.889599 -1.050472
v 2.300703 4.889599 -1.334832
v 2.300703 4.889599 -1.609909
v 2.300703 4.889599 -1.894268
v 2.300703 4.889599 -2.169345
v 2.300703 4.889599 -2.453705
v 2.300703 4.889599 -2.739857
v 1.638805 4.881705 -1.050472
v 1.638805 4.881705 -0.764321
v 1.638805 4.881705 -1.609909
v 1.638805 4.881705 -1.334832
v 1.638805 4.881705 -2.169345
v 1.638805 4.881705 -1.894268
v 1.638805 4.881705 -2.739857
v 1.638805 4.881705 -2.453705
v 1.131779 4.858384 -0.764321
v 1.131779 4.858384 -1.050472
v 1.131779 4.858384 -1.334832
v 1.131779 4.858384 -1.609909
v 1.131779 4.858384 -1.894269
v 1.131779 4.858384 -2.169345
v 1.131779 4.858384 -2.453705
v 1.131779 4.858384 -2.739857
v 0.648834 4.664085 -1.014620
v 0.648834 4.664085 -0.803275
v 0.648834 4.664085 -1.574056
v 0.648834 4.664085 -1.370685
v 0.648834 4.664085 -2.133492
v 0.648834 4.664085 -1.930121
v 0.648834 4.664085 -2.700903
v 0.648834 4.664085 -2.489558
v 1.120515 4.814812 -0.868635
v 1.120515 4.814812 -0.957233
v 0.703228 4.757201 -0.946158
v 0.703228 4.757201 -0.879710
v 1.120515 4.814812 -1.428071
v 1.120515 4.814812 -1.516669
v 0.703228 4.757201 -1.505595
v 0.703228 4.757201 -1.439146
v 1.120515 4.814812 -1.987508
v 1.120515 4.814812 -2.076106
v 0.703228 4.757201 -2.065031
v 0.703228 4.757201 -1.998583
v 1.120515 4.814812 -2.546944
v 1.120515 4.814812 -2.635542
v 0.703228 4.757201 -2.624467
v 0.703228 4.757201 -2.558019
v 2.315797 4.845593 -0.868635
v 2.315797 4.845593 -0.957233
v 1.648627 4.837786 -0.957233
v 1.648627 4.837786 -0.868635
v 2.315797 4.845593 -1.428071
v 2.315797 4.845593 -1.516669
v 1.648627 4.837786 -1.516669
v 1.648627 4.837786 -1.428071
v 2.315797 4.845593 -1.987508
v 2.315797 4.845593 -2.076106
v 1.648627 4.837786 -2.076106
v 1.648627 4.837786 -1.987508
v 2.315797 4.845593 -2.546944
v 2.315797 4.845593 -2.635542
v 1.648627 4.837786 -2.635542
v 1.648627 4.837786 -2.546944
v 2.912424 4.852829 -0.879710
v 2.912424 4.852829 -0.946158
v 2.912424 4.852829 -1.439146
v 2.912424 4.852829 -1.505595
v 2.912424 4.852829 -1.998583
v 2.912424 4.852829 -2.065031
v 2.912424 4.852829 -2.558019
v 2.912424 4.852829 -2.624468
v 3.587746 6.496588 -0.353498
v 3.587746 6.496588 -3.150680
v 4.244862 6.496588 -3.150680
v 4.244862 6.496588 -0.353498
v 3.466115 6.488039 -2.546944
v 3.466115 6.488039 -1.987508
v 3.466115 6.488039 -2.076106
v 3.466115 6.488039 -1.516669
v 3.466115 6.488039 -0.957233
v 3.466115 6.488039 -2.635542
v 3.466115 6.488039 -0.868635
v 3.466115 6.488039 -1.428071
v 3.431997 6.494878 -1.050472
v 3.431997 6.494878 -0.764321
v 3.431997 6.494878 -1.609909
v 3.431997 6.494878 -1.334832
v 3.431997 6.494878 -2.169345
v 3.431997 6.494878 -1.894268
v 3.431997 6.494878 -2.739856
v 3.431997 6.494878 -2.453705
v 4.326405 7.093574 -3.091522
v 3.670909 7.093574 -3.091522
v 3.026564 5.209816 -3.068515
v 4.409140 5.027851 -3.068515
v 2.296930 4.897727 -3.068515
v 1.633866 4.871270 -3.068515
v 1.125974 4.809346 -3.068515
v 0.683946 4.550681 -3.068515
v 3.423467 6.496588 -3.068515
v 4.409141 6.496588 -3.068515
v 3.026564 5.209816 -0.435662
v 3.670908 7.093574 -0.412656
v 4.326405 7.093574 -0.412656
v 4.409140 5.027851 -0.435662
v 2.296930 4.897727 -0.435662
v 1.633866 4.871270 -0.435662
v 1.125974 4.809346 -0.435662
v 0.683946 4.550682 -0.435662
v 4.409141 6.496588 -0.435662
v 3.423467 6.496588 -0.435662
v 3.182469 3.983842 -3.150680
v 4.191600 3.983842 -3.150680
v 4.191600 3.983842 -0.353498
v 3.182469 3.983842 -0.353498
v 2.296930 3.980105 -3.150680
v 2.296930 3.980105 -0.353498
v 1.621451 3.956633 -3.150680
v 1.621451 3.956633 -0.353498
v 1.082873 3.906503 -3.150680
v 1.082873 3.906503 -0.353498
v 0.696451 3.866145 -3.150680
v 0.696450 3.866145 -0.353498
v 0.615628 3.940693 -1.028323
v 0.615628 3.940693 -0.786470
v 0.615628 3.940693 -1.587759
v 0.615628 3.940693 -1.356982
v 0.615628 3.940693 -2.147196
v 0.615628 3.940693 -1.916418
v 0.615628 3.940693 -2.717707
v 0.615628 3.940693 -2.475855
v 4.409140 3.983842 -3.068515
v 0.616939 3.923323 -3.068515
v 0.616939 3.923323 -0.435662
v 4.409140 3.983842 -0.435662
v 3.911618 7.409122 -2.717707
v 3.911618 7.409122 -2.475854
v 4.416685 7.409122 -2.475854
v 4.416685 7.409122 -2.717707
v 3.911618 7.409122 -2.147196
v 3.911618 7.409122 -1.916418
v 4.416685 7.409122 -1.916418
v 4.416685 7.409122 -2.147196
v 3.911618 7.409122 -1.587759
v 3.911618 7.409122 -1.356982
v 4.416685 7.409122 -1.356982
v 4.416685 7.409122 -1.587759
v 3.911618 7.409122 -1.028323
v 3.911618 7.409122 -0.786470
v 4.416685 7.409122 -0.786470
v 4.416685 7.409122 -1.028323
v 3.952857 7.377040 -0.476745
v 4.337738 7.377040 -0.476745
v 3.952857 7.377040 -3.027433
v 4.337738 7.377040 -3.027433
v 3.182469 3.767216 0.353497
v 3.744599 7.003036 0.353497
v 3.182469 3.767216 3.150679
v 3.744599 7.003036 3.150680
v 4.082830 3.771549 0.353497
v 4.189526 7.003036 0.353497
v 4.082830 3.771549 3.150680
v 4.189526 7.003036 3.150680
v 3.197451 4.992706 0.353497
v 3.197451 4.992706 3.150680
v 4.201872 5.027851 3.150679
v 4.201872 5.027851 0.353497
v 2.296930 3.767073 3.150679
v 2.296930 3.767073 0.353497
v 2.296930 4.707288 3.150679
v 2.296930 4.707288 0.353497
v 1.621451 3.766170 3.150679
v 1.621452 3.766170 0.353497
v 1.623935 4.625623 3.150679
v 1.623935 4.625623 0.353497
v 1.082873 3.764242 3.150679
v 1.082873 3.764242 0.353497
v 1.091493 4.450123 3.150679
v 1.091493 4.450123 0.353497
v 0.734895 3.763757 3.150680
v 0.734894 3.763757 0.353497
v 0.730750 4.257631 3.150680
v 0.730750 4.257631 0.353497
v 3.563367 6.995342 0.879709
v 3.563367 6.995342 0.946158
v 3.563367 6.995342 1.439146
v 3.563367 6.995342 1.505594
v 3.563367 6.995342 1.998582
v 3.563367 6.995342 2.065031
v 3.563367 6.995342 2.558019
v 3.563367 6.995342 2.624467
v 3.234735 5.355863 2.624467
v 3.234735 5.355863 2.558019
v 3.234735 5.355863 2.065031
v 3.234735 5.355863 1.998582
v 3.234735 5.355863 1.505594
v 3.234735 5.355863 1.439146
v 3.234735 5.355863 0.946158
v 3.234735 5.355863 0.879709
v 3.575921 7.092343 1.014619
v 3.575921 7.092343 0.803274
v 3.575921 7.092343 1.574056
v 3.575921 7.092343 1.370684
v 3.575921 7.092343 2.133492
v 3.575921 7.092343 1.930121
v 3.575921 7.092343 2.700903
v 3.575921 7.092343 2.489558
v 4.434686 7.095622 2.475854
v 4.434686 7.095622 2.717706
v 4.434686 7.095622 1.916418
v 4.434686 7.095622 2.147195
v 4.434686 7.095622 1.356981
v 4.434686 7.095622 1.587759
v 4.434686 7.095622 0.786470
v 4.434686 7.095622 1.028322
v 3.068428 5.063118 0.813749
v 3.068428 5.063118 1.006076
v 3.068428 5.063118 1.379227
v 3.068428 5.063118 1.565513
v 3.068428 5.063118 1.938663
v 3.068428 5.063118 2.124950
v 3.068428 5.063118 2.498100
v 3.068428 5.063118 2.690427
v 2.300703 4.889599 0.764320
v 2.300703 4.889599 1.050472
v 2.300703 4.889599 1.334831
v 2.300703 4.889599 1.609908
v 2.300703 4.889599 1.894268
v 2.300703 4.889599 2.169345
v 2.300703 4.889599 2.453704
v 2.300703 4.889599 2.739856
v 1.638805 4.881705 1.050472
v 1.638805 4.881705 0.764320
v 1.638805 4.881705 1.609908
v 1.638805 4.881705 1.334831
v 1.638805 4.881705 2.169345
v 1.638805 4.881705 1.894268
v 1.638805 4.881705 2.739856
v 1.638805 4.881705 2.453705
v 1.131779 4.858384 0.764320
v 1.131779 4.858384 1.050472
v 1.131779 4.858384 1.334831
v 1.131779 4.858384 1.609908
v 1.131779 4.858384 1.894268
v 1.131779 4.858384 2.169345
v 1.131779 4.858384 2.453705
v 1.131779 4.858384 2.739856
v 0.648834 4.664085 1.014619
v 0.648834 4.664085 0.803274
v 0.648834 4.664085 1.574056
v 0.648834 4.664085 1.370684
v 0.648834 4.664085 2.133492
v 0.648834 4.664085 1.930121
v 0.648834 4.664085 2.700903
v 0.648834 4.664085 2.489558
v 1.120515 4.814812 0.868634
v 1.120515 4.814812 0.957232
v 0.703228 4.757201 0.946158
v 0.703228 4.757201 0.879709
v 1.120515 4.814812 1.428071
v 1.120515 4.814812 1.516669
v 0.703228 4.757201 1.505594
v 0.703228 4.757201 1.439146
v 1.120515 4.814812 1.987507
v 1.120515 4.814812 2.076106
v 0.703228 4.757201 2.065031
v 0.703228 4.757201 1.998582
v 1.120515 4.814812 2.546944
v 1.120515 4.814812 2.635542
v 0.703228 4.757201 2.624467
v 0.703228 4.757201 2.558019
v 2.315797 4.845593 0.868634
v 2.315797 4.845593 0.957232
v 1.648627 4.837786 0.957232
v 1.648627 4.837786 0.868634
v 2.315797 4.845593 1.428071
v 2.315797 4.845593 1.516669
v 1.648627 4.837786 1.516669
v 1.648627 4.837786 1.428071
v 2.315797 4.845593 1.987507
v 2.315797 4.845593 2.076106
v 1.648627 4.837786 2.076106
v 1.648627 4.837786 1.987507
v 2.315797 4.845593 2.546944
v 2.315797 4.845593 2.635542
v 1.648627 4.837786 2.635542
v 1.648627 4.837786 2.546944
v 2.912424 4.852829 0.879709
v 2.912424 4.852829 0.946158
v 2.912424 4.852829 1.439146
v 2.912424 4.852829 1.505594
v 2.912424 4.852829 1.998582
v 2.912424 4.852829 2.065031
v 2.912424 4.852829 2.558019
v 2.912424 4.852829 2.624467
v 3.587746 6.496588 0.353497
v 3.587746 6.496588 3.150679
v 4.244862 6.496588 3.150679
v 4.244862 6.496588 0.353497
v 3.466115 6.488039 2.546944
v 3.466115 6.488039 1.987507
v 3.466115 6.488039 2.076106
v 3.466115 6.488039 1.516669
v 3.466115 6.488039 0.957232
v 3.466115 6.488039 2.635542
v 3.466115 6.488039 0.868634
v 3.466115 6.488039 1.428071
v 3.431997 6.494878 1.050472
v 3.431997 6.494878 0.764320
v 3.431997 6.494878 1.609908
v 3.431997 6.494878 1.334831
v 3.431997 6.494878 2.169345
v 3.431997 6.494878 1.894268
v 3.431997 6.494878 2.739856
v 3.431997 6.494878 2.453704
v 4.326405 7.093574 3.091521
v 3.670908 7.093574 3.091521
v 3.026564 5.209816 3.068515
v 4.409140 5.027851 3.068515
v 2.296930 4.897727 3.068515
v 1.633866 4.871270 3.068515
v 1.125974 4.809346 3.068514
v 0.683946 4.550681 3.068515
v 3.423467 6.496588 3.068515
v 4.409140 6.496588 3.068515
v 3.026564 5.209816 0.435662
v 3.670909 7.093574 0.412656
v 4.326405 7.093574 0.412655
v 4.409140 5.027851 0.435662
v 2.296929 4.897727 0.435662
v 1.633866 4.871270 0.435662
v 1.125974 4.809346 0.435662
v 0.683946 4.550681 0.435662
v 4.409140 6.496588 0.435662
v 3.423467 6.496588 0.435662
v 3.182469 3.983842 3.150679
v 4.191600 3.983842 3.150679
v 4.191600 3.983842 0.353497
v 3.182469 3.983842 0.353497
v 2.296930 3.980105 3.150679
v 2.296930 3.980105 0.353497
v 1.621451 3.956633 3.150679
v 1.621451 3.956633 0.353497
v 1.082873 3.906503 3.150679
v 1.082873 3.906503 0.353497
v 0.696450 3.866145 3.150679
v 0.696450 3.866145 0.353497
v 0.615628 3.940693 1.028322
v 0.615628 3.940693 0.786470
v 0.615628 3.940693 1.587759
v 0.615628 3.940693 1.356981
v 0.615628 3.940693 2.147195
v 0.615628 3.940693 1.916417
v 0.615627 3.940693 2.717707
v 0.615628 3.940693 2.475854
v 4.409140 3.983842 3.068515
v 0.616939 3.923323 3.068515
v 0.616939 3.923323 0.435662
v 4.409140 3.983842 0.435662
v 3.911618 7.409122 2.717706
v 3.911618 7.409122 2.475854
v 4.416685 7.409122 2.475854
v 4.416685 7.409122 2.717706
v 3.911618 7.409122 2.147195
v 3.911618 7.409122 1.916418
v 4.416685 7.409122 1.916418
v 4.416685 7.409122 2.147195
v 3.911618 7.409122 1.587759
v 3.911618 7.409122 1.356981
v 4.416685 7.409122 1.356981
v 4.416685 7.409122 1.587759
v 3.911618 7.409122 1.028322
v 3.911618 7.409122 0.786470
v 4.416685 7.409122 0.786470
v 4.416685 7.409122 1.028322
v 3.952857 7.377040 0.476744
v 4.337738 7.377040 0.476744
v 3.952857 7.377040 3.027433
v 4.337738 7.377040 3.027433
v 3.663411 6.875644 -0.353498
v 3.182469 3.807292 -3.150680
v 3.725049 3.767958 -3.150680
v 3.968935 7.021721 -3.150680
v 4.172968 3.807853 -3.150680
v 4.172968 3.807853 -0.353498
v 3.725049 3.767958 -0.353498
v 3.968935 7.021721 -0.353498
v 3.183630 4.383619 -0.353498
v 3.458262 5.809164 -3.150680
v 4.222655 5.809138 -3.150680
v 4.222655 5.809138 -0.353498
v 3.768887 5.024085 -0.353498
v 3.768887 5.024085 -3.150680
v 2.296929 3.806484 -3.150680
v 2.296929 4.345815 -0.353498
v 2.700165 3.767199 -3.150680
v 2.697436 4.746998 -3.150680
v 2.697436 4.746998 -0.353498
v 2.700165 3.767199 -0.353498
v 1.621452 3.801405 -3.150680
v 1.621762 4.285954 -0.353498
v 1.940095 3.766744 -0.353498
v 1.940095 3.766744 -3.150680
v 1.940406 4.677457 -3.150680
v 1.940405 4.677457 -0.353498
v 3.187673 5.216341 -1.984265
v 1.082873 3.790560 -3.150680
v 1.083950 4.157973 -0.353498
v 3.541366 6.867242 -2.548841
v 1.344943 4.549868 -3.150680
v 1.344943 4.549868 -0.353498
v 1.337968 3.765329 -3.150680
v 1.337968 3.765329 -0.353498
v 3.569916 7.013466 -1.472371
v 0.703959 3.780459 -3.150680
v 0.700474 4.056779 -0.353498
v 3.217279 5.254230 -0.912934
v 0.865136 4.336953 -0.353498
v 0.862112 3.763288 -0.353498
v 0.862112 3.763288 -3.150680
v 0.865136 4.336953 -3.150680
v 3.187673 5.216341 -2.543702
v 3.187673 5.216341 -0.960475
v 3.187673 5.216341 -2.639426
v 3.558527 7.028087 -2.640404
v 3.187673 5.216341 -2.079348
v 3.187673 5.216341 -1.424829
v 3.558527 7.028087 -0.863774
v 3.558527 7.028087 -1.520709
v 3.541366 6.867242 -1.989405
v 3.336140 5.843411 -2.074209
v 3.336140 5.843411 -1.514772
v 3.336140 5.843411 -0.955336
v 3.569916 7.013466 -2.591244
v 3.217279 5.254230 -2.591244
v 3.217279 5.254230 -2.031807
v 3.217279 5.254230 -1.472370
v 3.558527 7.028087 -1.424032
v 3.558527 7.028087 -0.961273
v 3.187673 5.216341 -1.519912
v 3.336140 5.843411 -2.633645
v 3.187673 5.216341 -0.864752
v 3.558527 7.028087 -2.542904
v 3.558527 7.028087 -1.983468
v 3.558527 7.028087 -2.080145
v 3.569916 7.013466 -2.031807
v 3.569916 7.013466 -0.912934
v 3.541366 6.867242 -0.870532
v 3.541366 6.867242 -1.429969
v 2.973138 4.881842 -1.984266
v 0.870349 4.809413 -1.046697
v 0.594186 4.614763 -0.912113
v 0.870350 4.809413 -0.768429
v 0.667288 4.754247 -1.424032
v 0.870349 4.809413 -1.606133
v 0.594186 4.614763 -1.472370
v 0.870350 4.809413 -1.338608
v 1.126147 4.836598 -1.959241
v 0.870349 4.809413 -2.165570
v 0.594186 4.614763 -2.031807
v 0.870350 4.809413 -1.898044
v 1.643716 4.859746 -1.959241
v 0.870349 4.809413 -2.735749
v 0.594186 4.614763 -2.592064
v 0.870350 4.809413 -2.457480
v 0.631796 3.788437 -1.028323
v 0.606543 4.283155 -0.788271
v 0.631796 3.788437 -1.587759
v 0.606543 4.283155 -1.358450
v 0.631796 3.788437 -2.147196
v 0.606543 4.283155 -1.917886
v 0.631796 3.788437 -2.717707
v 0.606543 4.283155 -2.477323
v 1.643716 4.859746 -1.399804
v 1.945566 4.886010 -1.050472
v 2.308250 4.867596 -1.399804
v 1.945566 4.886010 -0.764321
v 2.973138 4.881842 -2.079348
v 1.945566 4.886010 -1.609909
v 2.308250 4.867596 -2.104373
v 1.945566 4.886010 -1.334832
v 1.126147 4.836597 -1.544937
v 1.945566 4.886010 -2.169345
v 0.667288 4.754248 -1.520709
v 1.945566 4.886010 -1.894269
v 1.643716 4.859746 -2.104373
v 1.945566 4.886010 -2.739857
v 1.126147 4.836598 -2.104373
v 1.945566 4.886010 -2.453705
v 1.379636 4.876056 -1.050472
v 1.379636 4.876056 -0.764321
v 1.379636 4.876056 -1.609909
v 1.379636 4.876056 -1.334832
v 1.379636 4.876056 -2.169345
v 1.379636 4.876056 -1.894269
v 1.379636 4.876056 -2.739856
v 1.379636 4.876056 -2.453705
v 3.106114 4.926389 -0.912524
v 2.686888 4.909357 -1.045899
v 2.686888 4.909357 -0.769407
v 3.106114 4.926389 -1.472371
v 2.686888 4.909357 -1.605336
v 2.686888 4.909357 -1.339405
v 3.106114 4.926389 -2.031807
v 2.686888 4.909357 -2.164772
v 2.686888 4.909357 -1.898841
v 3.106114 4.926389 -2.591653
v 2.686888 4.909357 -2.734771
v 2.686888 4.909357 -2.458278
v 4.381948 3.807292 -2.475855
v 4.381948 3.807292 -1.916418
v 4.381948 3.807292 -1.356982
v 4.381948 3.807292 -0.786470
v 3.595283 7.138581 -2.592065
v 4.470755 7.273690 -2.475855
v 4.434686 7.095622 -2.592628
v 4.470755 7.273690 -2.717707
v 3.595283 7.138581 -2.031807
v 3.824712 7.270496 -3.063943
v 4.434686 7.095622 -2.031807
v 3.705005 7.274528 -2.715906
v 3.595283 7.138581 -1.472370
v 4.470755 7.273690 -1.028323
v 4.434686 7.095622 -1.472371
v 4.470755 7.273690 -1.356982
v 3.595283 7.138581 -0.912113
v 3.705005 7.274528 -1.586291
v 4.434686 7.095622 -0.911550
v 3.705005 7.274528 -1.358450
v 4.412333 6.887349 -2.717707
v 4.412333 6.887349 -2.147196
v 4.412333 6.887349 -1.587759
v 4.412333 6.887349 -1.028323
v 3.287607 5.815611 -1.045899
v 3.512502 6.884134 -0.768429
v 3.287607 5.815611 -1.605335
v 3.512502 6.884134 -1.338608
v 3.287607 5.815611 -2.164772
v 3.512502 6.884134 -1.898044
v 3.287607 5.815611 -2.734771
v 3.512502 6.884134 -2.457480
v 3.182469 3.759634 -3.140409
v 2.296930 3.759616 -3.140409
v 3.182469 3.759634 -0.363768
v 4.172968 3.767958 -0.363768
v 3.043965 5.187096 -0.363768
v 3.589180 7.095057 -0.601634
v 4.423617 7.095403 -0.600295
v 3.035148 5.179874 -1.192652
v 3.579510 7.094930 -1.192652
v 4.434686 7.095622 -1.192652
v 3.035148 5.179874 -1.752089
v 3.579510 7.094930 -1.752089
v 4.434686 7.095622 -1.752089
v 3.035148 5.179874 -2.311525
v 3.579510 7.094930 -2.311525
v 4.434686 7.095622 -2.311525
v 4.258450 7.033054 -3.144586
v 3.589180 7.095057 -2.902543
v 3.030856 5.194845 -2.899562
v 4.383232 5.027851 -0.363768
v 2.296929 4.869613 -0.363768
v 2.297873 4.897851 -1.192652
v 2.297873 4.897851 -1.752089
v 2.297873 4.897851 -2.311525
v 2.297401 4.898866 -2.904186
v 1.621451 3.759504 -3.140409
v 1.628900 4.808443 -0.363768
v 1.636963 4.889940 -1.192652
v 1.636963 4.889940 -1.752089
v 1.636963 4.889940 -2.311525
v 1.636346 4.888636 -2.904186
v 1.082873 3.759263 -3.140409
v 1.108734 4.674547 -0.363768
v 1.133890 4.866553 -1.192652
v 1.133890 4.866553 -1.752089
v 1.133890 4.866553 -2.311525
v 1.133165 4.860424 -2.904186
v 0.704123 3.761917 -3.140409
v 0.695571 4.395040 -0.363768
v 0.674276 4.637433 -1.192652
v 0.674276 4.637433 -1.752089
v 0.674275 4.637433 -2.311525
v 0.678075 4.623832 -2.900078
v 1.118403 4.806642 -0.912934
v 0.863320 4.780604 -0.955336
v 0.669974 4.747788 -0.912934
v 0.863320 4.780604 -0.870532
v 1.118403 4.806642 -1.472370
v 0.863320 4.780604 -1.514772
v 0.669974 4.747788 -1.472371
v 0.863320 4.780604 -1.429968
v 1.118403 4.806642 -2.031807
v 0.863320 4.780604 -2.074209
v 0.669974 4.747788 -2.031807
v 0.863320 4.780604 -1.989405
v 1.118403 4.806642 -2.591243
v 0.863320 4.780604 -2.633645
v 0.669974 4.747788 -2.591244
v 0.863320 4.780604 -2.548841
v 2.318627 4.837342 -0.912934
v 1.960001 4.842015 -0.957233
v 1.650469 4.829551 -0.912934
v 1.960001 4.842015 -0.868635
v 2.318627 4.837342 -1.472370
v 1.960001 4.842015 -1.516669
v 1.650469 4.829551 -1.472371
v 1.960001 4.842015 -1.428071
v 2.318627 4.837342 -2.031807
v 1.960001 4.842015 -2.076106
v 1.650469 4.829551 -2.031807
v 1.960001 4.842015 -1.987508
v 2.318627 4.837342 -2.591243
v 1.960001 4.842015 -2.635542
v 1.650469 4.829551 -2.591243
v 1.960001 4.842015 -2.546944
v 1.378915 4.832310 -0.957233
v 1.378915 4.832310 -0.868635
v 1.378915 4.832310 -1.516669
v 1.378915 4.832310 -1.428071
v 1.378915 4.832310 -2.076106
v 1.378915 4.832310 -1.987508
v 1.378915 4.832310 -2.635542
v 1.378915 4.832310 -2.546944
v 2.959345 4.849213 -0.912934
v 2.682508 4.848053 -0.955336
v 2.682508 4.848053 -0.870532
v 2.959345 4.849213 -1.472370
v 2.682508 4.848053 -1.514772
v 2.682508 4.848053 -1.429969
v 2.959345 4.849213 -2.031807
v 2.682508 4.848053 -2.074209
v 2.682508 4.848053 -1.989405
v 2.959345 4.849213 -2.591244
v 2.682508 4.848053 -2.633645
v 2.682508 4.848053 -2.548841
v 2.308250 4.867596 -1.959241
v 1.126147 4.836598 -2.665194
v 1.643716 4.859746 -2.665194
v 1.126147 4.836598 -1.399804
v 2.973138 4.881842 -2.639426
v 2.973138 4.881842 -2.543702
v 1.643716 4.859746 -2.518678
v 1.126147 4.836598 -2.518677
v 2.308250 4.867596 -2.665194
v 0.667287 4.754248 -2.080145
v 2.308250 4.867596 -2.518677
v 0.667288 4.754248 -1.983468
v 2.973138 4.881842 -0.960475
v 2.973138 4.881842 -0.864752
v 2.308250 4.867596 -0.985500
v 1.643716 4.859746 -0.985500
v 0.667287 4.754248 -2.640404
v 2.308250 4.867596 -0.838984
v 0.667287 4.754248 -2.542904
v 1.126147 4.836598 -0.985500
v 0.667287 4.754248 -0.961273
v 2.973138 4.881842 -1.519912
v 2.973138 4.881842 -1.424829
v 1.643716 4.859746 -0.838984
v 1.126147 4.836598 -0.838984
v 0.667288 4.754248 -0.863774
v 2.308250 4.867596 -1.544936
v 1.643716 4.859746 -1.544936
v 3.458262 5.809164 -0.353498
v 3.663411 6.875644 -3.150680
v 4.245179 6.875644 -3.150680
v 4.245179 6.875644 -0.353498
v 3.336140 5.843411 -2.548841
v 3.336140 5.843411 -1.989405
v 3.541366 6.867242 -2.074209
v 3.541366 6.867242 -1.514772
v 3.541366 6.867242 -0.955336
v 3.541366 6.867242 -2.633645
v 3.336140 5.843411 -0.870532
v 3.336140 5.843411 -1.429969
v 4.412333 6.887349 -2.475855
v 4.412333 6.887349 -1.916418
v 4.412333 6.887349 -1.356982
v 4.412333 6.887349 -0.786470
v 3.512502 6.884134 -1.046697
v 3.287607 5.815611 -0.769406
v 3.512502 6.884134 -1.606133
v 3.287607 5.815611 -1.339405
v 3.512502 6.884134 -2.165570
v 3.287607 5.815611 -1.898841
v 3.512502 6.884134 -2.735749
v 3.287607 5.815611 -2.458278
v 3.449056 6.491458 -0.838984
v 3.449056 6.491458 -0.985500
v 3.449056 6.491458 -2.518677
v 3.449056 6.491458 -2.665194
v 3.449056 6.491458 -1.959241
v 3.472512 6.486757 -2.591243
v 3.472512 6.486757 -2.031807
v 3.472512 6.486757 -1.472370
v 3.449056 6.491458 -1.544936
v 3.449056 6.491458 -1.399804
v 3.449056 6.491458 -2.104373
v 4.388606 6.496588 -0.363768
v 3.425600 6.496160 -1.752089
v 3.425600 6.496160 -2.311525
v 3.444002 6.496588 -3.140409
v 3.472512 6.486757 -0.912934
v 3.425600 6.496160 -1.192652
v 3.424534 6.496374 -0.599992
v 3.916304 6.496588 -0.353498
v 3.916304 6.496588 -3.150680
v 4.172968 3.767958 -3.140409
v 4.423617 7.095403 -2.903882
v 3.686332 7.033054 -3.144586
v 3.043965 5.187096 -3.140409
v 4.383232 5.027851 -3.140409
v 2.296930 4.869613 -3.140409
v 1.628900 4.808443 -3.140409
v 1.108733 4.674546 -3.140409
v 0.695571 4.395040 -3.140409
v 3.424534 6.496374 -2.904186
v 4.388605 6.496588 -3.140409
v 4.409140 5.809138 -3.068516
v 3.272857 5.831884 -3.068515
v 4.010210 7.140188 -3.138492
v 3.514784 6.885793 -3.070981
v 4.381948 3.807292 -3.068515
v 4.400479 6.885793 -3.070980
v 2.680676 4.940194 -3.068515
v 1.372842 4.848035 -3.068515
v 1.941647 4.887509 -3.068515
v 0.874138 4.733174 -3.068515
v 0.631960 3.786266 -3.068515
v 2.296929 3.759616 -0.363768
v 3.030856 5.194845 -0.604616
v 3.686332 7.033054 -0.359591
v 4.258450 7.033054 -0.359591
v 2.297401 4.898866 -0.599992
v 1.621452 3.759504 -0.363768
v 1.636346 4.888636 -0.599992
v 1.082873 3.759263 -0.363768
v 1.133165 4.860424 -0.599992
v 0.704123 3.761916 -0.363768
v 0.678075 4.623832 -0.604099
v 3.444002 6.496588 -0.363768
v 3.272857 5.831884 -0.435662
v 4.409140 5.809138 -0.435662
v 4.010210 7.140188 -0.365685
v 4.400479 6.885793 -0.433197
v 0.631960 3.786266 -0.435662
v 0.874138 4.733174 -0.435662
v 1.372842 4.848035 -0.435662
v 1.941647 4.887509 -0.435662
v 3.514784 6.885793 -0.433197
v 2.680676 4.940195 -0.435662
v 4.381948 3.807292 -0.435662
v 3.183630 4.383619 -3.150680
v 4.192884 4.393790 -3.150680
v 4.192884 4.393790 -0.353498
v 3.182469 3.807292 -0.353498
v 2.296929 4.345815 -3.150680
v 2.296930 3.806484 -0.353498
v 1.621762 4.285954 -3.150680
v 1.621451 3.801406 -0.353498
v 1.083950 4.157973 -3.150680
v 1.082873 3.790560 -0.353498
v 0.700474 4.056778 -3.150680
v 0.703959 3.780459 -0.353498
v 0.606543 4.283155 -1.026855
v 0.631796 3.788437 -0.786470
v 0.606543 4.283155 -1.586291
v 0.631796 3.788437 -1.356982
v 0.606543 4.283155 -2.145728
v 0.631796 3.788437 -1.916418
v 0.606543 4.283155 -2.715907
v 0.631796 3.788437 -2.475854
v 4.381948 3.807292 -2.717707
v 4.381948 3.807292 -2.147196
v 4.381948 3.807292 -1.587759
v 4.381948 3.807292 -1.028323
v 4.409140 4.393790 -3.068516
v 0.615479 4.228671 -3.068515
v 0.615479 4.228671 -0.435662
v 4.409140 4.393790 -0.435662
v 0.628845 3.890121 -0.363768
v 0.615792 3.938522 -2.901417
v 4.381948 3.983842 -3.140409
v 0.615628 3.940693 -2.592628
v 0.615628 3.940693 -2.031807
v 0.615628 3.940693 -1.472370
v 0.615628 3.940693 -0.911550
v 0.615628 3.940693 -1.752089
v 0.615628 3.940693 -1.192652
v 0.615792 3.938522 -0.602760
v 0.857135 3.876615 -3.150680
v 0.628845 3.890122 -3.140409
v 0.615628 3.940693 -2.311525
v 1.337969 3.934780 -0.353498
v 1.337969 3.934780 -3.150680
v 0.857135 3.876615 -0.353498
v 1.940095 3.971565 -0.353498
v 1.940095 3.971565 -3.150680
v 2.700165 3.983375 -0.353498
v 2.700165 3.983375 -3.150680
v 3.739149 3.983842 -3.150680
v 3.739149 3.983842 -0.353498
v 4.381948 3.983842 -0.363768
v 3.911618 7.409122 -2.592628
v 4.192433 7.457243 -2.475854
v 4.416685 7.409122 -2.592628
v 4.192433 7.457243 -2.717707
v 3.911618 7.409122 -2.031807
v 4.192433 7.457243 -1.916418
v 4.416685 7.409122 -2.031807
v 4.192433 7.457243 -2.147196
v 3.911618 7.409122 -1.472371
v 4.192433 7.457243 -1.356982
v 4.416685 7.409122 -1.472371
v 4.192433 7.457243 -1.587759
v 3.911618 7.409122 -0.911550
v 4.192433 7.457243 -0.786470
v 4.416685 7.409122 -0.911550
v 4.192433 7.457243 -1.028323
v 3.918597 7.403626 -0.608086
v 4.403246 7.403626 -0.608086
v 3.911618 7.409122 -1.192652
v 4.416685 7.409122 -1.192652
v 3.911618 7.409122 -1.752089
v 4.416685 7.409122 -1.752089
v 3.911618 7.409122 -2.311525
v 4.416685 7.409122 -2.311525
v 3.918597 7.403626 -2.896092
v 4.403246 7.403626 -2.896092
v 4.157692 7.398131 -3.054441
v 4.157692 7.398131 -0.449737
v 4.470755 7.273690 -1.587759
v 3.705005 7.274528 -1.917886
v 4.470755 7.273690 -1.916418
v 3.705005 7.274528 -2.145728
v 3.824712 7.270496 -0.440235
v 3.705005 7.274528 -0.788271
v 3.705005 7.274528 -1.026855
v 4.344761 7.270496 -3.063943
v 4.470755 7.273690 -0.786470
v 4.344762 7.270496 -0.440235
v 3.705005 7.274528 -2.477323
v 4.470755 7.273690 -2.147196
v 3.663411 6.875644 0.353497
v 3.182469 3.807292 3.150680
v 3.725049 3.767958 3.150680
v 3.968935 7.021721 3.150679
v 4.172968 3.807853 3.150680
v 4.172968 3.807853 0.353497
v 3.725049 3.767958 0.353497
v 3.968935 7.021721 0.353497
v 3.183630 4.383619 0.353497
v 3.458262 5.809164 3.150680
v 4.222655 5.809138 3.150680
v 4.222655 5.809138 0.353497
v 3.768887 5.024085 0.353497
v 3.768887 5.024085 3.150679
v 2.296930 3.806484 3.150680
v 2.296930 4.345815 0.353497
v 2.700165 3.767198 3.150680
v 2.697436 4.746998 3.150679
v 2.697436 4.746998 0.353497
v 2.700165 3.767199 0.353497
v 1.621452 3.801406 3.150680
v 1.621762 4.285954 0.353497
v 1.940095 3.766744 0.353497
v 1.940095 3.766744 3.150680
v 1.940405 4.677457 3.150679
v 1.940405 4.677457 0.353497
v 3.187673 5.216341 1.984265
v 1.082873 3.790560 3.150680
v 1.083950 4.157973 0.353497
v 3.541366 6.867242 2.548841
v 1.344943 4.549868 3.150679
v 1.344944 4.549868 0.353497
v 1.337969 3.765329 3.150680
v 1.337969 3.765329 0.353497
v 3.569916 7.013466 1.472370
v 0.703959 3.780459 3.150680
v 0.700474 4.056778 0.353497
v 3.217279 5.254230 0.912933
v 0.865136 4.336953 0.353497
v 0.862112 3.763288 0.353497
v 0.862112 3.763288 3.150680
v 0.865136 4.336953 3.150680
v 3.187673 5.216341 2.543702
v 3.187673 5.216341 0.960475
v 3.187673 5.216341 2.639425
v 3.558527 7.028087 2.640404
v 3.187673 5.216341 2.079348
v 3.187673 5.216341 1.424829
v 3.558527 7.028087 0.863773
v 3.558527 7.028087 1.520709
v 3.541366 6.867242 1.989405
v 3.336140 5.843411 2.074208
v 3.336140 5.843411 1.514772
v 3.336140 5.843411 0.955335
v 3.569916 7.013466 2.591243
v 3.217279 5.254230 2.591243
v 3.217279 5.254230 2.031806
v 3.217279 5.254230 1.472370
v 3.558527 7.028087 1.424031
v 3.558527 7.028087 0.961272
v 3.187673 5.216341 1.519912
v 3.336140 5.843411 2.633645
v 3.187673 5.216341 0.864751
v 3.558527 7.028087 2.542904
v 3.558527 7.028087 1.983467
v 3.558527 7.028087 2.080145
v 3.569916 7.013466 2.031806
v 3.569916 7.013466 0.912933
v 3.541366 6.867242 0.870531
v 3.541366 6.867242 1.429968
v 2.973138 4.881842 1.984265
v 0.870350 4.809413 1.046696
v 0.594186 4.614763 0.912112
v 0.870349 4.809413 0.768428
v 0.667287 4.754248 1.424031
v 0.870350 4.809413 1.606133
v 0.594186 4.614763 1.472370
v 0.870349 4.809413 1.338607
v 1.126147 4.836598 1.959241
v 0.870350 4.809413 2.165570
v 0.594186 4.614763 2.031806
v 0.870349 4.809413 1.898043
v 1.643716 4.859746 1.959241
v 0.870349 4.809413 2.735748
v 0.594186 4.614763 2.592064
v 0.870349 4.809413 2.457480
v 0.631796 3.788437 1.028322
v 0.606543 4.283155 0.788270
v 0.631796 3.788437 1.587759
v 0.606543 4.283155 1.358449
v 0.631796 3.788437 2.147195
v 0.606543 4.283155 1.917886
v 0.631796 3.788437 2.717707
v 0.606543 4.283155 2.477322
v 1.643716 4.859746 1.399804
v 1.945566 4.886010 1.050472
v 2.308250 4.867596 1.399804
v 1.945566 4.886010 0.764320
v 2.973138 4.881842 2.079348
v 1.945566 4.886010 1.609908
v 2.308250 4.867596 2.104373
v 1.945566 4.886010 1.334831
v 1.126147 4.836598 1.544936
v 1.945566 4.886010 2.169345
v 0.667287 4.754247 1.520709
v 1.945566 4.886010 1.894268
v 1.643716 4.859746 2.104372
v 1.945566 4.886010 2.739856
v 1.126147 4.836598 2.104373
v 1.945566 4.886010 2.453705
v 1.379636 4.876056 1.050472
v 1.379636 4.876056 0.764320
v 1.379636 4.876056 1.609908
v 1.379636 4.876056 1.334831
v 1.379636 4.876056 2.169345
v 1.379636 4.876056 1.894268
v 1.379636 4.876056 2.739856
v 1.379636 4.876056 2.453705
v 3.106114 4.926389 0.912523
v 2.686888 4.909357 1.045899
v 2.686888 4.909357 0.769406
v 3.106114 4.926389 1.472370
v 2.686888 4.909357 1.605335
v 2.686888 4.909357 1.339404
v 3.106114 4.926389 2.031806
v 2.686888 4.909357 2.164772
v 2.686888 4.909357 1.898841
v 3.106114 4.926389 2.591653
v 2.686888 4.909357 2.734770
v 2.686888 4.909357 2.458277
v 4.381948 3.807292 2.475854
v 4.381948 3.807292 1.916418
v 4.381948 3.807292 1.356981
v 4.381948 3.807292 0.786470
v 3.595283 7.138581 2.592064
v 4.470755 7.273690 2.475854
v 4.434686 7.095622 2.592628
v 4.470755 7.273690 2.717706
v 3.595283 7.138581 2.031806
v 3.824712 7.270496 3.063943
v 4.434686 7.095622 2.031806
v 3.705005 7.274528 2.715906
v 3.595283 7.138581 1.472370
v 4.470755 7.273690 1.028322
v 4.434686 7.095622 1.472370
v 4.470755 7.273690 1.356981
v 3.595283 7.138581 0.912112
v 3.705005 7.274528 1.586291
v 4.434686 7.095622 0.911549
v 3.705005 7.274528 1.358449
v 4.412333 6.887349 2.717707
v 4.412333 6.887349 2.147196
v 4.412333 6.887349 1.587759
v 4.412333 6.887349 1.028322
v 3.287607 5.815611 1.045899
v 3.512502 6.884134 0.768428
v 3.287607 5.815611 1.605335
v 3.512502 6.884134 1.338607
v 3.287607 5.815611 2.164772
v 3.512502 6.884134 1.898044
v 3.287607 5.815611 2.734770
v 3.512502 6.884134 2.457480
v 3.182469 3.759634 3.140409
v 2.296929 3.759616 3.140409
v 3.182469 3.759634 0.363767
v 4.172968 3.767958 0.363767
v 3.043965 5.187096 0.363768
v 3.589180 7.095057 0.601634
v 4.423617 7.095403 0.600295
v 3.035148 5.179874 1.192652
v 3.579510 7.094930 1.192651
v 4.434686 7.095622 1.192652
v 3.035148 5.179874 1.752088
v 3.579510 7.094930 1.752088
v 4.434686 7.095622 1.752088
v 3.035148 5.179874 2.311525
v 3.579510 7.094930 2.311525
v 4.434686 7.095622 2.311525
v 4.258450 7.033054 3.144585
v 3.589180 7.095057 2.902543
v 3.030856 5.194845 2.899561
v 4.383232 5.027851 0.363767
v 2.296930 4.869613 0.363767
v 2.297873 4.897851 1.192652
v 2.297873 4.897851 1.752088
v 2.297873 4.897851 2.311524
v 2.297401 4.898866 2.904186
v 1.621451 3.759504 3.140409
v 1.628900 4.808443 0.363767
v 1.636963 4.889940 1.192652
v 1.636963 4.889940 1.752089
v 1.636963 4.889940 2.311525
v 1.636346 4.888635 2.904186
v 1.082873 3.759263 3.140409
v 1.108734 4.674546 0.363767
v 1.133891 4.866553 1.192652
v 1.133891 4.866553 1.752088
v 1.133891 4.866553 2.311525
v 1.133165 4.860424 2.904185
v 0.704123 3.761916 3.140409
v 0.695571 4.395040 0.363767
v 0.674275 4.637433 1.192651
v 0.674275 4.637433 1.752088
v 0.674276 4.637433 2.311525
v 0.678075 4.623832 2.900078
v 1.118403 4.806642 0.912933
v 0.863320 4.780604 0.955335
v 0.669974 4.747788 0.912933
v 0.863320 4.780604 0.870531
v 1.118403 4.806642 1.472370
v 0.863320 4.780604 1.514772
v 0.669974 4.747788 1.472370
v 0.863320 4.780604 1.429968
v 1.118403 4.806642 2.031806
v 0.863320 4.780604 2.074208
v 0.669974 4.747788 2.031806
v 0.863320 4.780604 1.989405
v 1.118403 4.806642 2.591243
v 0.863320 4.780604 2.633645
v 0.669974 4.747788 2.591243
v 0.863320 4.780604 2.548841
v 2.318627 4.837342 0.912933
v 1.960001 4.842015 0.957232
v 1.650469 4.829551 0.912933
v 1.960001 4.842015 0.868634
v 2.318627 4.837342 1.472370
v 1.960001 4.842015 1.516669
v 1.650469 4.829551 1.472370
v 1.960001 4.842015 1.428071
v 2.318627 4.837342 2.031806
v 1.960001 4.842015 2.076106
v 1.650469 4.829551 2.031806
v 1.960001 4.842015 1.987507
v 2.318627 4.837342 2.591243
v 1.960001 4.842015 2.635542
v 1.650469 4.829551 2.591243
v 1.960001 4.842015 2.546944
v 1.378916 4.832310 0.957232
v 1.378915 4.832310 0.868634
v 1.378916 4.832310 1.516669
v 1.378915 4.832310 1.428071
v 1.378915 4.832310 2.076106
v 1.378915 4.832310 1.987508
v 1.378915 4.832310 2.635542
v 1.378915 4.832310 2.546944
v 2.959345 4.849213 0.912933
v 2.682509 4.848053 0.955335
v 2.682508 4.848053 0.870531
v 2.959345 4.849213 1.472370
v 2.682509 4.848053 1.514772
v 2.682508 4.848053 1.429968
v 2.959345 4.849213 2.031806
v 2.682508 4.848053 2.074208
v 2.682508 4.848053 1.989405
v 2.959345 4.849213 2.591243
v 2.682508 4.848053 2.633645
v 2.682508 4.848053 2.548841
v 2.308250 4.867596 1.959240
v 1.126147 4.836597 2.665193
v 1.643716 4.859746 2.665193
v 1.126147 4.836598 1.399804
v 2.973138 4.881842 2.639425
v 2.973138 4.881842 2.543702
v 1.643716 4.859746 2.518677
v 1.126147 4.836597 2.518677
v 2.308250 4.867596 2.665193
v 0.667288 4.754247 2.080145
v 2.308250 4.867596 2.518677
v 0.667287 4.754248 1.983467
v 2.973138 4.881842 0.960475
v 2.973138 4.881842 0.864751
v 2.308250 4.867596 0.985499
v 1.643716 4.859746 0.985499
v 0.667287 4.754247 2.640404
v 2.308250 4.867596 0.838983
v 0.667288 4.754248 2.542904
v 1.126147 4.836598 0.985499
v 0.667288 4.754247 0.961272
v 2.973138 4.881842 1.519911
v 2.973138 4.881842 1.424829
v 1.643716 4.859746 0.838983
v 1.126147 4.836598 0.838983
v 0.667287 4.754248 0.863773
v 2.308250 4.867596 1.544936
v 1.643716 4.859746 1.544936
v 3.458262 5.809164 0.353497
v 3.663411 6.875644 3.150680
v 4.245179 6.875644 3.150680
v 4.245179 6.875644 0.353497
v 3.336140 5.843411 2.548841
v 3.336140 5.843411 1.989405
v 3.541366 6.867242 2.074208
v 3.541366 6.867242 1.514772
v 3.541366 6.867242 0.955335
v 3.541366 6.867242 2.633645
v 3.336140 5.843411 0.870531
v 3.336140 5.843411 1.429968
v 4.412333 6.887349 2.475854
v 4.412333 6.887349 1.916418
v 4.412333 6.887349 1.356981
v 4.412333 6.887349 0.786470
v 3.512502 6.884134 1.046696
v 3.287607 5.815611 0.769406
v 3.512502 6.884134 1.606133
v 3.287607 5.815611 1.339404
v 3.512502 6.884134 2.165569
v 3.287607 5.815611 1.898841
v 3.512502 6.884134 2.735748
v 3.287607 5.815611 2.458277
v 3.449056 6.491458 0.838983
v 3.449056 6.491458 0.985499
v 3.449056 6.491458 2.518677
v 3.449056 6.491458 2.665193
v 3.449056 6.491458 1.959240
v 3.472512 6.486757 2.591243
v 3.472512 6.486757 2.031806
v 3.472512 6.486757 1.472370
v 3.449056 6.491458 1.544936
v 3.449056 6.491458 1.399804
v 3.449056 6.491458 2.104373
v 4.388605 6.496588 0.363767
v 3.425600 6.496160 1.752088
v 3.425600 6.496160 2.311525
v 3.444002 6.496588 3.140409
v 3.472512 6.486757 0.912933
v 3.425600 6.496160 1.192651
v 3.424534 6.496374 0.599991
v 3.916304 6.496588 0.353497
v 3.916304 6.496588 3.150680
v 4.172968 3.767958 3.140409
v 4.423617 7.095403 2.903882
v 3.686332 7.033054 3.144585
v 3.043965 5.187096 3.140409
v 4.383232 5.027851 3.140409
v 2.296929 4.869613 3.140409
v 1.628900 4.808443 3.140409
v 1.108734 4.674546 3.140409
v 0.695571 4.395040 3.140409
v 3.424534 6.496374 2.904186
v 4.388605 6.496588 3.140409
v 4.409140 5.809138 3.068515
v 3.272857 5.831884 3.068515
v 4.010210 7.140188 3.138491
v 3.514784 6.885793 3.070980
v 4.381948 3.807292 3.068515
v 4.400479 6.885793 3.070980
v 2.680676 4.940195 3.068514
v 1.372842 4.848035 3.068514
v 1.941647 4.887509 3.068514
v 0.874138 4.733174 3.068514
v 0.631960 3.786266 3.068514
v 2.296930 3.759616 0.363767
v 3.030856 5.194845 0.604615
v 3.686332 7.033054 0.359591
v 4.258450 7.033054 0.359591
v 2.297401 4.898866 0.599991
v 1.621451 3.759504 0.363767
v 1.636346 4.888635 0.599991
v 1.082873 3.759263 0.363767
v 1.133165 4.860424 0.599991
v 0.704123 3.761916 0.363767
v 0.678075 4.623832 0.604098
v 3.444002 6.496588 0.363767
v 3.272857 5.831884 0.435662
v 4.409140 5.809138 0.435662
v 4.010210 7.140188 0.365685
v 4.400479 6.885793 0.433197
v 0.631960 3.786266 0.435662
v 0.874138 4.733174 0.435662
v 1.372842 4.848035 0.435662
v 1.941647 4.887509 0.435662
v 3.514784 6.885793 0.433197
v 2.680676 4.940195 0.435662
v 4.381948 3.807292 0.435662
v 3.183630 4.383619 3.150679
v 4.192884 4.393790 3.150680
v 4.192884 4.393790 0.353497
v 3.182469 3.807292 0.353497
v 2.296929 4.345815 3.150680
v 2.296929 3.806484 0.353497
v 1.621762 4.285954 3.150680
v 1.621451 3.801406 0.353497
v 1.083950 4.157973 3.150679
v 1.082873 3.790560 0.353497
v 0.700474 4.056778 3.150680
v 0.703959 3.780459 0.353497
v 0.606543 4.283155 1.026854
v 0.631796 3.788437 0.786470
v 0.606543 4.283155 1.586291
v 0.631796 3.788437 1.356981
v 0.606543 4.283155 2.145727
v 0.631796 3.788437 1.916418
v 0.606543 4.283155 2.715906
v 0.631796 3.788437 2.475854
v 4.381948 3.807292 2.717707
v 4.381948 3.807292 2.147196
v 4.381948 3.807292 1.587759
v 4.381948 3.807292 1.028322
v 4.409140 4.393790 3.068515
v 0.615479 4.228671 3.068515
v 0.615479 4.228671 0.435662
v 4.409140 4.393790 0.435662
v 0.628845 3.890121 0.363767
v 0.615792 3.938522 2.901417
v 4.381948 3.983842 3.140409
v 0.615627 3.940693 2.592627
v 0.615627 3.940693 2.031806
v 0.615627 3.940693 1.472370
v 0.615627 3.940693 0.911549
v 0.615628 3.940693 1.752088
v 0.615628 3.940693 1.192652
v 0.615792 3.938522 0.602760
v 0.857134 3.876615 3.150679
v 0.628845 3.890121 3.140409
v 0.615628 3.940693 2.311525
v 1.337968 3.934780 0.353497
v 1.337968 3.934780 3.150679
v 0.857135 3.876615 0.353497
v 1.940095 3.971565 0.353497
v 1.940095 3.971565 3.150679
v 2.700165 3.983375 0.353497
v 2.700165 3.983375 3.150679
v 3.739149 3.983842 3.150680
v 3.739149 3.983842 0.353497
v 4.381948 3.983842 0.363767
v 3.911618 7.409122 2.592628
v 4.192433 7.457243 2.475854
v 4.416685 7.409122 2.592628
v 4.192433 7.457243 2.717707
v 3.911618 7.409122 2.031806
v 4.192433 7.457243 1.916418
v 4.416685 7.409122 2.031806
v 4.192433 7.457243 2.147196
v 3.911618 7.409122 1.472370
v 4.192433 7.457243 1.356981
v 4.416685 7.409122 1.472370
v 4.192433 7.457243 1.587759
v 3.911618 7.409122 0.911549
v 4.192433 7.457243 0.786470
v 4.416685 7.409122 0.911549
v 4.192433 7.457243 1.028322
v 3.918597 7.403626 0.608085
v 4.403246 7.403626 0.608085
v 3.911618 7.409122 1.192652
v 4.416685 7.409122 1.192652
v 3.911618 7.409122 1.752088
v 4.416685 7.409122 1.752088
v 3.911618 7.409122 2.311525
v 4.416685 7.409122 2.311525
v 3.918598 7.403626 2.896091
v 4.403246 7.403626 2.896091
v 4.157692 7.398131 3.054440
v 4.157692 7.398131 0.449736
v 4.470755 7.273690 1.587759
v 3.705005 7.274528 1.917885
v 4.470755 7.273690 1.916418
v 3.705005 7.274528 2.145727
v 3.824712 7.270496 0.440234
v 3.705005 7.274528 0.788270
v 3.705005 7.274528 1.026854
v 4.344761 7.270496 3.063943
v 4.470755 7.273690 0.786470
v 4.344762 7.270496 0.440234
v 3.705005 7.274528 2.477322
v 4.470755 7.273690 2.147195
v 4.382108 4.393790 -0.363768
v 3.954479 6.877487 -3.150680
v 2.682079 4.935686 -0.601148
v 3.954479 6.877487 -0.353498
v 3.508733 6.887039 -0.600287
v 3.507849 6.886838 -1.192652
v 3.742007 4.392849 -0.353498
v 3.742007 4.392849 -3.150680
v 2.700165 3.807191 -3.150680
v 1.942370 4.894447 -0.599992
v 2.700295 4.359627 -0.353498
v 3.735624 3.760677 -0.363768
v 1.940095 3.804636 -3.150680
v 1.940134 4.324021 -0.353498
v 0.858509 4.081279 -0.353497
v 1.337968 3.796678 -3.150680
v 1.338840 4.230257 -0.353498
v 1.378922 4.880755 -0.599992
v 0.610335 4.281801 -2.311525
v 0.875833 4.801987 -0.600903
v 0.631273 4.130345 -3.140409
v 0.858481 3.783950 -3.150680
v 0.875002 4.811682 -1.192652
v 0.875002 4.811682 -1.752089
v 0.875002 4.811682 -2.311525
v 0.868540 4.566397 -3.140409
v 0.858502 3.759475 -0.363768
v 3.340283 5.832216 -0.912934
v 0.611609 4.274428 -0.603210
v 0.610335 4.281801 -1.192652
v 0.610335 4.281801 -1.752089
v 1.337968 3.759398 -0.363768
v 1.942859 4.894259 -1.192652
v 1.942859 4.894259 -1.752088
v 1.942859 4.894259 -2.311525
v 1.941026 4.847001 -3.140409
v 1.379771 4.884258 -1.192652
v 1.379771 4.884258 -1.752089
v 1.379771 4.884258 -2.311525
v 1.358892 4.752328 -3.140409
v 2.700165 3.759632 -0.363768
v 2.683481 4.930909 -1.192652
v 2.683481 4.930909 -1.752089
v 2.683481 4.930909 -2.311525
v 2.684054 4.915836 -3.140409
v 1.940095 3.759575 -0.363768
v 4.410255 6.887294 -2.902034
v 3.535984 6.879690 -3.141026
v 3.718993 7.272518 -0.603926
v 3.507849 6.886838 -2.311525
v 3.507849 6.886838 -1.752089
v 4.412333 6.887349 -2.311525
v 4.412333 6.887349 -1.752089
v 4.412333 6.887349 -1.192652
v 4.374250 6.879690 -0.363152
v 3.977758 7.075427 -0.355689
v 3.706600 7.278129 -2.031807
v 4.470755 7.273690 -1.752089
v 3.704940 7.273535 -1.752089
v 1.952783 4.864013 -1.959241
v 2.684194 4.872251 -2.521910
v 0.865662 4.798453 -2.101340
v 2.684194 4.872251 -2.661833
v 0.631796 3.788437 -0.911550
v 0.631796 3.788437 -1.472370
v 0.631796 3.788437 -2.031807
v 0.631796 3.788437 -2.592628
v 1.379276 4.854183 -2.518677
v 1.952783 4.864013 -2.104373
v 3.069411 4.875462 -2.591346
v 0.865662 4.798453 -1.402838
v 1.379276 4.854183 -2.665194
v 2.684194 4.872251 -1.962473
v 0.598975 4.735219 -1.472370
v 1.379276 4.854183 -1.959241
v 1.952783 4.864013 -1.399804
v 2.684194 4.872251 -2.101140
v 0.865662 4.798453 -1.541903
v 1.379276 4.854183 -2.104373
v 4.381948 3.807292 -2.592628
v 4.381948 3.807292 -2.031807
v 4.381948 3.807292 -1.472370
v 4.381948 3.807292 -0.911550
v 4.470755 7.273690 -1.472370
v 4.470755 7.273690 -2.592628
v 3.718993 7.272517 -2.900252
v 4.470755 7.273690 -1.192652
v 3.314613 5.828124 -2.101140
v 3.526140 6.874601 -1.402838
v 3.568750 7.070378 -0.912786
v 3.314613 5.828124 -1.541704
v 3.340283 5.832216 -1.472371
v 3.340283 5.832216 -2.031807
v 3.340283 5.832216 -2.591244
v 3.147941 5.001521 -2.031807
v 3.526140 6.874601 -1.962274
v 3.568750 7.070378 -2.591391
v 3.568750 7.070378 -1.472370
v 3.314613 5.828124 -2.661833
v 3.147941 5.001521 -0.912831
v 3.526140 6.874601 -2.521710
v 3.314613 5.828124 -0.982268
v 3.147941 5.001521 -2.591346
v 3.526140 6.874601 -0.842100
v 3.147941 5.001521 -1.472371
v 3.568750 7.070378 -2.031807
v 0.857323 4.772200 -0.912934
v 0.857323 4.772200 -1.472371
v 0.857323 4.772200 -2.031807
v 0.857323 4.772200 -2.591244
v 1.962707 4.833766 -0.912934
v 1.962707 4.833766 -1.472370
v 1.962707 4.833766 -2.031807
v 1.962707 4.833766 -2.591244
v 1.378780 4.824108 -0.912934
v 1.378780 4.824108 -1.472370
v 1.378780 4.824108 -2.031807
v 1.378780 4.824108 -2.591244
v 2.689729 4.840133 -0.912934
v 2.689729 4.840133 -1.472371
v 2.689729 4.840133 -2.031807
v 2.689729 4.840133 -2.591244
v 0.598975 4.735219 -2.031807
v 0.865662 4.798453 -1.962274
v 1.952783 4.864013 -2.665194
v 3.069411 4.875462 -0.912831
v 2.684194 4.872251 -0.982268
v 1.952783 4.864013 -0.985500
v 0.865662 4.798453 -2.662077
v 1.952783 4.864013 -2.518677
v 2.684194 4.872251 -0.842344
v 0.598975 4.735219 -2.591391
v 1.379276 4.854183 -0.985500
v 0.865662 4.798453 -0.982467
v 3.069411 4.875462 -1.472370
v 1.952783 4.864013 -0.838983
v 0.865662 4.798453 -2.521711
v 1.379276 4.854183 -0.838983
v 0.598975 4.735219 -0.912786
v 2.684194 4.872251 -1.541704
v 1.379276 4.854183 -1.544937
v 0.865662 4.798453 -0.842100
v 2.684194 4.872251 -1.403037
v 1.952783 4.864013 -1.544936
v 1.379276 4.854183 -1.399804
v 3.069411 4.875462 -2.031807
v 3.314613 5.828124 -0.842344
v 3.526140 6.874601 -0.982467
v 3.314613 5.828124 -2.521910
v 3.526140 6.874601 -2.662077
v 3.314613 5.828124 -1.962473
v 3.547876 6.867854 -2.591243
v 3.547876 6.867854 -2.031807
v 3.547876 6.867854 -1.472370
v 3.526140 6.874601 -1.541903
v 3.314613 5.828124 -1.403037
v 3.526140 6.874601 -2.101340
v 4.412333 6.887349 -0.911550
v 4.412333 6.887349 -1.472370
v 4.412333 6.887349 -2.031807
v 4.412333 6.887349 -2.592628
v 4.385829 5.809138 -0.363768
v 3.276652 5.824175 -1.752089
v 3.276652 5.824175 -2.311525
v 3.295174 5.827151 -3.140409
v 3.547876 6.867854 -0.912934
v 3.276652 5.824175 -1.192652
v 3.274754 5.828029 -0.601148
v 3.845795 5.808197 -0.353498
v 3.845795 5.808197 -3.150680
v 4.385829 5.809138 -3.140409
v 3.274754 5.828029 -2.903030
v 3.735624 3.760677 -3.140409
v 3.977758 7.075426 -3.148489
v 3.508733 6.887039 -2.903891
v 4.382108 4.393790 -3.140409
v 4.374251 6.879690 -3.141026
v 2.682079 4.935686 -2.903030
v 2.700165 3.759632 -3.140409
v 1.378922 4.880755 -2.904186
v 1.942370 4.894447 -2.904186
v 0.875833 4.801987 -2.903274
v 0.611609 4.274428 -2.900967
v 1.337969 3.759399 -3.140409
v 0.858502 3.759475 -3.140409
v 1.940095 3.759575 -3.140409
v 3.295174 5.827151 -0.363768
v 3.706600 7.278129 -1.472370
v 4.410255 6.887294 -0.602144
v 0.631273 4.130345 -0.363768
v 0.868540 4.566397 -0.363768
v 1.358892 4.752328 -0.363768
v 1.941026 4.847002 -0.363768
v 3.535984 6.879690 -0.363152
v 2.684054 4.915836 -0.363768
v 4.381948 3.807292 -0.602760
v 0.641228 3.782310 -0.363768
v 0.631817 3.788166 -2.901417
v 4.355762 3.807432 -3.140409
v 0.601904 4.279415 -2.592544
v 0.601904 4.279415 -2.031807
v 0.601904 4.279415 -1.472370
v 0.601904 4.279415 -0.911633
v 4.381948 3.807292 -1.752089
v 4.381948 3.807292 -2.311525
v 4.381948 3.807292 -2.901417
v 0.631796 3.788437 -1.752089
v 0.631796 3.788437 -1.192652
v 0.631817 3.788166 -0.602760
v 0.858509 4.081279 -3.150680
v 0.641228 3.782310 -3.140409
v 0.631796 3.788437 -2.311525
v 1.337969 3.796678 -0.353498
v 1.338840 4.230257 -3.150680
v 0.858481 3.783950 -0.353498
v 1.940095 3.804636 -0.353498
v 1.940134 4.324021 -3.150680
v 2.700165 3.807191 -0.353498
v 2.700295 4.359627 -3.150680
v 3.735624 3.807433 -3.150680
v 4.381948 3.807292 -1.192652
v 3.735624 3.807432 -0.353498
v 4.355762 3.807433 -0.363768
v 4.188068 7.449818 -2.898755
v 4.192433 7.457243 -1.192652
v 4.192433 7.457243 -1.752089
v 4.192433 7.457243 -2.311525
v 4.192433 7.457243 -2.592628
v 4.192433 7.457243 -2.031807
v 4.192433 7.457243 -1.472370
v 4.192433 7.457243 -0.911550
v 4.188068 7.449818 -0.605423
v 3.706600 7.278129 -0.911633
v 4.455174 7.272595 -2.900702
v 4.455174 7.272595 -0.603475
v 3.704940 7.273535 -2.311525
v 4.086795 7.276238 -3.121862
v 4.470755 7.273690 -2.031807
v 4.470755 7.273690 -0.911550
v 4.470755 7.273690 -2.311525
v 3.704940 7.273535 -1.192652
v 4.086795 7.276238 -0.382316
v 3.706600 7.278129 -2.592545
v 4.382108 4.393790 0.363767
v 3.954479 6.877487 3.150680
v 2.682079 4.935686 0.601147
v 3.954479 6.877487 0.353497
v 3.508733 6.887039 0.600286
v 3.507849 6.886838 1.192651
v 3.742007 4.392849 0.353497
v 3.742007 4.392849 3.150679
v 2.700165 3.807191 3.150680
v 1.942370 4.894446 0.599991
v 2.700295 4.359627 0.353497
v 3.735624 3.760677 0.363767
v 1.940095 3.804636 3.150680
v 1.940134 4.324021 0.353497
v 0.858509 4.081279 0.353497
v 1.337969 3.796678 3.150680
v 1.338840 4.230257 0.353497
v 1.378922 4.880755 0.599991
v 0.610335 4.281801 2.311525
v 0.875833 4.801987 0.600902
v 0.631273 4.130345 3.140409
v 0.858481 3.783950 3.150680
v 0.875002 4.811682 1.192651
v 0.875002 4.811682 1.752088
v 0.875002 4.811682 2.311525
v 0.868540 4.566397 3.140409
v 0.858502 3.759475 0.363767
v 3.340283 5.832216 0.912933
v 0.611609 4.274428 0.603210
v 0.610335 4.281801 1.192651
v 0.610335 4.281801 1.752088
v 1.337968 3.759398 0.363767
v 1.942859 4.894259 1.192652
v 1.942859 4.894259 1.752088
v 1.942859 4.894259 2.311525
v 1.941026 4.847001 3.140409
v 1.379771 4.884258 1.192652
v 1.379771 4.884258 1.752088
v 1.379771 4.884258 2.311525
v 1.358893 4.752328 3.140409
v 2.700165 3.759632 0.363767
v 2.683481 4.930909 1.192652
v 2.683481 4.930909 1.752088
v 2.683481 4.930909 2.311525
v 2.684054 4.915836 3.140409
v 1.940095 3.759575 0.363767
v 4.410255 6.887294 2.902033
v 3.535984 6.879690 3.141025
v 3.718993 7.272517 0.603925
v 3.507849 6.886838 2.311525
v 3.507849 6.886838 1.752088
v 4.412333 6.887349 2.311525
v 4.412333 6.887349 1.752089
v 4.412333 6.887349 1.192652
v 4.374251 6.879690 0.363151
v 3.977758 7.075426 0.355688
v 3.706600 7.278129 2.031806
v 4.470755 7.273690 1.752088
v 3.704940 7.273534 1.752088
v 1.952783 4.864013 1.959240
v 2.684194 4.872251 2.521909
v 0.865662 4.798453 2.101339
v 2.684194 4.872251 2.661833
v 0.631796 3.788437 0.911549
v 0.631796 3.788437 1.472370
v 0.631796 3.788437 2.031806
v 0.631796 3.788437 2.592628
v 1.379276 4.854183 2.518677
v 1.952783 4.864013 2.104373
v 3.069411 4.875462 2.591345
v 0.865662 4.798453 1.402837
v 1.379275 4.854183 2.665193
v 2.684194 4.872251 1.962473
v 0.598975 4.735219 1.472370
v 1.379276 4.854183 1.959241
v 1.952783 4.864013 1.399804
v 2.684194 4.872251 2.101140
v 0.865662 4.798453 1.541903
v 1.379276 4.854183 2.104373
v 4.381948 3.807292 2.592627
v 4.381948 3.807292 2.031806
v 4.381948 3.807292 1.472370
v 4.381948 3.807292 0.911549
v 4.470755 7.273690 1.472370
v 4.470755 7.273690 2.592628
v 3.718993 7.272517 2.900252
v 4.470755 7.273690 1.192652
v 3.314613 5.828124 2.101140
v 3.526140 6.874601 1.402837
v 3.568750 7.070378 0.912786
v 3.314613 5.828124 1.541703
v 3.340283 5.832216 1.472370
v 3.340283 5.832216 2.031806
v 3.340283 5.832216 2.591243
v 3.147942 5.001521 2.031806
v 3.526140 6.874601 1.962274
v 3.568750 7.070378 2.591391
v 3.568750 7.070378 1.472370
v 3.314613 5.828124 2.661833
v 3.147942 5.001521 0.912831
v 3.526140 6.874601 2.521710
v 3.314613 5.828124 0.982267
v 3.147942 5.001521 2.591345
v 3.526140 6.874601 0.842099
v 3.147942 5.001521 1.472370
v 3.568750 7.070378 2.031806
v 0.857323 4.772200 0.912933
v 0.857323 4.772200 1.472370
v 0.857323 4.772200 2.031806
v 0.857323 4.772200 2.591243
v 1.962707 4.833766 0.912933
v 1.962707 4.833766 1.472370
v 1.962707 4.833766 2.031806
v 1.962707 4.833766 2.591243
v 1.378780 4.824108 0.912933
v 1.378780 4.824108 1.472370
v 1.378780 4.824108 2.031806
v 1.378780 4.824108 2.591243
v 2.689729 4.840133 0.912933
v 2.689729 4.840133 1.472370
v 2.689729 4.840133 2.031806
v 2.689729 4.840133 2.591243
v 0.598975 4.735219 2.031806
v 0.865662 4.798453 1.962274
v 1.952783 4.864013 2.665193
v 3.069411 4.875462 0.912831
v 2.684194 4.872251 0.982267
v 1.952783 4.864013 0.985499
v 0.865662 4.798453 2.662077
v 1.952783 4.864013 2.518677
v 2.684194 4.872251 0.842344
v 0.598975 4.735219 2.591391
v 1.379276 4.854183 0.985499
v 0.865662 4.798453 0.982466
v 3.069411 4.875462 1.472370
v 1.952783 4.864013 0.838983
v 0.865662 4.798453 2.521710
v 1.379276 4.854183 0.838983
v 0.598975 4.735219 0.912786
v 2.684194 4.872251 1.541703
v 1.379276 4.854183 1.544936
v 0.865662 4.798453 0.842099
v 2.684194 4.872251 1.403036
v 1.952783 4.864013 1.544936
v 1.379276 4.854183 1.399804
v 3.069411 4.875462 2.031806
v 3.314613 5.828124 0.842344
v 3.526140 6.874601 0.982466
v 3.314613 5.828124 2.521909
v 3.526140 6.874601 2.662077
v 3.314613 5.828124 1.962473
v 3.547876 6.867854 2.591243
v 3.547876 6.867854 2.031806
v 3.547876 6.867854 1.472370
v 3.526140 6.874601 1.541903
v 3.314613 5.828124 1.403036
v 3.526140 6.874601 2.101339
v 4.412333 6.887349 0.911549
v 4.412333 6.887349 1.472370
v 4.412333 6.887349 2.031806
v 4.412333 6.887349 2.592628
v 4.385829 5.809138 0.363767
v 3.276652 5.824175 1.752088
v 3.276652 5.824175 2.311525
v 3.295174 5.827151 3.140409
v 3.547876 6.867854 0.912933
v 3.276652 5.824175 1.192652
v 3.274754 5.828029 0.601147
v 3.845795 5.808197 0.353497
v 3.845795 5.808197 3.150680
v 4.385829 5.809138 3.140409
v 3.274754 5.828029 2.903029
v 3.735624 3.760677 3.140409
v 3.977758 7.075426 3.148488
v 3.508733 6.887039 2.903890
v 4.382108 4.393790 3.140409
v 4.374250 6.879690 3.141025
v 2.682079 4.935686 2.903029
v 2.700165 3.759632 3.140409
v 1.378922 4.880755 2.904186
v 1.942370 4.894446 2.904185
v 0.875833 4.801987 2.903274
v 0.611609 4.274428 2.900966
v 1.337968 3.759399 3.140409
v 0.858502 3.759475 3.140409
v 1.940095 3.759575 3.140409
v 3.295174 5.827151 0.363767
v 3.706600 7.278129 1.472370
v 4.410255 6.887294 0.602143
v 0.631273 4.130345 0.363767
v 0.868540 4.566397 0.363767
v 1.358893 4.752328 0.363767
v 1.941026 4.847002 0.363767
v 3.535984 6.879690 0.363151
v 2.684054 4.915836 0.363767
v 4.381948 3.807292 0.602760
v 0.641228 3.782310 0.363767
v 0.631817 3.788166 2.901417
v 4.355762 3.807433 3.140409
v 0.601904 4.279415 2.592544
v 0.601904 4.279415 2.031806
v 0.601904 4.279415 1.472370
v 0.601904 4.279415 0.911632
v 4.381948 3.807292 1.752088
v 4.381948 3.807292 2.311524
v 4.381948 3.807292 2.901417
v 0.631796 3.788437 1.752088
v 0.631796 3.788437 1.192652
v 0.631817 3.788166 0.602760
v 0.858509 4.081279 3.150679
v 0.641228 3.782310 3.140409
v 0.631796 3.788437 2.311525
v 1.337968 3.796678 0.353497
v 1.338840 4.230257 3.150680
v 0.858481 3.783950 0.353497
v 1.940095 3.804636 0.353497
v 1.940134 4.324020 3.150680
v 2.700165 3.807191 0.353497
v 2.700295 4.359627 3.150679
v 3.735624 3.807433 3.150680
v 4.381948 3.807292 1.192652
v 3.735624 3.807433 0.353497
v 4.355762 3.807433 0.363767
v 4.188069 7.449818 2.898754
v 4.192433 7.457243 1.192652
v 4.192433 7.457243 1.752089
v 4.192433 7.457243 2.311525
v 4.192433 7.457243 2.592628
v 4.192433 7.457243 2.031807
v 4.192433 7.457243 1.472370
v 4.192433 7.457243 0.911549
v 4.188068 7.449818 0.605422
v 3.706600 7.278129 0.911632
v 4.455174 7.272595 2.900702
v 4.455174 7.272595 0.603475
v 3.704940 7.273534 2.311525
v 4.086795 7.276238 3.121861
v 4.470755 7.273690 2.031807
v 4.470755 7.273690 0.911549
v 4.470755 7.273690 2.311525
v 3.704940 7.273534 1.192652
v 4.086795 7.276238 0.382315
v 3.706600 7.278129 2.592544
v -1.813520 5.299077 1.948089
v -1.791546 5.267148 1.955346
v -1.772917 5.240080 1.976011
v -1.760469 5.221994 2.006940
v -1.756099 5.215643 2.043423
v -1.760469 5.221994 2.079906
v -1.772917 5.240080 2.110835
v -1.791546 5.267148 2.131500
v -1.813520 5.299077 2.138758
v -1.835495 5.331006 2.131500
v -1.854123 5.358074 2.110835
v -1.866571 5.380995 2.079906
v -1.870942 5.395240 2.043423
v -1.866571 5.389121 2.006940
v -1.854123 5.363416 1.976011
v -1.835495 5.331006 1.955346
v -0.723858 5.972594 1.900380
v -0.759546 6.024448 1.888594
v -0.693605 5.928634 1.933942
v -0.673388 5.899260 1.984173
v -0.666289 5.888946 2.043424
v -0.673388 5.899260 2.102675
v -0.693605 5.928634 2.152905
v -0.723858 5.972594 2.186468
v -0.759546 6.024449 2.198254
v -0.795233 6.076303 2.186468
v -0.825488 6.120264 2.152905
v -0.845703 6.149636 2.102675
v -0.852803 6.159951 2.043424
v -0.845703 6.149636 1.984173
v -0.825488 6.120263 1.933942
v -0.795233 6.076303 1.900380
v -0.666289 5.888946 2.828568
v -0.852803 6.159951 2.828568
v -0.666289 5.888946 1.249535
v -0.852803 6.159951 1.249535
v -0.611157 5.926889 2.828568
v -0.797670 6.197895 2.828568
v -0.611157 5.926889 1.249535
v -0.797670 6.197895 1.249535
v -0.252044 5.369413 2.112665
v -0.252044 5.369413 1.996542
v -0.307176 5.331470 1.996542
v -0.307176 5.331470 2.112665
v -0.852803 6.159951 1.885077
v -0.852803 6.159951 2.192673
v -0.666289 5.888946 2.192673
v -0.666289 5.888946 1.885077
v -0.797670 6.197895 2.192673
v -0.797670 6.197895 1.885077
v -0.611157 5.926889 1.885077
v -0.611157 5.926889 2.192673
v -0.219357 5.199570 2.043702
v -0.177379 5.255604 2.043702
v -0.182658 5.324398 2.043702
v -0.230016 5.372032 2.043702
v -0.294956 5.378727 2.043702
v -0.349375 5.344165 2.043702
v -0.370925 5.282538 2.043702
v -0.347943 5.219422 2.043702
v -0.287922 5.185398 2.043702
v -0.245867 5.241309 1.749848
v -0.203238 5.296319 1.757061
v -0.206918 5.362597 1.774774
v -0.252554 5.407521 1.793855
v -0.316434 5.412544 1.805625
v -0.370853 5.377982 1.805625
v -0.393465 5.318027 1.793855
v -0.372205 5.257621 1.774774
v -0.313779 5.226112 1.757061
v -0.322800 5.362443 1.484759
v -0.278283 5.414479 1.498477
v -0.277325 5.473455 1.532171
v -0.317967 5.510513 1.568465
v -0.378764 5.510685 1.590855
v -0.433185 5.476122 1.590855
v -0.458875 5.421020 1.568465
v -0.442612 5.368479 1.532171
v -0.388824 5.344273 1.498477
v -0.442625 5.551112 1.274383
v -0.395169 5.598518 1.293264
v -0.386987 5.646121 1.339640
v -0.419848 5.670928 1.389594
v -0.475846 5.663542 1.420411
v -0.530266 5.628980 1.420411
v -0.560758 5.581435 1.389594
v -0.552275 5.541145 1.339640
v -0.505710 5.528313 1.293264
v -0.593615 5.788849 1.139313
v -0.542452 5.830420 1.161510
v -0.525170 5.863692 1.216028
v -0.548226 5.873063 1.274752
v -0.598176 5.856153 1.310979
v -0.652597 5.821590 1.310979
v -0.689138 5.783568 1.274752
v -0.690458 5.758716 1.216028
v -0.652995 5.760214 1.161510
v -0.760991 6.052383 1.092771
v -0.705720 6.087486 1.116111
v -0.678347 6.104871 1.173434
v -0.690536 6.097130 1.235180
v -0.733781 6.069665 1.273272
v -0.788201 6.035102 1.273272
v -0.831447 6.007637 1.235180
v -0.843635 5.999895 1.173434
v -0.816262 6.017281 1.116111
v -0.928365 6.315918 1.139313
v -0.868986 6.344553 1.161510
v -0.831524 6.346050 1.216028
v -0.832845 6.321198 1.274752
v -0.869385 6.283176 1.310979
v -0.923804 6.248613 1.310979
v -0.973755 6.231706 1.274752
v -0.996811 6.241076 1.216028
v -0.979528 6.274347 1.161510
v -1.079356 6.553655 1.274383
v -1.016271 6.576455 1.293265
v -0.969707 6.563622 1.339640
v -0.961223 6.523333 1.389594
v -0.991715 6.475788 1.420411
v -1.046135 6.441225 1.420411
v -1.102133 6.433840 1.389594
v -1.134993 6.458647 1.339640
v -1.126812 6.506249 1.293264
v -1.199182 6.742324 1.484759
v -1.133157 6.760495 1.498478
v -1.079369 6.736289 1.532171
v -1.063104 6.683748 1.568465
v -1.088797 6.628645 1.590855
v -1.143217 6.594082 1.590855
v -1.204014 6.594254 1.568465
v -1.244656 6.631312 1.532171
v -1.243697 6.690289 1.498478
v -1.276115 6.863458 1.749848
v -1.208202 6.878655 1.757061
v -1.149776 6.847146 1.774774
v -1.128517 6.786740 1.793855
v -1.151127 6.726786 1.805626
v -1.205547 6.692223 1.805626
v -1.269426 6.697247 1.793855
v -1.315063 6.742169 1.774774
v -1.318743 6.808447 1.757061
v -1.302625 6.905198 2.043702
v -1.234060 6.919369 2.043702
v -1.174036 6.885345 2.043702
v -1.151055 6.822229 2.043702
v -1.172605 6.760602 2.043702
v -1.227024 6.726040 2.043702
v -1.291966 6.732735 2.043702
v -1.339324 6.780370 2.043702
v -1.344602 6.849163 2.043702
v -1.276115 6.863459 2.337555
v -1.208202 6.878655 2.330343
v -1.149776 6.847147 2.312629
v -1.128516 6.786740 2.293548
v -1.151127 6.726786 2.281778
v -1.205547 6.692223 2.281778
v -1.269426 6.697247 2.293548
v -1.315062 6.742171 2.312629
v -1.318743 6.808448 2.330343
v -1.199182 6.742324 2.602646
v -1.133156 6.760495 2.588927
v -1.079369 6.736289 2.555233
v -1.063104 6.683748 2.518939
v -1.088797 6.628645 2.496550
v -1.143216 6.594082 2.496550
v -1.204014 6.594254 2.518939
v -1.244656 6.631312 2.555233
v -1.243697 6.690289 2.588927
v -1.079355 6.553655 2.813021
v -1.016271 6.576455 2.794140
v -0.969706 6.563622 2.747763
v -0.961223 6.523333 2.697810
v -0.991715 6.475788 2.666992
v -1.046135 6.441225 2.666992
v -1.102133 6.433839 2.697810
v -1.134994 6.458647 2.747764
v -1.126812 6.506249 2.794140
v -0.928365 6.315918 2.948091
v -0.868986 6.344553 2.925894
v -0.831524 6.346050 2.871376
v -0.832845 6.321198 2.812652
v -0.869385 6.283176 2.776425
v -0.923804 6.248613 2.776425
v -0.973754 6.231706 2.812652
v -0.996811 6.241076 2.871376
v -0.979527 6.274347 2.925894
v -0.760991 6.052383 2.994633
v -0.705720 6.087486 2.971294
v -0.678347 6.104871 2.913970
v -0.690535 6.097130 2.852223
v -0.733781 6.069665 2.814132
v -0.788201 6.035101 2.814132
v -0.831445 6.007637 2.852224
v -0.843634 5.999896 2.913970
v -0.816262 6.017281 2.971294
v -0.593615 5.788850 2.948091
v -0.542452 5.830420 2.925894
v -0.525170 5.863692 2.871376
v -0.548225 5.873063 2.812652
v -0.598176 5.856153 2.776425
v -0.652597 5.821590 2.776425
v -0.689138 5.783568 2.812652
v -0.690458 5.758716 2.871376
v -0.652995 5.760214 2.925894
v -0.442625 5.551113 2.813022
v -0.395169 5.598519 2.794141
v -0.386987 5.646121 2.747764
v -0.419849 5.670929 2.697810
v -0.475846 5.663542 2.666993
v -0.530266 5.628980 2.666993
v -0.560758 5.581435 2.697810
v -0.552274 5.541145 2.747764
v -0.505710 5.528313 2.794141
v -0.322800 5.362443 2.602645
v -0.278285 5.414480 2.588927
v -0.277325 5.473455 2.555233
v -0.317967 5.510513 2.518939
v -0.378764 5.510685 2.496550
v -0.433185 5.476122 2.496550
v -0.458875 5.421020 2.518939
v -0.442612 5.368479 2.555233
v -0.388824 5.344273 2.588927
v -0.245867 5.241309 2.337555
v -0.203239 5.296319 2.330344
v -0.206918 5.362597 2.312631
v -0.252554 5.407521 2.293549
v -0.316434 5.412544 2.281778
v -0.370854 5.377982 2.281778
v -0.393465 5.318027 2.293549
v -0.372205 5.257621 2.312631
v -0.313779 5.226113 2.330344
v -1.960168 3.310192 -3.815123
v -1.960168 6.043611 -3.815123
v -1.960168 3.310192 -4.091830
v -1.960168 6.043611 -4.091830
v 4.409140 3.310192 -3.815123
v 4.409140 6.043611 -3.815123
v 4.409140 3.310192 -4.091830
v 4.409140 6.043611 -4.091830
v -1.960168 6.043611 -3.815123
v -0.550219 10.183916 -3.815123
v -1.960168 6.043611 -4.127944
v -0.550219 10.183916 -4.127944
v -1.602766 6.043611 -3.815123
v -0.192817 10.183916 -3.815123
v -1.602766 6.043611 -4.127944
v -0.192817 10.183916 -4.127944
v 4.051737 6.043611 -3.815123
v 2.647794 10.183916 -3.815123
v 4.051737 6.043611 -4.127944
v 2.647794 10.183916 -4.127944
v 4.409140 6.043611 -3.815123
v 3.005196 10.183916 -3.815123
v 4.409140 6.043611 -4.127944
v 3.005196 10.183916 -4.127944
v 2.717991 9.976900 -3.815123
v 2.717991 9.976900 -4.127944
v 3.075394 9.976900 -4.127944
v 3.075394 9.976900 -3.815123
v -0.620716 9.976900 -3.815123
v -0.620716 9.976900 -4.127944
v -0.263314 9.976900 -4.127944
v -0.263314 9.976900 -3.815123
v -1.960168 3.310192 3.815123
v -1.960168 6.043611 3.815123
v -1.960168 3.310192 4.091830
v -1.960168 6.043611 4.091830
v 4.409140 3.310192 3.815123
v 4.409140 6.043611 3.815123
v 4.409140 3.310192 4.091830
v 4.409140 6.043611 4.091830
v -1.960168 6.043611 3.815123
v -0.550219 10.183916 3.815123
v -1.960168 6.043611 4.127944
v -0.550219 10.183916 4.127944
v -1.602766 6.043611 3.815123
v -0.192817 10.183916 3.815123
v -1.602766 6.043611 4.127944
v -0.192817 10.183916 4.127944
v 4.051737 6.043611 3.815123
v 2.647794 10.183916 3.815123
v 4.051737 6.043611 4.127944
v 2.647794 10.183916 4.127944
v 4.409140 6.043611 3.815123
v 3.005196 10.183916 3.815123
v 4.409140 6.043611 4.127944
v 3.005196 10.183916 4.127944
v 2.717991 9.976900 3.815123
v 2.717991 9.976900 4.127944
v 3.075394 9.976900 4.127944
v 3.075394 9.976900 3.815123
v -0.620716 9.976900 3.815123
v -0.620716 9.976900 4.127944
v -0.263314 9.976900 4.127944
v -0.263314 9.976900 3.815123
v 9.327887 4.738372 1.294081
v 9.327887 6.043611 1.470582
v 9.327887 4.738372 -1.294081
v 9.327887 6.043611 -1.470582
v 9.327887 5.390270 1.294081
v 9.327887 5.390270 -1.294081
v 10.991580 5.390270 -1.294081
v 10.991580 5.390270 1.294081
v 9.327887 5.421783 1.470582
v 9.327887 5.421783 -1.470582
v 9.377618 6.181304 1.394633
v 9.377618 6.181304 -1.394633
v 9.547991 6.319666 1.134436
v 9.547991 6.319666 -1.134436
v 11.253724 6.043611 1.061616
v 11.036778 6.043611 1.470582
v 11.190182 6.043611 1.350799
v 11.036778 6.043611 -1.470582
v 11.253724 6.043611 -1.061616
v 11.190182 6.043611 -1.350799
v 11.037750 5.421783 -1.470582
v 11.253724 5.421783 -1.062728
v 11.073395 5.400105 -1.349167
v 11.190466 5.421783 -1.351125
v 11.253724 5.421783 1.062727
v 11.037750 5.421783 1.470582
v 11.073395 5.400105 1.349167
v 11.190466 5.421783 1.351124
v 10.984393 6.181304 -1.394633
v 11.203993 6.181304 -0.982814
v 11.139674 6.181304 -1.274014
v 11.203993 6.181304 0.982814
v 10.984393 6.181304 1.394633
v 11.139674 6.181304 1.274014
v 11.033619 6.319666 -0.720394
v 10.811069 6.319666 -1.134436
v 10.968436 6.319666 -1.013166
v 10.811069 6.319666 1.134436
v 11.033619 6.319666 0.720394
v 10.968436 6.319666 1.013166
v 9.972152 3.397916 -0.319422
v 9.704016 3.397916 -0.451731
v 9.704016 3.517197 -0.355342
v 9.704016 4.738372 -0.355342
v 9.914938 3.517197 -0.251265
v 9.914938 4.738372 -0.251265
v 10.002306 3.517197 -0.000000
v 10.002306 4.738372 -0.000000
v 9.914938 3.517197 0.251265
v 9.914938 4.738372 0.251265
v 9.704016 3.517197 0.355342
v 9.704016 4.738372 0.355342
v 9.493093 3.517197 0.251265
v 9.493093 4.738372 0.251265
v 9.405725 3.517197 -0.000000
v 9.405725 4.738372 -0.000000
v 9.493093 3.517197 -0.251265
v 9.493093 4.738372 -0.251265
v 10.083219 3.397916 -0.000000
v 9.972152 3.397916 0.319422
v 9.704016 3.397916 0.451731
v 9.435878 3.397916 0.319422
v 9.324812 3.397916 -0.000000
v 9.435878 3.397916 -0.319422
v 9.435878 3.213148 -0.319422
v 9.704016 3.213148 -0.451731
v 9.324812 3.213148 -0.000000
v 9.435878 3.213148 0.319422
v 9.704016 3.213148 0.451731
v 9.972152 3.213148 0.319422
v 10.083219 3.213148 -0.000000
v 9.972152 3.213148 -0.319422
v 9.265143 2.611473 -0.904737
v 10.154924 2.611473 -0.480697
v 9.265143 2.074442 -0.639746
v 10.154924 2.269314 -0.261886
v 9.265143 1.851996 -0.000000
v 10.154924 2.199052 -0.000000
v 9.265143 2.074442 0.639746
v 10.154924 2.269314 0.261886
v 9.265143 2.611473 0.904737
v 10.154924 2.611473 0.480697
v 9.265143 3.148504 0.639746
v 10.154924 2.953631 0.261886
v 9.265143 3.370950 -0.000000
v 10.154924 3.023893 -0.000000
v 9.265143 3.148504 -0.639746
v 10.154924 2.953631 -0.261886
v 10.154924 2.074442 -0.639746
v 10.154924 2.611473 -0.904737
v 10.154924 1.851996 -0.000000
v 10.154924 2.074442 0.639746
v 10.154924 2.611473 0.904737
v 10.154924 3.148504 0.639746
v 10.154924 3.370950 -0.000000
v 10.154924 3.148504 -0.639746
v 10.972052 2.427358 -0.081488
v 10.972052 2.611473 -0.251599
v 10.972052 2.412226 -0.000000
v 10.972052 2.427358 0.081488
v 10.972052 2.611473 0.251599
v 10.972052 2.795587 0.081488
v 10.972052 2.810719 -0.000000
v 10.972052 2.795587 -0.081488
v 10.972052 2.269314 -0.261886
v 10.972052 2.611473 -0.480697
v 10.972052 2.199052 -0.000000
v 10.972052 2.269314 0.261886
v 10.972052 2.611473 0.480697
v 10.972052 2.953631 0.261886
v 10.972052 3.023893 -0.000000
v 10.972052 2.953631 -0.261886
v 11.447512 2.427358 -0.081488
v 11.447512 2.611473 -0.251599
v 11.447512 2.412226 -0.000000
v 11.447512 2.427358 0.081488
v 11.447512 2.611473 0.251599
v 11.447512 2.795587 0.081488
v 11.447512 2.810719 -0.000000
v 11.447512 2.795587 -0.081488
v 11.350372 2.664409 0.089693
v 11.350372 2.581394 0.089693
v 11.340552 2.661773 0.792912
v 11.340552 2.397648 0.594530
v 11.409293 2.664409 0.089693
v 11.409293 2.581394 0.089693
v 11.419114 2.661773 0.792912
v 11.419114 2.397648 0.594530
v 11.340552 2.696358 0.208893
v 11.340552 2.549445 0.175712
v 11.419114 2.696358 0.208893
v 11.419114 2.549445 0.175712
v 11.350372 2.122072 0.991389
v 11.350372 2.285010 1.238130
v 11.409293 2.285010 1.238130
v 11.409293 2.122072 0.991389
v 11.342234 2.678139 0.104593
v 11.343917 2.622902 0.089693
v 11.340552 2.503299 0.357093
v 11.325821 2.529710 0.693721
v 11.379833 2.711297 0.830109
v 11.379833 2.348124 0.557334
v 11.433845 2.529710 0.693721
v 11.419114 2.719207 0.460696
v 11.417431 2.567664 0.100445
v 11.415750 2.622902 0.089693
v 11.379833 2.673504 0.089693
v 11.379833 2.572299 0.089693
v 11.340552 2.719207 0.460696
v 11.342234 2.567664 0.100445
v 11.417431 2.678139 0.104593
v 11.419114 2.503299 0.357093
v 11.379833 2.521898 0.169490
v 11.379833 2.723905 0.215115
v 11.433845 2.622902 0.192302
v 11.325821 2.622902 0.192302
v 11.343917 2.172909 1.144665
v 11.379833 2.267966 1.300069
v 11.379833 2.077851 0.989261
v 11.415750 2.172909 1.144665
v 11.417431 2.467124 1.096131
v 11.417431 2.231611 0.823004
v 11.342234 2.467124 1.096131
v 11.342234 2.231611 0.823004
v 11.325821 2.611253 0.408894
v 11.431572 2.346348 0.962516
v 11.431572 2.622902 0.102519
v 11.379833 2.622902 0.089693
v 11.379833 2.698909 0.105370
v 11.379833 2.546895 0.099667
v 11.379833 2.462816 0.337667
v 11.379833 2.759690 0.480122
v 11.433845 2.611253 0.408895
v 11.328095 2.622902 0.102519
v 11.379833 2.108624 1.207424
v 11.379833 2.507461 1.151526
v 11.379833 2.185235 0.773505
v 11.328095 2.346348 0.962516
v 11.350372 2.558537 -0.089693
v 11.350372 2.641551 -0.089692
v 11.340552 2.561172 -0.792912
v 11.340552 2.825298 -0.594530
v 11.409293 2.558537 -0.089693
v 11.409293 2.641551 -0.089692
v 11.419114 2.561172 -0.792912
v 11.419114 2.825298 -0.594530
v 11.340552 2.526587 -0.208893
v 11.340552 2.673501 -0.175712
v 11.419114 2.526587 -0.208893
v 11.419114 2.673501 -0.175712
v 11.350372 3.100874 -0.991389
v 11.350372 2.937936 -1.238130
v 11.409293 2.937936 -1.238130
v 11.409293 3.100874 -0.991389
v 11.342234 2.544807 -0.104593
v 11.343917 2.600044 -0.089693
v 11.340552 2.719646 -0.357093
v 11.325821 2.693235 -0.693721
v 11.379833 2.511648 -0.830109
v 11.379833 2.874821 -0.557334
v 11.433845 2.693235 -0.693721
v 11.419114 2.503739 -0.460696
v 11.417431 2.655281 -0.100445
v 11.415750 2.600044 -0.089693
v 11.379833 2.549441 -0.089693
v 11.379833 2.650647 -0.089693
v 11.340552 2.503739 -0.460696
v 11.342234 2.655281 -0.100445
v 11.417431 2.544807 -0.104593
v 11.419114 2.719646 -0.357093
v 11.379833 2.701047 -0.169490
v 11.379833 2.499040 -0.215115
v 11.433845 2.600044 -0.192302
v 11.325821 2.600044 -0.192302
v 11.343917 3.050037 -1.144665
v 11.379833 2.954979 -1.300069
v 11.379833 3.145095 -0.989260
v 11.415750 3.050037 -1.144665
v 11.417431 2.755821 -1.096131
v 11.417431 2.991333 -0.823004
v 11.342234 2.755821 -1.096131
v 11.342234 2.991333 -0.823004
v 11.325821 2.611693 -0.408895
v 11.431572 2.876598 -0.962516
v 11.431572 2.600044 -0.102519
v 11.379833 2.600044 -0.089693
v 11.379833 2.524037 -0.105370
v 11.379833 2.676050 -0.099667
v 11.379833 2.760129 -0.337667
v 11.379833 2.463256 -0.480122
v 11.433845 2.611693 -0.408895
v 11.328095 2.600044 -0.102519
v 11.379833 3.114322 -1.207424
v 11.379833 2.715485 -1.151526
v 11.379833 3.037711 -0.773505
v 11.328095 2.876598 -0.962515
v 10.991580 4.738372 0.651527
v 10.991580 5.062418 1.294081
v 10.667532 4.738372 1.294081
v 10.991580 4.833282 1.105881
v 10.937042 4.792908 1.185940
v 10.896668 4.833282 1.294081
v 10.896668 4.738372 1.105881
v 10.667532 4.738372 -1.294081
v 10.991580 5.062418 -1.294081
v 10.991580 4.738372 -0.651528
v 10.896668 4.833282 -1.294081
v 10.937042 4.792908 -1.185941
v 10.991580 4.833282 -1.105882
v 10.896668 4.738372 -1.105882
v 0.792619 3.310192 -0.524506
v 0.792619 3.788437 -0.524506
v 0.792619 3.310192 -3.146230
v 0.792619 3.788437 -3.146230
v 4.139404 3.310192 -0.524506
v 4.139404 3.788437 -0.524506
v 4.139404 3.310192 -3.146230
v 4.139404 3.788437 -3.146230
v 0.792619 3.310192 0.524507
v 0.792619 3.788437 0.524507
v 0.792619 3.310192 3.146231
v 0.792619 3.788437 3.146231
v 4.139404 3.310192 0.524507
v 4.139404 3.788437 0.524507
v 4.139404 3.310192 3.146231
v 4.139404 3.788437 3.146231
v 1.191512 10.351271 -1.319746
v 1.191512 10.620718 -1.103466
v 1.752313 10.351271 -1.219286
v 1.660409 10.620718 -1.019470
v 2.227737 10.351271 -0.933201
v 2.057921 10.620718 -0.780268
v 2.545405 10.351271 -0.505045
v 2.323529 10.620718 -0.422278
v 2.656956 10.351271 -0.000000
v 2.416799 10.620718 -0.000000
v 2.545405 10.351271 0.505044
v 2.323529 10.620718 0.422278
v 2.227737 10.351271 0.933201
v 2.057921 10.620718 0.780268
v 1.752313 10.351271 1.219285
v 1.660409 10.620718 1.019469
v 1.191512 10.351271 1.319745
v 1.191512 10.620718 1.103465
v 0.630711 10.351271 1.219285
v 0.722615 10.620718 1.019469
v 0.155287 10.351271 0.933201
v 0.325104 10.620718 0.780268
v -0.162381 10.351271 0.505044
v 0.059495 10.620718 0.422278
v -0.273931 10.351271 -0.000000
v -0.033774 10.620718 -0.000000
v -0.162381 10.351271 -0.505045
v 0.059495 10.620718 -0.422278
v 0.155287 10.351271 -0.933201
v 0.325104 10.620718 -0.780268
v 0.630711 10.351271 -1.219286
v 0.722615 10.620718 -1.019470
v 1.752313 10.620718 -1.219286
v 1.191512 10.620718 -1.319746
v 2.227737 10.620718 -0.933201
v 2.545405 10.620718 -0.505045
v 2.656956 10.620718 -0.000000
v 2.545405 10.620718 0.505044
v 2.227737 10.620718 0.933201
v 1.752313 10.620718 1.219285
v 1.191512 10.620718 1.319745
v 0.630711 10.620718 1.219285
v 0.155287 10.620718 0.933201
v -0.162381 10.620718 0.505044
v -0.273931 10.620718 -0.000000
v -0.162381 10.620718 -0.505045
v 0.155287 10.620718 -0.933201
v 0.630711 10.620718 -1.219286
v 1.591058 12.064135 -0.868687
v 1.191512 12.064135 -0.940260
v 1.929776 12.064135 -0.664864
v 2.156100 12.064135 -0.359822
v 2.235574 12.064135 -0.000000
v 2.156100 12.064135 0.359821
v 1.929776 12.064135 0.664863
v 1.591058 12.064135 0.868686
v 1.191512 12.064135 0.940259
v 0.791967 12.064135 0.868686
v 0.453249 12.064135 0.664863
v 0.226924 12.064135 0.359821
v 0.147450 12.064135 -0.000000
v 0.226924 12.064135 -0.359822
v 0.453249 12.064135 -0.664864
v 0.791967 12.064135 -0.868687
v 1.557312 12.163673 -0.795317
v 1.191512 12.163673 -0.860845
v 1.867422 12.163673 -0.608710
v 2.074631 12.163673 -0.329431
v 2.147393 12.163673 -0.000000
v 2.074631 12.163673 0.329430
v 1.867422 12.163673 0.608709
v 1.557312 12.163673 0.795316
v 1.191512 12.163673 0.860844
v 0.825713 12.163673 0.795316
v 0.515603 12.163673 0.608709
v 0.308394 12.163673 0.329430
v 0.235632 12.163673 -0.000000
v 0.308394 12.163673 -0.329431
v 0.515603 12.163673 -0.608710
v 0.825713 12.163673 -0.795317
v 1.473902 12.262896 -0.613968
v 1.191512 12.262896 -0.664554
v 1.713300 12.262896 -0.469911
v 1.873261 12.262896 -0.254314
v 1.929432 12.262896 -0.000000
v 1.873261 12.262896 0.254313
v 1.713300 12.262896 0.469910
v 1.473902 12.262896 0.613967
v 1.191512 12.262896 0.664553
v 0.909123 12.262896 0.613967
v 0.669724 12.262896 0.469910
v 0.509763 12.262896 0.254313
v 0.453593 12.262896 -0.000000
v 0.509763 12.262896 -0.254314
v 0.669724 12.262896 -0.469911
v 0.909123 12.262896 -0.613968
v -1.169021 3.310193 2.937570
v -1.169021 3.489284 2.937570
v -1.169021 3.310193 2.758479
v -1.169021 3.489284 2.758479
v -0.989930 3.310193 2.937570
v -0.989930 3.489284 2.937570
v -0.989930 3.310193 2.758479
v -0.989930 3.489284 2.758479
v -1.381437 4.085966 3.222573
v -1.353646 4.127092 3.222573
v -1.381437 4.085966 2.473475
v -1.353646 4.127092 2.473475
v -0.485532 3.480556 3.222573
v -0.457741 3.521682 3.222573
v -0.485532 3.480556 2.473475
v -0.457741 3.521682 2.473475
v -1.115113 3.685739 2.937570
v -1.115113 3.685739 2.758479
v -0.967702 3.584035 2.758479
v -0.967702 3.584035 2.937570
v -0.996240 3.858036 2.937570
v -0.996240 3.858036 2.758479
v -0.848828 3.756332 2.758479
v -0.848828 3.756332 2.937570
v -1.169021 3.310193 1.507761
v -1.169021 3.489284 1.507761
v -1.169021 3.310193 1.328669
v -1.169021 3.489284 1.328669
v -0.989930 3.310193 1.507761
v -0.989930 3.489284 1.507761
v -0.989930 3.310193 1.328669
v -0.989930 3.489284 1.328669
v -1.381437 4.085966 1.689836
v -1.353646 4.127092 1.689836
v -1.381437 4.085966 1.129356
v -1.353646 4.127092 1.129356
v -0.465046 3.433721 1.689836
v -0.437255 3.474847 1.689836
v -0.465046 3.433721 1.129356
v -0.437255 3.474847 1.129356
v -1.115113 3.685739 1.507761
v -1.115113 3.685739 1.328669
v -0.967702 3.584035 1.328669
v -0.967702 3.584035 1.507761
v -0.996240 3.858036 1.507761
v -0.996240 3.858036 1.328669
v -0.848828 3.756332 1.328669
v -0.848828 3.756332 1.507761
v -2.266789 5.967622 3.610273
v -0.749718 10.228224 3.610272
v -2.266789 5.967623 -3.610273
v -0.749718 10.228224 -3.610274
v 4.939949 5.967623 -3.610273
v 3.422877 10.228224 -3.610272
v 4.939949 5.967623 3.610271
v 3.422878 10.228224 3.610272
vn -1.0000 -0.0000 -0.0000
vn -0.0000 -0.8554 -0.5180
vn 0.0828 -0.9413 -0.3271
vn 0.0403 -0.9257 -0.3762
vn -0.0000 -0.8998 -0.4364
vn -0.0000 -0.1887 -0.9820
vn 0.1825 -0.3168 -0.9308
vn 0.0434 -0.4288 -0.9024
vn -0.0000 -0.3693 -0.9293
vn 0.9755 -0.0012 -0.2200
vn 0.9758 -0.0001 -0.2188
vn 0.9758 -0.0001 0.2188
vn 0.9755 -0.0012 0.2200
vn 0.1687 -0.0018 0.9857
vn 0.1685 -0.0002 0.9857
vn -0.0000 -0.0000 1.0000
vn 0.1825 -0.3168 0.9308
vn -0.0000 -0.1887 0.9820
vn -0.0000 -0.3693 0.9293
vn 0.0434 -0.4288 0.9024
vn -0.0000 -0.0000 -1.0000
vn 0.1685 -0.0002 -0.9857
vn 0.1687 -0.0018 -0.9857
vn -0.0000 1.0000 -0.0000
vn -0.0980 -0.2066 -0.9735
vn -0.1013 -0.0128 -0.9948
vn -0.1013 -0.0128 0.9948
vn -0.0980 -0.2066 0.9735
vn -0.7923 -0.5943 -0.1382
vn -0.7251 -0.5645 -0.3946
vn -0.7042 -0.5540 -0.4442
vn -0.7886 -0.5932 -0.1620
vn -0.1044 -0.0051 -0.9945
vn -0.2970 -0.0453 0.9538
vn -0.2803 -0.2539 0.9257
vn 1.0000 -0.0000 -0.0000
vn -0.1044 -0.0051 0.9945
vn -0.2952 -0.0078 0.9554
vn -0.4839 -0.0030 0.8751
vn -0.4884 -0.0578 0.8707
vn -0.2970 -0.0453 -0.9538
vn -0.2952 -0.0078 -0.9554
vn -0.2803 -0.2539 -0.9257
vn -0.4884 -0.0578 -0.8707
vn -0.4479 -0.2913 -0.8453
vn -0.6525 -0.2975 -0.6969
vn -0.6798 -0.0381 -0.7324
vn -0.4839 -0.0030 -0.8751
vn -0.6810 -0.0000 -0.7323
vn -0.4479 -0.2913 0.8453
vn -0.7923 -0.5943 0.1382
vn -0.7886 -0.5932 0.1620
vn -0.6798 -0.0381 0.7324
vn -0.6810 -0.0000 0.7323
vn -0.8671 -0.0000 0.4982
vn -0.8680 -0.0264 0.4958
vn -0.6525 -0.2975 0.6969
vn -0.8680 -0.0264 -0.4958
vn -0.8643 -0.0525 -0.5003
vn -0.9819 -0.0652 -0.1780
vn -0.9839 -0.0325 -0.1758
vn -0.8671 -0.0000 -0.4982
vn -0.9842 -0.0000 -0.1770
vn -0.8643 -0.0525 0.5003
vn -0.0801 -0.3859 -0.9190
vn -0.9819 -0.0652 0.1780
vn -0.9839 -0.0325 0.1758
vn -0.9842 -0.0000 0.1770
vn -0.3954 -0.4579 -0.7962
vn -0.5570 -0.4989 -0.6640
vn -0.9464 -0.3231 -0.0000
vn 0.9464 0.3231 -0.0000
vn -0.0000 -1.0000 -0.0000
vn 0.9464 -0.3231 -0.0000
vn -0.9464 0.3231 -0.0000
vn -0.1742 -0.9410 -0.2900
vn -0.1379 -0.9169 -0.3746
vn -0.1053 -0.9402 -0.3239
vn -0.1392 -0.9583 -0.2495
vn -0.2119 -0.9765 0.0385
vn -0.2119 -0.9765 -0.0385
vn -0.1738 -0.9840 -0.0383
vn -0.1738 -0.9840 0.0383
vn -0.1379 -0.9169 0.3746
vn -0.1742 -0.9410 0.2900
vn -0.1392 -0.9583 0.2495
vn -0.1053 -0.9402 0.3239
vn -0.2080 -0.9716 -0.1132
vn -0.1983 -0.9618 -0.1887
vn -0.1587 -0.9719 -0.1737
vn -0.1674 -0.9807 -0.1014
vn -0.1983 -0.9618 0.1887
vn -0.2080 -0.9716 0.1132
vn -0.1674 -0.9807 0.1014
vn -0.1587 -0.9719 0.1737
vn -0.0000 -0.8554 0.5180
vn -0.0000 -0.8998 0.4364
vn -0.0709 -0.8842 -0.4616
vn -0.0417 -0.9155 -0.4001
vn -0.5570 -0.4989 0.6640
vn -0.3954 -0.4579 0.7962
vn -0.0801 -0.3859 0.9190
vn -0.2445 -0.4219 0.8730
vn -0.7251 -0.5645 0.3946
vn -0.7042 -0.5540 0.4442
vn -0.2445 -0.4219 -0.8730
vn -0.0000 -0.9840 -0.1780
vn -0.0099 -0.9836 -0.1801
vn -0.0440 -0.9895 -0.1376
vn -0.0600 -0.9932 -0.1000
vn -0.0673 -0.9976 -0.0146
vn -0.0673 -0.9976 0.0146
vn -0.0600 -0.9932 0.1000
vn -0.0440 -0.9895 0.1376
vn -0.0665 -0.9956 -0.0657
vn -0.0643 -0.9973 -0.0355
vn -0.0643 -0.9973 0.0355
vn -0.0665 -0.9956 0.0657
vn -0.0000 -0.9840 0.1780
vn 0.3864 -0.9173 -0.0962
vn 0.3864 -0.9173 0.0962
vn 0.1846 -0.9818 0.0439
vn 0.1846 -0.9818 -0.0439
vn -0.0709 -0.8842 0.4616
vn -0.0417 -0.9155 0.4001
vn 0.0828 -0.9413 0.3271
vn 0.0403 -0.9257 0.3762
vn 0.0099 -0.9839 -0.1784
vn -0.0099 -0.9836 0.1801
vn 0.1116 -0.9935 0.0207
vn 0.1116 -0.9935 -0.0207
vn 0.0099 -0.9839 0.1784
vn 0.0711 -0.9920 -0.1046
vn 0.0711 -0.9920 0.1046
vn 0.3643 -0.9313 -0.0000
vn 0.5161 -0.8565 -0.0000
vn 0.7563 -0.6542 -0.0000
vn 0.9179 -0.3967 -0.0000
vn 0.9740 -0.2264 -0.0000
vn 0.9794 -0.2019 -0.0000
vn -0.3454 0.9334 0.0971
vn 0.9824 0.1863 -0.0095
vn 0.9841 0.1775 0.0086
vn 0.9454 0.3252 0.0217
vn 0.9485 0.3159 -0.0243
vn 0.9168 0.3992 0.0086
vn 0.9124 0.4093 -0.0050
vn 0.9397 0.3417 -0.0127
vn 0.9343 0.3557 0.0220
vn 0.3936 -0.9193 -0.0000
vn -0.3936 0.9193 -0.0000
vn 0.9193 0.3936 -0.0000
vn 0.9420 0.3355 -0.0136
vn 0.9417 0.3354 -0.0263
vn 0.9258 0.3771 -0.0267
vn 0.9260 0.3772 -0.0139
vn -0.3504 0.9300 -0.1113
vn -0.0270 -0.0093 -0.9996
vn 0.3504 -0.9300 0.1113
vn 0.0262 0.0113 0.9996
vn 0.9436 0.3310 -0.0129
vn 0.9433 0.3309 -0.0270
vn 0.9433 0.3308 -0.0270
vn 0.9436 0.3309 -0.0129
vn 0.9187 0.3939 -0.0275
vn 0.9190 0.3940 -0.0133
vn 0.9190 0.3941 -0.0133
vn 0.9187 0.3940 -0.0275
vn 0.9367 0.3495 -0.0201
vn -0.0262 -0.0113 -0.9996
vn 0.3454 -0.9334 -0.0972
vn 0.0270 0.0093 0.9996
vn 0.1781 -0.4051 -0.8968
vn 0.3802 -0.8646 -0.3284
vn 0.3802 -0.8646 0.3284
vn 0.1781 -0.4051 0.8968
vn -0.1781 0.4051 0.8968
vn -0.3802 0.8646 0.3284
vn 0.9154 0.4025 -0.0000
vn -0.3802 0.8646 -0.3284
vn -0.1781 0.4051 -0.8968
vn -0.9154 -0.4025 -0.0000
vn 0.4516 -0.2613 -0.8531
vn 0.6625 -0.6820 -0.3098
vn 0.6625 -0.6820 0.3098
vn 0.4516 -0.2613 0.8531
vn 0.0222 0.4819 0.8759
vn -0.2604 0.9089 0.3257
vn -0.2604 0.9089 -0.3257
vn 0.0222 0.4819 -0.8759
vn 0.8986 -0.0047 -0.4386
vn 0.8996 -0.0024 -0.4368
vn 0.3270 -0.0035 -0.9450
vn 0.3247 -0.0067 -0.9458
vn 0.3247 -0.0067 0.9458
vn 0.3270 -0.0035 0.9450
vn 0.8996 -0.0024 0.4368
vn 0.8986 -0.0047 0.4386
vn 0.9005 -0.0002 -0.4349
vn 0.3292 -0.0003 -0.9443
vn 0.3292 -0.0003 0.9443
vn 0.9005 -0.0002 0.4349
vn 0.5179 -0.8467 0.1217
vn 0.4790 -0.8412 0.2509
vn 0.2711 -0.9461 0.1775
vn 0.2185 -0.6447 0.7325
vn 0.5179 -0.8467 -0.1217
vn 0.2711 -0.9461 -0.1775
vn 0.4790 -0.8412 -0.2509
vn 0.2185 -0.6447 -0.7325
vn 0.1278 -0.9735 -0.1894
vn 0.1278 -0.9735 0.1894
vn -0.0000 -0.2524 -0.9676
vn -0.0000 0.2696 0.9630
vn -0.0000 -0.2702 -0.9628
vn -0.0000 0.3853 0.9228
vn -0.0000 0.1237 0.9923
vn -0.0000 -0.0185 -0.9998
vn -0.0000 -0.2524 0.9676
vn -0.0000 0.2696 -0.9630
vn -0.0000 -0.2702 0.9628
vn -0.0000 0.3853 -0.9228
vn -0.0000 0.1237 -0.9923
vn -0.0000 -0.0185 0.9998
vn 0.3854 0.9228 -0.0000
vn 0.7102 0.7040 -0.0000
vn 0.9252 0.3795 -0.0000
vn 0.9252 -0.3795 -0.0000
vn 0.7102 -0.7040 -0.0000
vn 0.3854 -0.9228 -0.0000
vn -0.3854 -0.9228 -0.0000
vn -0.7102 -0.7040 -0.0000
vn -0.9252 -0.3796 -0.0000
vn -0.9252 0.3796 -0.0000
vn -0.7102 0.7040 -0.0000
vn 0.9252 -0.3796 -0.0000
vn -0.3854 0.9228 -0.0000
vn -0.9252 0.3795 -0.0000
vn 0.9252 0.3796 -0.0000
vn 0.9832 -0.0399 0.1782
vn 0.9845 -0.0052 0.1752
vn 0.9371 -0.0005 0.3492
vn 0.9342 -0.0719 0.3496
vn 0.9858 -0.0055 0.1679
vn 0.9423 -0.0012 0.3347
vn 0.0547 -0.0003 0.9985
vn 0.0574 -0.0007 0.9983
vn 0.0286 -0.0003 0.9996
vn 0.0273 -0.0001 0.9996
vn 0.0545 -0.0034 0.9985
vn 0.0283 -0.0019 0.9996
vn -0.0352 0.0073 -0.9994
vn -0.0420 0.0204 -0.9989
vn -0.0241 0.0478 -0.9986
vn -0.0011 0.0448 -0.9990
vn 0.0251 0.0429 -0.9988
vn 0.0420 0.0104 -0.9991
vn 0.0353 -0.0002 -0.9994
vn -0.8004 0.5810 0.1475
vn -0.5523 0.8061 -0.2128
vn -0.3322 0.9314 -0.1487
vn -0.3763 0.9121 0.1629
vn -0.4732 0.7924 -0.3850
vn -0.2088 0.9307 -0.3003
vn -0.0323 0.9784 -0.2044
vn -0.0520 0.9980 -0.0369
vn -0.0697 0.9772 0.2004
vn 0.0353 -0.0002 0.9994
vn 0.0420 0.0104 0.9991
vn 0.0251 0.0429 0.9988
vn -0.0011 0.0448 0.9990
vn -0.0241 0.0478 0.9986
vn -0.0420 0.0204 0.9989
vn -0.0352 0.0073 0.9994
vn -0.9650 0.2195 0.1434
vn -0.8967 0.3676 0.2467
vn -0.9494 0.3096 0.0526
vn -0.9763 0.2148 -0.0251
vn -0.7496 0.5513 0.3664
vn -0.8513 0.4996 0.1600
vn -0.9045 0.4264 0.0131
vn -0.9661 0.2455 -0.0803
vn -0.9680 0.2036 -0.1469
vn -0.9655 0.2022 0.1641
vn -0.9660 0.2387 0.0992
vn -0.9665 0.2565 -0.0000
vn -0.9781 0.2082 -0.0000
vn -0.9070 0.4210 0.0052
vn -0.8943 0.4474 -0.0000
vn -0.9071 0.4209 -0.0052
vn -0.9660 0.2387 -0.0992
vn -0.9655 0.2022 -0.1641
vn -0.0143 0.0120 0.9998
vn -0.0143 0.0120 -0.9998
vn 0.0286 -0.0003 -0.9996
vn 0.0273 -0.0001 -0.9996
vn 0.0283 -0.0019 -0.9996
vn -0.0211 0.9998 -0.0008
vn -0.0435 0.9582 0.2829
vn -0.0128 0.9857 -0.1679
vn -0.0193 0.9864 -0.1629
vn -0.0345 0.9988 0.0348
vn -0.0477 0.9926 0.1118
vn -0.0070 0.0242 0.9997
vn -0.0028 0.0307 0.9995
vn 0.0091 -0.8471 0.5314
vn 0.0117 -0.8588 0.5121
vn 0.0040 -0.8230 0.5681
vn 0.0007 -0.8073 0.5901
vn -0.0034 0.0307 0.9995
vn -0.0057 0.0287 0.9996
vn -0.0104 0.0243 0.9997
vn -0.0180 0.0256 0.9995
vn -0.0686 0.0234 0.9974
vn -0.0758 0.0052 0.9971
vn -0.0804 -0.0047 0.9968
vn -0.0081 0.0264 0.9996
vn -0.0694 0.9941 0.0831
vn -0.0886 0.9764 0.1971
vn -0.0480 0.9868 -0.1546
vn -0.1264 0.9846 -0.1211
vn -0.1593 0.9771 0.1413
vn -0.1839 0.9400 0.2874
vn -0.9978 -0.0664 -0.0080
vn -0.9947 0.0362 -0.0961
vn -0.9981 0.0612 -0.0000
vn -0.9980 -0.0633 -0.0000
vn -0.9346 0.1544 -0.3205
vn -0.9895 0.1443 -0.0000
vn -0.9352 0.1535 0.3190
vn -0.9948 0.0362 0.0955
vn -0.9978 -0.0664 0.0080
vn -0.4323 0.8778 0.2065
vn -0.4871 0.8117 0.3222
vn -0.3685 0.9253 0.0897
vn -0.5400 0.7959 0.2737
vn -0.6345 0.7357 0.2370
vn -0.6499 0.6964 0.3044
vn -0.9951 -0.0498 -0.0849
vn -0.9636 0.1156 -0.2411
vn -0.9645 0.0433 -0.2607
vn -0.9871 -0.0708 -0.1433
vn -0.9635 0.1981 -0.1799
vn -0.8452 0.1913 -0.4990
vn -0.1407 0.0206 -0.9898
vn -0.1523 0.1433 -0.9779
vn -0.0686 0.0234 -0.9974
vn -0.0758 0.0052 -0.9971
vn -0.1515 -0.0048 -0.9885
vn -0.0804 -0.0047 -0.9968
vn -0.0339 -0.0856 -0.9958
vn -0.1227 -0.2187 -0.9680
vn -0.1226 0.9795 0.1601
vn -0.1329 0.9911 -0.0000
vn -0.4107 0.9118 -0.0000
vn -0.3654 0.9286 -0.0653
vn -0.1226 0.9795 -0.1601
vn -0.3654 0.9286 0.0653
vn -0.5375 0.7999 0.2669
vn -0.6091 0.7931 -0.0000
vn -0.5375 0.7999 -0.2669
vn -0.1408 0.4973 -0.8561
vn -0.0892 0.2770 -0.9567
vn -0.1825 0.2484 -0.9513
vn -0.2301 0.4167 -0.8794
vn -0.0104 0.0243 -0.9997
vn -0.0180 0.0256 -0.9995
vn -0.3641 0.3737 -0.8531
vn 0.0018 -0.9021 0.4315
vn -0.0029 -0.9364 0.3508
vn -0.0056 -0.9460 0.3242
vn -0.0099 -0.9597 0.2807
vn -0.9219 0.1844 0.3408
vn -0.9144 0.1911 0.3570
vn -0.9791 0.2033 -0.0000
vn -0.9806 0.1960 -0.0000
vn -0.9015 0.2021 0.3827
vn -0.9643 0.2649 0.0017
vn -0.9050 0.2027 -0.3740
vn -0.9177 0.1918 -0.3480
vn -0.9251 0.1850 -0.3315
vn -0.9951 -0.0498 0.0849
vn -0.9636 0.1156 0.2411
vn -0.9943 0.0871 0.0611
vn -0.9982 -0.0591 0.0065
vn -0.9635 0.1981 0.1799
vn -0.9804 0.1677 0.1032
vn -0.9380 0.1596 0.3077
vn -0.9947 0.0393 0.0953
vn -0.9978 -0.0659 0.0082
vn -0.9948 0.0362 -0.0955
vn -0.9352 0.1535 -0.3190
vn -0.9346 0.1544 0.3205
vn -0.9947 0.0362 0.0961
vn 0.0011 -0.8411 0.5408
vn 0.0018 -0.8682 0.4961
vn 0.0018 -0.8683 0.4961
vn -0.0306 0.9737 0.2257
vn -0.0391 0.9992 -0.0000
vn -0.0121 0.9999 -0.0000
vn -0.0119 0.9815 0.1911
vn -0.0306 0.9737 -0.2257
vn -0.0119 0.9815 -0.1911
vn -0.0176 0.9815 -0.1906
vn -0.0180 0.9998 -0.0000
vn -0.0176 0.9815 0.1906
vn -0.0697 0.9772 -0.2004
vn -0.0740 0.9187 -0.3880
vn -0.0573 0.8587 -0.5093
vn -0.0435 0.9582 -0.2829
vn -0.0057 0.0617 -0.9981
vn -0.0028 0.0307 -0.9995
vn -0.0034 0.0307 -0.9995
vn -0.0064 0.0602 -0.9982
vn -0.0057 0.0287 -0.9996
vn -0.0104 0.0564 -0.9984
vn -0.0881 0.7406 -0.6662
vn -0.0857 0.7519 -0.6536
vn -0.0467 0.9989 -0.0000
vn -0.0454 0.9810 0.1884
vn -0.0454 0.9810 -0.1884
vn -0.0703 0.3482 -0.9348
vn -0.1119 0.6185 -0.7777
vn -0.0081 0.0264 -0.9996
vn 0.0001 -0.8060 0.5919
vn 0.0003 -0.8109 0.5852
vn -0.4606 0.8007 0.3829
vn -0.2875 0.9578 -0.0000
vn -0.2018 0.9282 0.3127
vn -0.4606 0.8007 -0.3829
vn -0.2018 0.9282 -0.3127
vn -0.8004 0.5810 -0.1475
vn -0.7514 0.5711 -0.3306
vn -0.3460 0.8717 -0.3471
vn -0.3763 0.9121 -0.1629
vn -0.0405 0.0303 -0.9987
vn -0.0070 0.0242 -0.9997
vn -0.0181 0.0517 -0.9985
vn 0.0006 -0.8221 0.5694
vn 1.0000 -0.0095 -0.0000
vn 0.9813 -0.0768 -0.1767
vn 0.9832 -0.0399 -0.1782
vn 0.9845 -0.0052 -0.1752
vn 0.9858 -0.0055 -0.1679
vn 0.9880 -0.0058 -0.1543
vn 0.9884 0.0014 -0.1520
vn 0.9783 0.0491 -0.2013
vn 0.9967 0.0043 -0.0811
vn 0.9986 -0.0530 -0.0088
vn 0.9983 -0.0582 -0.0000
vn 0.9986 -0.0530 0.0088
vn 0.9967 0.0043 0.0811
vn 0.9783 0.0491 0.2013
vn 0.9884 0.0014 0.1520
vn 0.9880 -0.0058 0.1543
vn 0.9813 -0.0768 0.1767
vn 0.9151 0.0225 -0.4026
vn 0.9707 -0.0591 -0.2331
vn 0.9891 -0.1445 -0.0265
vn -0.9650 0.2195 -0.1434
vn -0.8967 0.3676 -0.2467
vn -0.8237 0.3977 -0.4041
vn -0.9341 0.2154 -0.2847
vn -0.7496 0.5513 -0.3664
vn -0.6783 0.5426 -0.4954
vn -0.0737 0.0255 -0.9970
vn -0.0943 0.2254 -0.9697
vn -0.0690 0.0143 -0.9975
vn -0.6791 0.7042 0.2072
vn -0.6934 0.7192 0.0436
vn -0.6038 0.7156 0.3512
vn -0.3328 0.8946 0.2983
vn -0.3732 0.9116 0.1721
vn -0.3690 0.9291 0.0242
vn -0.9071 0.4209 0.0052
vn -0.9070 0.4210 -0.0052
vn 0.9883 -0.1527 -0.0000
vn 0.9491 0.0270 0.3138
vn 0.9530 0.0126 0.3028
vn 0.6687 0.3064 0.6774
vn 0.0732 0.0120 0.9972
vn 0.0974 0.1987 0.9752
vn 0.0698 -0.0003 0.9976
vn 0.1691 0.1799 0.9690
vn -0.0134 0.3004 0.9537
vn -0.0223 0.2757 0.9610
vn -0.1542 0.3982 0.9042
vn -0.0943 0.2254 0.9697
vn -0.8643 0.5030 -0.0000
vn -0.6828 0.7306 -0.0000
vn -0.6928 0.7209 -0.0198
vn -0.6928 0.7209 0.0198
vn -0.3671 0.9302 0.0031
vn -0.3656 0.9308 -0.0000
vn -0.3671 0.9302 -0.0031
vn 0.9801 -0.1985 -0.0000
vn 0.9287 0.3708 -0.0000
vn -0.6979 0.7162 -0.0000
vn -0.3685 0.9296 -0.0000
vn -0.0106 0.8806 -0.4738
vn -0.0154 0.8810 -0.4728
vn -0.0162 0.8629 -0.5051
vn -0.0097 0.9082 -0.4183
vn -0.0107 0.9125 -0.4090
vn -0.0154 0.9127 -0.4083
vn -0.0790 0.7313 -0.6775
vn -0.2009 0.5088 -0.8371
vn -0.6443 0.3578 -0.6759
vn -0.2548 0.6470 -0.7186
vn -0.0755 0.8671 -0.4925
vn -0.0366 0.7157 -0.6975
vn -0.1333 0.8973 0.4207
vn -0.0987 0.8955 0.4339
vn -0.4113 0.7776 -0.4756
vn -0.1579 0.9697 0.1865
vn -0.1381 0.9516 0.2746
vn -0.1279 0.9336 0.3346
vn -0.0931 0.9158 0.3907
vn -0.6572 0.3705 0.6563
vn -0.2149 0.5532 0.8049
vn -0.0831 0.7556 0.6498
vn -0.2588 0.6653 0.7002
vn -0.2088 0.9307 0.3003
vn -0.0323 0.9784 0.2044
vn -0.0164 0.8798 0.4750
vn -0.0098 0.9129 0.4081
vn -0.0282 0.8945 0.4462
vn -0.0754 0.8719 0.4839
vn -0.9944 -0.1056 -0.0000
vn -0.9976 -0.0695 -0.0003
vn -0.9944 -0.1057 -0.0001
vn -0.9976 -0.0695 -0.0000
vn -0.9978 -0.0659 -0.0082
vn -0.9944 -0.1057 0.0001
vn -0.9976 -0.0695 0.0003
vn -0.0400 0.8827 -0.4683
vn -0.0987 0.8955 -0.4339
vn -0.0405 0.9130 -0.4060
vn -0.0931 0.9158 -0.3907
vn -0.0106 0.8806 0.4738
vn -0.0162 0.8629 0.5051
vn -0.0154 0.8810 0.4728
vn -0.0154 0.9127 0.4083
vn -0.0107 0.9125 0.4090
vn -0.0097 0.9082 0.4183
vn -0.4939 0.3682 -0.7877
vn -0.4266 0.4007 -0.8108
vn -0.5047 0.3824 0.7740
vn -0.4282 0.4202 0.8001
vn -0.2261 0.8354 0.5010
vn -0.2177 0.9760 -0.0021
vn -0.2273 0.8324 -0.5054
vn -0.4113 0.7776 0.4756
vn -0.1333 0.8973 -0.4207
vn -0.1279 0.9336 -0.3346
vn -0.1579 0.9697 -0.1865
vn -0.1381 0.9516 -0.2746
vn -0.0193 0.9864 0.1629
vn -0.0480 0.9868 0.1546
vn -0.0406 0.8969 0.4404
vn -0.0157 0.8955 0.4448
vn -0.1264 0.9846 0.1211
vn -0.0998 0.9073 0.4084
vn -0.0936 0.9200 0.3805
vn -0.0407 0.9175 0.3957
vn -0.0155 0.9173 0.3980
vn -0.0790 0.7313 -0.6774
vn -0.6441 0.3575 -0.6763
vn -0.2542 0.6471 -0.7188
vn -0.0754 0.8671 -0.4925
vn -0.9235 0.1159 -0.3656
vn -0.8014 0.2284 -0.5528
vn -0.9235 0.1159 0.3656
vn -0.8014 0.2284 0.5528
vn -0.1631 0.9866 -0.0000
vn -0.1563 0.9877 -0.0000
vn -0.6441 0.3575 0.6763
vn -0.2009 0.5088 0.8371
vn -0.0790 0.7313 0.6775
vn -0.2542 0.6471 0.7188
vn -0.0366 0.7157 0.6975
vn -0.0754 0.8671 0.4925
vn -0.0400 0.8827 0.4683
vn -0.0405 0.9130 0.4060
vn 0.9807 -0.1924 -0.0347
vn 0.9280 0.3705 -0.0401
vn 0.9279 0.3705 -0.0406
vn -0.8513 0.4996 -0.1600
vn -0.6791 0.7042 -0.2072
vn -0.6038 0.7156 -0.3512
vn -0.9045 0.4264 -0.0131
vn -0.6934 0.7192 -0.0436
vn -0.3690 0.9291 -0.0242
vn -0.3732 0.9116 -0.1721
vn -0.3328 0.8946 -0.2983
vn -0.9107 0.2426 0.3342
vn -0.8307 0.1915 0.5227
vn -0.8965 0.1821 0.4038
vn -0.8121 0.2437 0.5302
vn -0.9208 0.1806 -0.3456
vn -0.8965 0.1821 -0.4038
vn -0.9721 0.1674 -0.1644
vn -0.9461 0.0936 -0.3102
vn -0.9296 0.1595 -0.3322
vn -0.9219 0.1844 -0.3408
vn -0.8651 0.5016 -0.0015
vn -0.9738 0.2275 0.0001
vn -0.9730 0.1703 -0.1560
vn -0.9721 0.1674 0.1643
vn -0.9461 0.0935 0.3102
vn -0.9994 0.0333 0.0011
vn -0.9488 0.0947 -0.3014
vn -0.9642 0.2651 -0.0000
vn -0.9015 0.2021 -0.3827
vn -0.9144 0.1911 -0.3570
vn -0.9251 0.1851 0.3315
vn -0.9177 0.1918 0.3480
vn -0.9050 0.2027 0.3740
vn -0.9643 0.2649 -0.0017
vn -0.4926 0.3680 0.7886
vn -0.6496 0.2931 0.7015
vn -0.4926 0.3680 -0.7886
vn -0.8121 0.2437 -0.5302
vn -0.6496 0.2931 -0.7015
vn -0.8651 0.5016 0.0015
vn -0.9738 0.2275 -0.0001
vn -0.9721 0.1674 -0.1643
vn -0.9730 0.1703 0.1560
vn -0.9488 0.0947 0.3014
vn -0.9994 0.0333 -0.0011
vn -0.9461 0.0935 -0.3102
vn -0.9737 0.2278 -0.0000
vn -0.9721 0.1674 0.1644
vn -0.9461 0.0936 0.3102
vn -0.9995 0.0328 -0.0000
vn -0.9680 0.2036 0.1469
vn -0.9176 0.2459 0.3122
vn -0.8466 0.1954 0.4951
vn -0.9072 0.1843 0.3783
vn -0.8268 0.2471 0.5054
vn -0.6443 0.3578 0.6759
vn -0.4939 0.3682 0.7877
vn -0.6495 0.2939 0.7013
vn -0.8121 0.2438 0.5302
vn -0.5047 0.3824 -0.7740
vn -0.6572 0.3705 -0.6563
vn -0.8267 0.2471 -0.5054
vn -0.6711 0.2960 -0.6797
vn -0.6711 0.2960 0.6797
vn -0.8121 0.2438 -0.5302
vn -0.6495 0.2939 -0.7013
vn -0.9279 0.1828 -0.3250
vn -0.9072 0.1843 -0.3783
vn -0.9327 0.1603 -0.3229
vn -0.1314 0.9913 -0.0000
vn -0.1005 0.9949 -0.0000
vn -0.1566 0.9877 0.0010
vn -0.1391 0.9538 -0.2661
vn -0.1287 0.9367 -0.3255
vn -0.0936 0.9200 -0.3805
vn -0.1287 0.9367 0.3255
vn -0.1392 0.9538 0.2661
vn -0.1566 0.9877 -0.0010
vn -0.0117 0.9999 -0.0000
vn -0.0088 1.0000 -0.0000
vn -0.0168 0.9999 -0.0000
vn -0.0155 0.9173 -0.3980
vn -0.0108 0.9170 -0.3987
vn -0.0098 0.9129 -0.4081
vn -0.0108 0.9170 0.3987
vn -0.0439 0.9990 -0.0000
vn -0.0407 0.9175 -0.3957
vn -0.0755 0.8671 0.4925
vn -0.0174 0.9837 0.1789
vn -0.0207 0.9998 -0.0000
vn -0.2177 0.9760 0.0021
vn -0.0282 0.8945 -0.4462
vn -0.0754 0.8719 -0.4839
vn -0.2182 0.9759 -0.0000
vn -0.0174 0.9837 -0.1789
vn -0.0128 0.9857 0.1679
vn -0.0107 0.8951 0.4457
vn -0.4282 0.4202 -0.8001
vn -0.2588 0.6653 -0.7002
vn -0.2548 0.6470 0.7186
vn -0.4266 0.4007 0.8108
vn -0.2273 0.8324 0.5054
vn -0.2261 0.8354 -0.5010
vn -0.3685 0.9253 -0.0897
vn -0.1352 0.9069 0.3990
vn -0.5400 0.7959 -0.2737
vn -0.4189 0.8001 -0.4293
vn -0.1588 0.9701 0.1838
vn -0.0831 0.7556 -0.6498
vn -0.0164 0.8798 -0.4750
vn -0.2149 0.5532 -0.8049
vn -0.9380 0.1596 -0.3077
vn -0.9295 0.1233 -0.3477
vn -0.8135 0.2432 -0.5283
vn -0.9245 0.1150 0.3635
vn -0.8029 0.2265 0.5513
vn -0.1635 0.9865 -0.0001
vn -0.1577 0.9697 -0.1865
vn -0.1577 0.9697 0.1865
vn -0.4245 0.4008 -0.8119
vn -0.4245 0.4008 0.8119
vn -0.2270 0.8324 0.5055
vn -0.2270 0.8324 -0.5055
vn -0.0107 0.8951 -0.4457
vn -0.0157 0.8955 -0.4448
vn -0.0406 0.8969 -0.4404
vn -0.0998 0.9073 -0.4084
vn -0.9245 0.1150 -0.3635
vn -0.8029 0.2265 -0.5513
vn -0.9295 0.1233 0.3477
vn -0.8135 0.2432 0.5283
vn -0.1635 0.9865 0.0001
vn -0.1588 0.9701 -0.1838
vn -0.4189 0.8001 0.4293
vn -0.1352 0.9069 -0.3990
vn -0.9176 0.2459 -0.3122
vn -0.8466 0.1954 -0.4951
vn -0.9208 0.1806 0.3456
vn -0.9296 0.1595 0.3322
vn -0.9107 0.2426 -0.3342
vn -0.8307 0.1915 -0.5227
vn -0.9661 0.2455 0.0803
vn -0.9279 0.1828 0.3250
vn -0.9327 0.1603 0.3229
vn -0.9848 0.1736 -0.0000
vn 0.9891 -0.1445 0.0265
vn 0.9515 -0.0018 0.3078
vn 0.0632 -0.0011 0.9980
vn 0.0315 -0.0005 0.9995
vn -0.9645 0.2641 -0.0000
vn -0.9202 0.3103 0.2388
vn -0.9202 0.3103 -0.2388
vn -0.9467 0.2905 -0.1394
vn -0.9132 0.2773 -0.2985
vn -0.0583 0.0163 -0.9982
vn -0.0287 0.0075 -0.9996
vn -0.9467 0.2905 0.1394
vn -0.9562 0.2790 -0.0891
vn -0.9282 0.3376 -0.1562
vn -0.0287 0.0075 0.9996
vn 0.0315 -0.0005 -0.9995
vn 0.0632 -0.0011 -0.9980
vn 0.0574 -0.0007 -0.9983
vn 0.0698 -0.0003 -0.9976
vn 0.9515 -0.0018 -0.3078
vn 0.9530 0.0126 -0.3028
vn 0.9423 -0.0012 -0.3347
vn -0.9562 0.2790 0.0891
vn -0.9282 0.3376 0.1562
vn -0.9763 0.2148 0.0251
vn 0.0007 -0.8073 -0.5901
vn 0.0040 -0.8230 -0.5681
vn 0.0091 -0.8471 -0.5314
vn 0.0117 -0.8588 -0.5121
vn -0.0223 0.2757 -0.9610
vn 0.0974 0.1987 -0.9752
vn -0.1542 0.3982 -0.9042
vn -0.0134 0.3004 -0.9537
vn 0.1691 0.1799 -0.9690
vn -0.9494 0.3096 -0.0526
vn 0.0547 -0.0003 -0.9985
vn 0.0545 -0.0034 -0.9985
vn 0.9371 -0.0005 -0.3492
vn 0.9342 -0.0719 -0.3496
vn 0.0732 0.0120 -0.9972
vn 0.6687 0.3064 -0.6774
vn 0.9491 0.0270 -0.3138
vn -0.4732 0.7924 0.3850
vn -0.5523 0.8061 0.2128
vn -0.3322 0.9314 0.1487
vn -0.0520 0.9980 0.0369
vn 0.0001 -0.8060 -0.5919
vn 0.0003 -0.8109 -0.5852
vn -0.0345 0.9988 -0.0348
vn -0.0694 0.9941 -0.0831
vn -0.0477 0.9926 -0.1118
vn -0.0886 0.9764 -0.1971
vn -0.1839 0.9400 -0.2874
vn -0.1593 0.9771 -0.1413
vn -0.0211 0.9998 0.0008
vn -0.4323 0.8778 -0.2065
vn -0.4871 0.8117 -0.3223
vn -0.6499 0.6964 -0.3044
vn -0.6345 0.7357 -0.2370
vn -0.9947 0.0393 -0.0953
vn -0.9943 0.0871 -0.0611
vn -0.9982 -0.0591 -0.0065
vn -0.9804 0.1677 -0.1032
vn 0.0011 -0.8411 -0.5408
vn 0.0018 -0.8683 -0.4961
vn 0.0018 -0.8682 -0.4961
vn 0.0018 -0.9021 -0.4315
vn -0.0056 -0.9460 -0.3242
vn -0.0029 -0.9364 -0.3508
vn -0.0099 -0.9597 -0.2807
vn 0.0006 -0.8221 -0.5694
vn -0.0583 0.0163 0.9982
vn -0.0405 0.0303 0.9987
vn -0.0690 0.0143 0.9975
vn -0.9132 0.2773 0.2985
vn -0.9341 0.2154 0.2847
vn -0.7514 0.5711 0.3306
vn 0.9707 -0.0591 0.2331
vn 0.9151 0.0225 0.4026
vn -0.1407 0.0206 0.9898
vn -0.1515 -0.0048 0.9885
vn -0.1523 0.1433 0.9779
vn -0.9645 0.0433 0.2607
vn -0.8452 0.1913 0.4990
vn -0.9871 -0.0708 0.1433
vn -0.0892 0.2770 0.9567
vn -0.1825 0.2484 0.9513
vn -0.1408 0.4973 0.8561
vn -0.2301 0.4167 0.8794
vn -0.3641 0.3737 0.8531
vn -0.0104 0.0564 0.9984
vn -0.0703 0.3482 0.9348
vn -0.0881 0.7406 0.6662
vn -0.0857 0.7519 0.6536
vn -0.1119 0.6185 0.7777
vn -0.0057 0.0617 0.9981
vn -0.0064 0.0602 0.9982
vn -0.0740 0.9187 0.3880
vn -0.0573 0.8587 0.5093
vn -0.0737 0.0255 0.9970
vn -0.8237 0.3977 0.4041
vn -0.6783 0.5426 0.4954
vn -0.0181 0.0517 0.9985
vn -0.3460 0.8717 0.3471
vn -0.0339 -0.0856 0.9958
vn -0.1227 -0.2187 0.9680
vn -0.1655 -0.0843 0.9826
vn -0.1886 -0.4771 0.8584
vn -0.9870 -0.1105 0.1168
vn -0.9923 -0.1092 0.0592
vn -0.9943 -0.1066 0.0009
vn -0.9923 -0.1092 -0.0592
vn 0.0085 -0.0306 -0.9995
vn 0.0438 -0.1134 -0.9926
vn 0.0566 -0.0319 -0.9979
vn 0.0691 -0.2487 -0.9661
vn 0.9282 -0.1404 -0.3447
vn -1.0000 0.0080 0.0038
vn -1.0000 0.0077 -0.0000
vn -1.0000 0.0080 -0.0038
vn -0.9943 -0.1066 -0.0009
vn -0.9870 -0.1105 -0.1168
vn -0.1655 -0.0843 -0.9826
vn -0.1886 -0.4771 -0.8584
vn 0.0085 -0.0306 0.9995
vn 0.0438 -0.1134 0.9926
vn 0.9282 -0.1404 0.3447
vn 0.0566 -0.0319 0.9979
vn 0.0691 -0.2487 0.9661
vn 0.1822 0.9315 -0.3149
vn -0.0094 0.9574 -0.2886
vn 0.0281 0.9853 -0.1684
vn 0.2008 0.9676 -0.1527
vn 0.0227 0.9995 -0.0209
vn 0.2099 0.9775 -0.0222
vn 0.2098 0.9777 -0.0000
vn 0.0210 0.9998 -0.0000
vn -0.3671 0.9302 -0.0030
vn -0.3671 0.9302 0.0030
vn -0.3656 0.9308 0.0002
vn 0.0227 0.9995 0.0209
vn -0.3656 0.9308 -0.0002
vn 0.2099 0.9775 0.0221
vn 0.0281 0.9853 0.1684
vn 0.2008 0.9676 0.1527
vn -0.0094 0.9574 0.2886
vn 0.1822 0.9315 0.3149
vn -0.6830 0.7305 -0.0011
vn -0.6928 0.7209 -0.0197
vn 0.9801 -0.1859 -0.0701
vn 0.8515 0.0831 -0.5177
vn 0.9069 0.2091 -0.3658
vn 0.8092 0.2893 -0.5114
vn 0.8920 0.3393 -0.2987
vn 0.9069 0.2091 0.3658
vn 0.8515 0.0831 0.5177
vn 0.9807 -0.1924 0.0347
vn 0.9801 -0.1859 0.0701
vn 0.9280 0.3705 0.0401
vn 0.9279 0.3705 0.0406
vn 0.8920 0.3393 0.2987
vn 0.8092 0.2893 0.5114
vn -0.6928 0.7209 0.0197
vn 0.0048 0.3195 -0.9476
vn 0.1948 0.2275 -0.9541
vn -0.1879 0.3369 -0.9226
vn -0.1809 0.5335 -0.8262
vn 0.0736 0.4261 -0.9017
vn 0.1988 0.3593 -0.9118
vn 0.0048 0.3195 0.9476
vn -0.1879 0.3369 0.9226
vn 0.1948 0.2275 0.9541
vn 0.1988 0.3593 0.9118
vn 0.0736 0.4261 0.9017
vn -0.1809 0.5335 0.8262
vn -0.6830 0.7305 0.0011
vn -0.9071 0.4209 0.0051
vn 0.0040 -0.8230 -0.5680
vn -0.4871 0.8117 -0.3222
vn -0.9251 0.1850 0.3315
vn -0.0689 0.0143 0.9975
vn 0.6688 0.3064 -0.6774
vn -0.0831 0.7555 -0.6498
vn -0.2149 0.5532 -0.8048
vn -0.9251 0.1851 -0.3315
vn -0.8267 0.2471 0.5054
vn -0.1391 0.9538 0.2661
vn -0.0097 0.9083 -0.4183
vn -0.2149 0.5532 0.8048
vn -0.0790 0.7313 0.6774
vn -0.9296 0.1594 -0.3322
vn 0.9491 0.0270 0.3139
vn -0.4871 0.8117 0.3223
vn 0.0011 -0.8412 0.5408
vn 0.0006 -0.8221 0.5693
vn 0.2099 0.9775 0.0222
vn 0.5256 -0.8507 -0.0000
vn 0.4776 -0.7802 -0.4041
vn 0.4806 -0.7845 -0.3918
vn 0.8238 0.5669 -0.0000
vn -0.2524 0.2841 0.9250
vn -0.0455 -0.0157 0.9988
vn -0.0311 -0.0368 0.9988
vn -0.2400 0.2662 0.9335
vn -0.4123 0.5199 -0.7481
vn -0.5494 0.7229 -0.4191
vn -0.5481 0.7210 -0.4241
vn -0.4093 0.5154 -0.7529
vn 0.3466 -0.5879 -0.7309
vn 0.1623 -0.3184 -0.9340
vn 0.1757 -0.3379 -0.9246
vn 0.3556 -0.6011 -0.7158
vn 0.1623 -0.3184 0.9340
vn 0.3466 -0.5879 0.7309
vn 0.3556 -0.6011 0.7158
vn 0.1757 -0.3379 0.9246
vn -0.6013 0.7980 0.0407
vn -0.5441 0.7106 0.4461
vn -0.5445 0.7111 0.4448
vn -0.6014 0.7983 0.0316
vn 0.4776 -0.7802 0.4041
vn 0.4806 -0.7845 0.3918
vn -0.4247 0.5341 0.7310
vn -0.4192 0.5261 0.7400
vn -0.2438 0.2726 -0.9307
vn -0.2343 0.2588 -0.9371
vn -0.0455 -0.0157 -0.9988
vn -0.0311 -0.0368 -0.9988
vn -0.5669 0.8238 -0.0000
vn 0.5669 -0.8238 -0.0000
vn -0.8238 -0.5669 -0.0000
vn -0.8291 -0.5591 -0.0000
vn 0.8292 0.5589 -0.0000
vn 0.8291 0.5591 -0.0000
vn 0.8407 0.5415 -0.0000
vn -0.8292 -0.5589 -0.0000
vn -0.8407 -0.5415 -0.0000
vn 0.0679 -0.0987 0.9928
vn 0.0940 -0.1366 -0.9862
vn 0.8003 -0.5996 -0.0000
vn 0.7720 -0.5585 -0.3035
vn 0.7722 -0.5587 -0.3025
vn 0.9971 0.0765 -0.0000
vn 0.9841 0.0948 -0.1504
vn 0.9830 0.0963 -0.1563
vn 0.7092 0.7050 -0.0000
vn 0.7142 0.6966 0.0683
vn 0.7149 0.6955 0.0724
vn 0.1026 0.9947 -0.0000
vn 0.1215 0.9608 0.2491
vn 0.1235 0.9573 0.2615
vn -0.5361 0.8441 -0.0000
vn -0.5079 0.7997 0.3202
vn -0.5066 0.7976 0.3275
vn -0.9440 0.3301 -0.0000
vn -0.9199 0.2965 0.2567
vn -0.9206 0.2975 0.2530
vn -0.9396 -0.3421 -0.0000
vn -0.9335 -0.3513 0.0720
vn -0.9341 -0.3504 0.0685
vn -0.4931 -0.8700 -0.0000
vn -0.5054 -0.8483 -0.1579
vn -0.5040 -0.8507 -0.1491
vn 0.2024 -0.9793 -0.0000
vn 0.1763 -0.9345 -0.3093
vn 0.1783 -0.9379 -0.2976
vn 0.6919 -0.4413 -0.5714
vn 0.6931 -0.4430 -0.5687
vn 0.9462 0.1488 -0.2873
vn 0.9432 0.1531 -0.2948
vn 0.7293 0.6715 0.1310
vn 0.7313 0.6682 0.1367
vn 0.1767 0.8631 0.4731
vn 0.1830 0.8520 0.4905
vn -0.4278 0.6737 0.6026
vn -0.4234 0.6666 0.6135
vn -0.8522 0.2011 0.4831
vn -0.8538 0.2033 0.4793
vn -0.9159 -0.3776 0.1361
vn -0.9177 -0.3749 0.1314
vn -0.5405 -0.7870 -0.2975
vn -0.5362 -0.7944 -0.2852
vn 0.1024 -0.8090 -0.5788
vn 0.1087 -0.8197 -0.5624
vn 0.5727 -0.2642 -0.7760
vn 0.5761 -0.2694 -0.7717
vn 0.8872 0.2346 -0.3973
vn 0.8839 0.2395 -0.4018
vn 0.7536 0.6316 0.1821
vn 0.7566 0.6268 0.1864
vn 0.2635 0.7131 0.6497
vn 0.2732 0.6965 0.6635
vn -0.3079 0.4849 0.8186
vn -0.3002 0.4727 0.8285
vn -0.7522 0.0570 0.6564
vn -0.7528 0.0577 0.6557
vn -0.8894 -0.4176 0.1858
vn -0.8917 -0.4141 0.1825
vn -0.5945 -0.6949 -0.4046
vn -0.5880 -0.7058 -0.3951
vn -0.0080 -0.6246 -0.7809
vn 0.0020 -0.6410 -0.7675
vn 0.4301 -0.0480 -0.9015
vn 0.4367 -0.0582 -0.8977
vn 0.8135 0.3448 -0.4683
vn 0.8125 0.3463 -0.4689
vn 0.7854 0.5802 0.2158
vn 0.7878 0.5762 0.2174
vn 0.3745 0.5276 0.7625
vn 0.3845 0.5111 0.7687
vn -0.1627 0.2561 0.9528
vn -0.1528 0.2406 0.9585
vn -0.6334 -0.1197 0.7645
vn -0.6305 -0.1242 0.7662
vn -0.8572 -0.4671 0.2170
vn -0.8585 -0.4650 0.2161
vn -0.6617 -0.5836 -0.4707
vn -0.6557 -0.5934 -0.4669
vn -0.1421 -0.4054 -0.9030
vn -0.1310 -0.4232 -0.8965
vn 0.2788 0.1873 -0.9419
vn 0.2884 0.1722 -0.9419
vn 0.7334 0.4687 -0.4924
vn 0.7363 0.4641 -0.4924
vn 0.8217 0.5225 0.2277
vn 0.8223 0.5215 0.2277
vn 0.5003 0.3252 0.8025
vn 0.5075 0.3138 0.8025
vn -0.0053 0.0084 1.0000
vn 0.0053 -0.0084 1.0000
vn -0.5075 -0.3138 0.8025
vn -0.5003 -0.3252 0.8025
vn -0.8223 -0.5215 0.2277
vn -0.8217 -0.5225 0.2277
vn -0.7363 -0.4641 -0.4924
vn -0.7334 -0.4687 -0.4924
vn -0.2884 -0.1722 -0.9419
vn -0.2788 -0.1873 -0.9419
vn 0.1310 0.4232 -0.8965
vn 0.1421 0.4054 -0.9030
vn 0.6557 0.5934 -0.4669
vn 0.6617 0.5836 -0.4707
vn 0.8585 0.4650 0.2161
vn 0.8572 0.4671 0.2170
vn 0.6305 0.1242 0.7662
vn 0.6334 0.1197 0.7645
vn 0.1528 -0.2406 0.9585
vn 0.1627 -0.2561 0.9528
vn -0.3845 -0.5111 0.7687
vn -0.3745 -0.5276 0.7625
vn -0.7878 -0.5762 0.2174
vn -0.7854 -0.5802 0.2158
vn -0.8125 -0.3463 -0.4689
vn -0.8135 -0.3448 -0.4683
vn -0.4367 0.0582 -0.8977
vn -0.4301 0.0480 -0.9015
vn -0.0020 0.6410 -0.7675
vn 0.0080 0.6246 -0.7809
vn 0.5880 0.7058 -0.3951
vn 0.5945 0.6949 -0.4046
vn 0.8917 0.4141 0.1825
vn 0.8894 0.4176 0.1858
vn 0.7528 -0.0578 0.6557
vn 0.7522 -0.0570 0.6564
vn 0.3002 -0.4727 0.8285
vn 0.3079 -0.4848 0.8186
vn -0.2733 -0.6965 0.6635
vn -0.2635 -0.7131 0.6497
vn -0.7565 -0.6268 0.1864
vn -0.7536 -0.6316 0.1821
vn -0.8839 -0.2395 -0.4018
vn -0.8872 -0.2346 -0.3973
vn -0.5761 0.2694 -0.7717
vn -0.5727 0.2642 -0.7760
vn -0.1087 0.8197 -0.5624
vn -0.1024 0.8090 -0.5788
vn 0.5362 0.7944 -0.2852
vn 0.5405 0.7870 -0.2975
vn 0.9177 0.3749 0.1314
vn 0.9159 0.3776 0.1361
vn 0.8538 -0.2033 0.4793
vn 0.8522 -0.2011 0.4831
vn 0.4234 -0.6666 0.6135
vn 0.4278 -0.6737 0.6026
vn -0.1830 -0.8520 0.4905
vn -0.1767 -0.8631 0.4731
vn -0.7313 -0.6682 0.1367
vn -0.7293 -0.6715 0.1310
vn -0.9432 -0.1531 -0.2948
vn -0.9462 -0.1488 -0.2873
vn -0.6931 0.4430 -0.5687
vn -0.6919 0.4413 -0.5714
vn -0.1783 0.9379 -0.2976
vn -0.1763 0.9345 -0.3093
vn 0.5040 0.8507 -0.1491
vn 0.5054 0.8483 -0.1579
vn 0.9341 0.3504 0.0685
vn 0.9335 0.3513 0.0720
vn 0.9206 -0.2975 0.2530
vn 0.9199 -0.2965 0.2567
vn 0.5065 -0.7976 0.3275
vn 0.5079 -0.7997 0.3202
vn -0.1235 -0.9573 0.2615
vn -0.1215 -0.9608 0.2491
vn -0.7149 -0.6955 0.0724
vn -0.7142 -0.6966 0.0683
vn -0.9830 -0.0963 -0.1563
vn -0.9841 -0.0948 -0.1504
vn -0.7722 0.5587 -0.3025
vn -0.7720 0.5584 -0.3035
vn -0.2024 0.9793 -0.0000
vn 0.4931 0.8700 -0.0000
vn 0.9397 0.3421 -0.0000
vn 0.9440 -0.3301 -0.0000
vn 0.5361 -0.8441 -0.0000
vn -0.1026 -0.9947 -0.0000
vn -0.7092 -0.7051 -0.0000
vn -0.9971 -0.0765 -0.0000
vn -0.8003 0.5996 -0.0000
vn -0.1783 0.9379 0.2976
vn -0.1763 0.9345 0.3093
vn 0.5040 0.8507 0.1491
vn 0.5054 0.8483 0.1579
vn 0.9341 0.3504 -0.0685
vn 0.9335 0.3513 -0.0720
vn 0.9206 -0.2975 -0.2530
vn 0.9199 -0.2965 -0.2567
vn 0.5065 -0.7976 -0.3275
vn 0.5079 -0.7997 -0.3202
vn -0.1235 -0.9573 -0.2615
vn -0.1215 -0.9608 -0.2491
vn -0.7149 -0.6955 -0.0724
vn -0.7142 -0.6966 -0.0683
vn -0.9830 -0.0963 0.1563
vn -0.9841 -0.0948 0.1504
vn -0.7722 0.5587 0.3025
vn -0.7720 0.5584 0.3035
vn -0.1087 0.8197 0.5624
vn -0.1024 0.8090 0.5788
vn 0.5362 0.7944 0.2852
vn 0.5405 0.7870 0.2975
vn 0.9177 0.3749 -0.1314
vn 0.9159 0.3776 -0.1361
vn 0.8538 -0.2034 -0.4793
vn 0.8522 -0.2011 -0.4831
vn 0.4234 -0.6666 -0.6135
vn 0.4278 -0.6737 -0.6026
vn -0.1830 -0.8520 -0.4905
vn -0.1767 -0.8631 -0.4731
vn -0.7313 -0.6682 -0.1367
vn -0.7293 -0.6715 -0.1310
vn -0.9432 -0.1531 0.2948
vn -0.9462 -0.1488 0.2873
vn -0.6931 0.4430 0.5687
vn -0.6919 0.4413 0.5714
vn -0.0020 0.6410 0.7675
vn 0.0080 0.6246 0.7809
vn 0.5880 0.7058 0.3951
vn 0.5945 0.6949 0.4046
vn 0.8917 0.4141 -0.1825
vn 0.8894 0.4176 -0.1858
vn 0.7528 -0.0577 -0.6557
vn 0.7522 -0.0570 -0.6564
vn 0.3002 -0.4727 -0.8285
vn 0.3079 -0.4848 -0.8186
vn -0.2732 -0.6965 -0.6635
vn -0.2635 -0.7131 -0.6497
vn -0.7565 -0.6268 -0.1864
vn -0.7536 -0.6316 -0.1821
vn -0.8839 -0.2395 0.4018
vn -0.8872 -0.2346 0.3973
vn -0.5761 0.2694 0.7717
vn -0.5727 0.2642 0.7760
vn 0.1310 0.4232 0.8965
vn 0.1421 0.4054 0.9030
vn 0.6557 0.5934 0.4669
vn 0.6617 0.5836 0.4707
vn 0.8585 0.4650 -0.2161
vn 0.8572 0.4671 -0.2170
vn 0.6305 0.1242 -0.7662
vn 0.6334 0.1197 -0.7645
vn 0.1528 -0.2406 -0.9585
vn 0.1627 -0.2561 -0.9529
vn -0.3845 -0.5111 -0.7687
vn -0.3745 -0.5276 -0.7625
vn -0.7878 -0.5762 -0.2174
vn -0.7854 -0.5802 -0.2158
vn -0.8125 -0.3463 0.4689
vn -0.8135 -0.3448 0.4683
vn -0.4367 0.0582 0.8977
vn -0.4301 0.0480 0.9015
vn 0.2788 0.1873 0.9419
vn 0.2884 0.1722 0.9419
vn 0.7334 0.4687 0.4924
vn 0.7363 0.4641 0.4924
vn 0.8217 0.5225 -0.2277
vn 0.8223 0.5215 -0.2277
vn 0.5003 0.3252 -0.8025
vn 0.5075 0.3138 -0.8025
vn -0.0053 0.0084 -1.0000
vn 0.0053 -0.0084 -1.0000
vn -0.5075 -0.3138 -0.8025
vn -0.5003 -0.3252 -0.8025
vn -0.8223 -0.5215 -0.2277
vn -0.8217 -0.5225 -0.2277
vn -0.7363 -0.4641 0.4924
vn -0.7334 -0.4687 0.4924
vn -0.2884 -0.1722 0.9419
vn -0.2788 -0.1873 0.9419
vn 0.4301 -0.0480 0.9015
vn 0.4367 -0.0582 0.8977
vn 0.8135 0.3448 0.4683
vn 0.8125 0.3463 0.4689
vn 0.7854 0.5802 -0.2158
vn 0.7878 0.5762 -0.2174
vn 0.3745 0.5276 -0.7625
vn 0.3845 0.5111 -0.7687
vn -0.1627 0.2561 -0.9529
vn -0.1528 0.2406 -0.9585
vn -0.6334 -0.1197 -0.7645
vn -0.6305 -0.1242 -0.7662
vn -0.8572 -0.4671 -0.2170
vn -0.8585 -0.4650 -0.2161
vn -0.6617 -0.5836 0.4707
vn -0.6557 -0.5934 0.4669
vn -0.1421 -0.4054 0.9030
vn -0.1310 -0.4232 0.8965
vn 0.5727 -0.2642 0.7760
vn 0.5761 -0.2694 0.7717
vn 0.8872 0.2346 0.3973
vn 0.8839 0.2395 0.4018
vn 0.7536 0.6316 -0.1821
vn 0.7566 0.6268 -0.1864
vn 0.2635 0.7131 -0.6497
vn 0.2732 0.6965 -0.6635
vn -0.3079 0.4849 -0.8186
vn -0.3002 0.4727 -0.8285
vn -0.7522 0.0570 -0.6564
vn -0.7528 0.0577 -0.6557
vn -0.8894 -0.4176 -0.1858
vn -0.8917 -0.4141 -0.1825
vn -0.5945 -0.6949 0.4046
vn -0.5880 -0.7058 0.3951
vn -0.0080 -0.6246 0.7809
vn 0.0020 -0.6410 0.7675
vn 0.6919 -0.4413 0.5714
vn 0.6931 -0.4430 0.5687
vn 0.9462 0.1488 0.2873
vn 0.9432 0.1531 0.2948
vn 0.7293 0.6715 -0.1310
vn 0.7313 0.6682 -0.1367
vn 0.1767 0.8631 -0.4731
vn 0.1830 0.8520 -0.4905
vn -0.4278 0.6737 -0.6026
vn -0.4234 0.6666 -0.6135
vn -0.8522 0.2011 -0.4831
vn -0.8538 0.2033 -0.4793
vn -0.9159 -0.3776 -0.1361
vn -0.9177 -0.3749 -0.1314
vn -0.5405 -0.7870 0.2975
vn -0.5362 -0.7944 0.2852
vn 0.1024 -0.8090 0.5788
vn 0.1087 -0.8197 0.5624
vn 0.7720 -0.5584 0.3035
vn 0.7722 -0.5587 0.3025
vn 0.9841 0.0948 0.1504
vn 0.9830 0.0963 0.1563
vn 0.7142 0.6966 -0.0683
vn 0.7149 0.6955 -0.0724
vn 0.1215 0.9608 -0.2491
vn 0.1235 0.9573 -0.2615
vn -0.5079 0.7997 -0.3202
vn -0.5065 0.7976 -0.3275
vn -0.9199 0.2965 -0.2567
vn -0.9206 0.2975 -0.2530
vn -0.9335 -0.3513 -0.0720
vn -0.9341 -0.3504 -0.0685
vn -0.5054 -0.8483 0.1579
vn -0.5040 -0.8507 0.1491
vn 0.1763 -0.9345 0.3093
vn 0.1783 -0.9379 0.2976
vn -0.9466 0.3224 -0.0000
vn 0.9470 0.3211 -0.0000
vn -0.9470 -0.3211 -0.0000
vn 0.9466 -0.3224 -0.0000
vn -0.9898 0.1423 -0.0000
vn -0.0000 -0.9844 -0.1758
vn 0.0457 -0.9810 -0.1886
vn 0.1121 -0.9862 -0.1220
vn 0.0533 -0.9937 -0.0983
vn -0.0000 0.2200 0.9755
vn 0.2115 0.3711 0.9042
vn 0.2394 0.5367 0.8091
vn -0.0000 0.4830 0.8756
vn 0.9942 0.0002 -0.1074
vn 0.9731 0.1984 -0.1175
vn 0.9731 0.1984 0.1175
vn 0.9942 0.0002 0.1074
vn 0.1592 0.9116 -0.3790
vn -0.0000 0.8829 -0.4695
vn -0.0000 0.9604 -0.2788
vn 0.0612 0.9672 -0.2467
vn 0.0533 -0.9937 0.0983
vn 0.1121 -0.9862 0.1220
vn 0.0457 -0.9810 0.1886
vn -0.0000 -0.9844 0.1758
vn 0.1278 -0.9918 -0.0054
vn 0.1278 -0.9918 0.0054
vn -0.0000 0.8829 0.4695
vn 0.1592 0.9116 0.3790
vn 0.0612 0.9672 0.2467
vn -0.0000 0.9604 0.2788
vn -0.9405 0.3397 -0.0000
vn 0.2115 0.3711 -0.9042
vn -0.0000 0.2200 -0.9755
vn -0.0000 0.4830 -0.8756
vn 0.2394 0.5367 -0.8091
vn -0.6304 0.7763 -0.0000
vn 0.3451 0.9384 -0.0190
vn 0.2560 0.9580 -0.1294
vn 0.2560 0.9580 0.1294
vn 0.3451 0.9384 0.0190
vn 0.5464 0.8333 0.0842
vn 0.5464 0.8333 -0.0842
vn 0.1800 -0.9799 -0.0862
vn 0.1800 -0.9799 0.0862
vn 0.9767 0.0005 -0.2144
vn 0.9586 0.1914 -0.2107
vn 0.6158 0.0008 -0.7879
vn 0.6158 0.0008 0.7879
vn 0.9586 0.1914 0.2107
vn 0.9767 0.0005 0.2144
vn 0.5111 0.5550 -0.6563
vn 0.8814 0.4305 -0.1942
vn 0.9240 0.3755 -0.0723
vn 0.5111 0.5550 0.6563
vn 0.8814 0.4305 0.1942
vn 0.9240 0.3755 0.0723
vn 0.3609 0.9010 -0.2408
vn 0.3609 0.9010 0.2408
vn -0.9445 -0.0000 -0.3284
vn -0.3583 0.5868 0.7261
vn 0.4425 -0.0000 -0.8968
vn -0.4425 -0.0000 0.8968
vn 0.3583 0.5868 0.7261
vn 0.9445 -0.0000 -0.3284
vn -0.9445 -0.0000 0.3284
vn -0.7953 0.5395 -0.2765
vn 0.9445 -0.0000 0.3284
vn -0.4425 -0.0000 -0.8968
vn 0.7953 0.5395 0.2765
vn 0.4425 -0.0000 0.8968
vn -0.3583 0.5868 -0.7261
vn -0.7953 0.5395 0.2765
vn 0.3583 0.5868 -0.7261
vn 0.7953 0.5395 -0.2765
vn -0.0000 -0.4425 -0.8968
vn -0.0000 -0.9445 -0.3284
vn -0.0000 -0.9445 0.3284
vn -0.0000 -0.4425 0.8968
vn -0.0000 0.4425 0.8968
vn -0.0000 0.9445 0.3284
vn -0.0000 0.5388 0.8425
vn -0.0000 0.9445 -0.3284
vn -0.0000 0.4425 -0.8968
vn -0.0000 -0.6786 -0.7345
vn -0.0000 -0.9658 0.2591
vn -0.0000 -0.5388 -0.8425
vn -0.0000 0.5388 -0.8425
vn -0.0000 0.9658 0.2591
vn -0.0000 -0.5388 0.8425
vn -0.0000 -0.9658 -0.2591
vn -0.0000 0.9658 -0.2591
vn -0.0000 0.6786 -0.7345
vn -0.0000 0.9832 0.1826
vn -0.0000 -0.6786 0.7345
vn -0.0000 -0.9832 -0.1826
vn -0.0000 0.9832 -0.1826
vn -0.0000 0.6786 0.7345
vn -0.0000 -0.9832 0.1826
vn -0.9823 0.1862 -0.0183
vn -0.9995 0.0124 -0.0291
vn -0.9998 0.0183 -0.0097
vn -0.9918 0.1271 0.0138
vn -0.9828 -0.1814 -0.0341
vn -0.9915 -0.1270 -0.0286
vn -0.9495 -0.2725 -0.1555
vn -0.9999 0.0108 0.0020
vn -0.9302 0.3464 0.1213
vn 0.9495 -0.2725 -0.1555
vn 0.9999 0.0108 0.0020
vn 0.9995 -0.0214 0.0218
vn 0.9492 -0.2730 -0.1566
vn 0.9302 0.3464 0.1213
vn 0.9486 0.2208 0.2269
vn 0.9706 -0.1050 0.2166
vn 0.9639 -0.2261 0.1408
vn 0.9347 -0.3500 -0.0614
vn 0.9823 0.1862 -0.0183
vn 0.9995 0.0124 -0.0291
vn 0.9990 0.0014 -0.0450
vn 0.9736 0.2244 -0.0409
vn 0.9828 -0.1814 -0.0341
vn 0.9761 -0.2122 -0.0468
vn 0.6898 0.0234 -0.7236
vn 0.6589 -0.1244 -0.7419
vn 0.6895 0.0213 -0.7240
vn 0.7045 0.1648 -0.6903
vn 0.0993 -0.2115 -0.9723
vn -0.0000 -0.2593 -0.9658
vn -0.0993 -0.2115 -0.9723
vn -0.5698 0.8105 -0.1353
vn -0.5851 0.8013 -0.1246
vn -0.5126 0.8408 -0.1738
vn 0.5851 0.8013 -0.1246
vn 0.5698 0.8105 -0.1353
vn 0.5126 0.8408 -0.1738
vn -0.0000 0.5829 -0.8126
vn 0.2427 0.5654 -0.7883
vn -0.2427 0.5655 -0.7883
vn 0.6077 -0.7600 -0.2306
vn 0.6121 -0.7567 -0.2295
vn 0.5316 -0.8100 -0.2474
vn -0.6121 -0.7567 -0.2295
vn -0.6077 -0.7600 -0.2306
vn -0.5316 -0.8100 -0.2474
vn -0.0000 -0.4346 -0.9006
vn -0.1999 -0.4258 -0.8825
vn 0.1999 -0.4258 -0.8825
vn 0.8323 -0.4775 -0.2816
vn 0.7454 -0.6230 -0.2371
vn 0.7474 -0.6203 -0.2378
vn -0.8323 -0.4775 -0.2816
vn -0.7474 -0.6203 -0.2378
vn -0.7454 -0.6230 -0.2371
vn -0.8289 0.5206 0.2047
vn -0.7291 0.6839 0.0241
vn -0.7033 0.7108 -0.0091
vn 0.8289 0.5206 0.2047
vn 0.7033 0.7108 -0.0091
vn 0.7291 0.6839 0.0241
vn 0.9998 0.0183 -0.0097
vn 0.9918 0.1271 0.0138
vn 0.9915 -0.1270 -0.0286
vn -0.7044 0.1648 -0.6904
vn -0.6894 0.0213 -0.7241
vn -0.6897 0.0234 -0.7237
vn -0.6588 -0.1243 -0.7420
vn -0.9990 0.0014 -0.0450
vn -0.9761 -0.2122 -0.0468
vn -0.9737 0.2243 -0.0409
vn -0.9706 -0.1050 0.2166
vn -0.9639 -0.2262 0.1408
vn -0.9125 -0.3364 0.2326
vn -0.9156 -0.2124 0.3415
vn -0.9347 -0.3500 -0.0614
vn -0.8719 -0.4848 -0.0690
vn 0.9125 -0.3364 0.2326
vn 0.8719 -0.4848 -0.0690
vn 0.9156 -0.2124 0.3415
vn 0.8597 0.3583 0.3641
vn -0.9486 0.2208 0.2269
vn -0.8597 0.3583 0.3641
vn -0.8560 0.2820 0.4332
vn 0.8560 0.2820 0.4332
vn -0.8514 -0.4429 -0.2810
vn -0.9492 -0.2730 -0.1566
vn 0.8514 -0.4429 -0.2810
vn -0.9995 -0.0214 0.0218
vn -0.9823 -0.1862 0.0183
vn -0.9995 -0.0124 0.0291
vn -0.9998 -0.0183 0.0097
vn -0.9918 -0.1271 -0.0138
vn -0.9828 0.1814 0.0341
vn -0.9915 0.1270 0.0286
vn -0.9495 0.2725 0.1555
vn -0.9999 -0.0108 -0.0020
vn -0.9302 -0.3464 -0.1213
vn 0.9495 0.2725 0.1555
vn 0.9999 -0.0108 -0.0020
vn 0.9995 0.0214 -0.0218
vn 0.9492 0.2730 0.1566
vn 0.9302 -0.3464 -0.1213
vn 0.9486 -0.2208 -0.2269
vn 0.9706 0.1050 -0.2166
vn 0.9639 0.2261 -0.1408
vn 0.9347 0.3500 0.0614
vn 0.9823 -0.1862 0.0183
vn 0.9995 -0.0124 0.0291
vn 0.9990 -0.0014 0.0450
vn 0.9736 -0.2244 0.0409
vn 0.9828 0.1814 0.0341
vn 0.9761 0.2122 0.0468
vn 0.6898 -0.0234 0.7236
vn 0.6589 0.1244 0.7419
vn 0.6895 -0.0213 0.7240
vn 0.7045 -0.1648 0.6903
vn 0.0993 0.2115 0.9723
vn -0.0000 0.2593 0.9658
vn -0.0993 0.2115 0.9723
vn -0.5698 -0.8105 0.1353
vn -0.5851 -0.8013 0.1246
vn -0.5126 -0.8408 0.1738
vn 0.5851 -0.8013 0.1246
vn 0.5698 -0.8105 0.1353
vn 0.5126 -0.8408 0.1738
vn -0.0000 -0.5829 0.8126
vn 0.2427 -0.5654 0.7883
vn -0.2427 -0.5655 0.7883
vn 0.6077 0.7600 0.2306
vn 0.6121 0.7567 0.2295
vn 0.5316 0.8100 0.2474
vn -0.6121 0.7567 0.2295
vn -0.6077 0.7600 0.2306
vn -0.5316 0.8100 0.2474
vn -0.0000 0.4346 0.9006
vn -0.1999 0.4258 0.8825
vn 0.1999 0.4258 0.8825
vn 0.8323 0.4775 0.2816
vn 0.7454 0.6230 0.2371
vn 0.7474 0.6203 0.2378
vn -0.8323 0.4775 0.2816
vn -0.7474 0.6203 0.2378
vn -0.7454 0.6230 0.2371
vn -0.8289 -0.5206 -0.2047
vn -0.7291 -0.6839 -0.0241
vn -0.7033 -0.7108 0.0091
vn 0.8289 -0.5206 -0.2047
vn 0.7033 -0.7108 0.0091
vn 0.7291 -0.6839 -0.0241
vn 0.9998 -0.0183 0.0097
vn 0.9918 -0.1271 -0.0138
vn 0.9915 0.1270 0.0286
vn -0.7044 -0.1648 0.6904
vn -0.6894 -0.0213 0.7241
vn -0.6898 -0.0234 0.7237
vn -0.6588 0.1243 0.7420
vn -0.9990 -0.0014 0.0450
vn -0.9761 0.2122 0.0468
vn -0.9737 -0.2243 0.0409
vn -0.9706 0.1050 -0.2166
vn -0.9639 0.2262 -0.1408
vn -0.9125 0.3364 -0.2326
vn -0.9156 0.2124 -0.3415
vn -0.9347 0.3500 0.0614
vn -0.8719 0.4848 0.0690
vn 0.9125 0.3364 -0.2326
vn 0.8719 0.4848 0.0690
vn 0.9156 0.2124 -0.3415
vn 0.8597 -0.3583 -0.3641
vn -0.9486 -0.2208 -0.2269
vn -0.8597 -0.3583 -0.3641
vn -0.8560 -0.2820 -0.4332
vn 0.8560 -0.2820 -0.4332
vn -0.8514 0.4429 0.2810
vn -0.9492 0.2730 0.1566
vn 0.8514 0.4429 0.2810
vn -0.9995 0.0214 -0.0218
vn 0.6999 -0.6999 0.1428
vn 0.7764 -0.5738 0.2606
vn 0.6659 -0.6446 0.3755
vn 0.5738 -0.7764 0.2606
vn 0.8397 -0.3399 0.4235
vn 0.3398 -0.8397 0.4235
vn 0.3398 -0.8397 -0.4235
vn 0.6659 -0.6446 -0.3755
vn 0.5738 -0.7764 -0.2606
vn 0.8397 -0.3399 -0.4235
vn 0.7764 -0.5738 -0.2606
vn 0.6999 -0.6999 -0.1428
vn 0.3549 -0.0000 -0.9349
vn 0.6769 -0.0000 -0.7361
vn 0.9125 -0.0000 -0.4091
vn 0.9125 -0.0000 0.4091
vn 0.6769 -0.0000 0.7361
vn 0.3549 -0.0000 0.9349
vn -0.3549 -0.0000 0.9349
vn -0.6769 -0.0000 0.7361
vn -0.9125 -0.0000 0.4091
vn -0.9125 -0.0000 -0.4091
vn -0.6769 -0.0000 -0.7361
vn -0.6750 0.1182 0.7283
vn -0.3549 0.1140 0.9279
vn -0.3503 0.1139 0.9297
vn -0.6691 0.1181 0.7337
vn -0.3549 -0.0000 -0.9349
vn -0.2849 0.6295 -0.7229
vn -0.5289 0.6435 -0.5533
vn -0.4219 0.7773 -0.4667
vn -0.2235 0.7708 -0.5965
vn 0.9069 0.1226 -0.4031
vn 0.6750 0.1182 -0.7283
vn 0.6691 0.1181 -0.7337
vn 0.9042 0.1226 -0.4091
vn -0.9069 0.1226 0.4031
vn -0.9042 0.1226 0.4091
vn 0.9922 0.1246 -0.0000
vn -0.9922 0.1246 -0.0000
vn 0.9069 0.1226 0.4031
vn 0.9042 0.1226 0.4091
vn -0.9069 0.1226 -0.4031
vn -0.9042 0.1226 -0.4091
vn 0.6750 0.1182 0.7283
vn 0.6691 0.1181 0.7337
vn -0.6750 0.1182 -0.7283
vn -0.6691 0.1181 -0.7337
vn 0.3549 0.1140 0.9279
vn 0.3503 0.1139 0.9297
vn -0.3549 0.1140 -0.9279
vn -0.3503 0.1139 -0.9297
vn -0.0000 0.1124 0.9937
vn 0.3549 0.1140 -0.9279
vn -0.0000 0.1124 -0.9937
vn 0.3503 0.1139 -0.9297
vn 0.5656 0.7828 0.2593
vn 0.6199 0.7847 -0.0000
vn 0.2468 0.9691 -0.0000
vn 0.2224 0.9690 0.1075
vn -0.0000 0.6237 0.7817
vn 0.2849 0.6295 0.7229
vn 0.2235 0.7708 0.5965
vn -0.0000 0.7680 0.6405
vn 0.2849 0.6295 -0.7229
vn -0.0000 0.6237 -0.7817
vn -0.0000 0.7680 -0.6405
vn 0.2235 0.7708 -0.5965
vn -0.2849 0.6295 0.7229
vn -0.2235 0.7708 0.5965
vn 0.5289 0.6435 -0.5533
vn 0.4219 0.7773 -0.4667
vn -0.5289 0.6435 0.5533
vn -0.4219 0.7773 0.4667
vn 0.6921 0.6574 -0.2980
vn 0.5656 0.7828 -0.2593
vn -0.6921 0.6574 0.2980
vn -0.5656 0.7828 0.2593
vn 0.7485 0.6631 -0.0000
vn -0.7485 0.6631 -0.0000
vn -0.6199 0.7847 -0.0000
vn 0.6921 0.6574 0.2980
vn -0.6921 0.6574 -0.2980
vn -0.5656 0.7828 -0.2593
vn 0.5289 0.6435 0.5533
vn 0.4219 0.7773 0.4667
vn 0.0834 0.9682 -0.2358
vn -0.0000 0.9680 -0.2510
vn -0.0834 0.9682 -0.2358
vn -0.1614 0.9687 -0.1887
vn -0.2224 0.9690 -0.1075
vn -0.2468 0.9691 -0.0000
vn -0.2224 0.9690 0.1075
vn -0.1614 0.9687 0.1887
vn -0.0834 0.9682 0.2358
vn -0.0000 0.9680 0.2510
vn 0.0834 0.9682 0.2358
vn 0.1614 0.9687 0.1887
vn 0.2224 0.9690 -0.1075
vn 0.1614 0.9687 -0.1887
vn -0.8286 0.5599 -0.0000
vn 0.8286 -0.5599 -0.0000
vn -0.5599 -0.8286 -0.0000
vn 0.5599 0.8286 -0.0000
vn 0.9736 -0.2284 -0.0000
vn -0.9644 0.2646 -0.0000
vn 0.5679 0.8231 -0.0000
vn 0.8231 -0.5679 -0.0000
vn -0.8231 0.5679 -0.0000
vn -0.5799 -0.8147 -0.0000
vn 0.5799 0.8147 -0.0000
vn -0.9421 0.3354 -0.0000
vn 0.9421 0.3354 -0.0000
vt 0.319170 0.590452
vt 0.267398 0.590339
vt 0.267398 0.440984
vt 0.319170 0.441097
vt 0.016924 0.133793
vt 0.016922 0.053310
vt 0.036528 0.121706
vt 0.036529 0.164185
vt 0.181276 0.332463
vt 0.181663 0.428447
vt 0.167650 0.401925
vt 0.167323 0.320986
vt 0.105287 0.440223
vt 0.156988 0.440196
vt 0.156988 0.577058
vt 0.105287 0.577070
vt 0.180728 0.196422
vt 0.166813 0.194550
vt 0.988301 0.746367
vt 0.816615 0.746612
vt 0.816615 0.407348
vt 0.988301 0.407348
vt 0.304583 0.427086
vt 0.304811 0.331089
vt 0.318751 0.319663
vt 0.318558 0.400615
vt 0.298828 0.427268
vt 0.299056 0.331076
vt 0.988301 0.372327
vt 0.816615 0.372327
vt 0.816615 0.026796
vt 0.988301 0.027045
vt 0.462302 0.207193
vt 0.462302 0.356598
vt 0.326572 0.356592
vt 0.326572 0.207186
vt 0.186482 0.196401
vt 0.180504 0.140883
vt 0.186255 0.139969
vt 0.187031 0.332443
vt 0.187419 0.428622
vt 0.299379 0.195015
vt 0.305134 0.195028
vt 0.319051 0.193210
vt 0.299513 0.138575
vt 0.305266 0.139482
vt 0.143831 0.648723
vt 0.154832 0.648284
vt 0.153461 0.661318
vt 0.143251 0.661770
vt 0.238169 0.135943
vt 0.238412 0.196217
vt 0.326575 0.016441
vt 0.475981 0.016441
vt 0.475978 0.076578
vt 0.326572 0.076578
vt 0.299431 0.102166
vt 0.305182 0.103811
vt 0.555766 0.343248
vt 0.555766 0.193843
vt 0.607467 0.193823
vt 0.607467 0.343228
vt 0.247448 0.194896
vt 0.247591 0.134613
vt 0.332569 0.110880
vt 0.469977 0.110881
vt 0.460111 0.138136
vt 0.342433 0.138136
vt 0.247504 0.100206
vt 0.247292 0.072851
vt 0.299224 0.072969
vt 0.186282 0.103484
vt 0.238205 0.101460
vt 0.180535 0.105136
vt 0.186452 0.074158
vt 0.180707 0.076451
vt 0.181127 0.041578
vt 0.186880 0.041248
vt 0.238382 0.073974
vt 0.238810 0.041064
vt 0.304973 0.075255
vt 0.135996 0.648741
vt 0.135969 0.661787
vt 0.361661 0.170645
vt 0.440879 0.170645
vt 0.416323 0.194796
vt 0.386215 0.194796
vt 0.099565 0.640694
vt 0.099558 0.588922
vt 0.124737 0.590878
vt 0.124745 0.642650
vt 0.246829 0.040196
vt 0.298761 0.040314
vt 0.304515 0.040637
vt 0.431391 0.507139
vt 0.428852 0.511574
vt 0.422628 0.513410
vt 0.326572 0.513406
vt 0.326572 0.364000
vt 0.422628 0.364005
vt 0.428852 0.365842
vt 0.431391 0.370277
vt 0.154842 0.642581
vt 0.143841 0.643022
vt 0.154835 0.590808
vt 0.143834 0.591250
vt 0.099558 0.646406
vt 0.124735 0.648354
vt 0.166611 0.144443
vt 0.187498 0.016625
vt 0.239428 0.016441
vt 0.181745 0.017052
vt 0.136007 0.643040
vt 0.136000 0.591268
vt 0.405187 0.199785
vt 0.397350 0.199785
vt 0.166801 0.084876
vt 0.167188 0.051389
vt 0.777513 0.678137
vt 0.777513 0.602225
vt 0.780102 0.602192
vt 0.780102 0.678105
vt 0.725598 0.591685
vt 0.725598 0.507444
vt 0.733699 0.510550
vt 0.733699 0.594791
vt 0.774948 0.430958
vt 0.774948 0.349680
vt 0.777538 0.349677
vt 0.777538 0.430956
vt 0.717703 0.281188
vt 0.717703 0.196932
vt 0.725803 0.193823
vt 0.725803 0.278079
vt 0.183016 0.802931
vt 0.183016 0.794305
vt 0.185607 0.794305
vt 0.185607 0.802931
vt 0.386358 0.793302
vt 0.386358 0.801957
vt 0.383768 0.801957
vt 0.383768 0.793302
vt 0.767693 0.686434
vt 0.767693 0.602192
vt 0.770112 0.603120
vt 0.770112 0.687361
vt 0.706934 0.671920
vt 0.706934 0.596007
vt 0.718196 0.595865
vt 0.718196 0.671778
vt 0.767120 0.592629
vt 0.767120 0.508372
vt 0.769538 0.507444
vt 0.769538 0.591700
vt 0.699035 0.275114
vt 0.699035 0.193835
vt 0.710302 0.193823
vt 0.710302 0.275101
vt 0.797679 0.448260
vt 0.797679 0.459526
vt 0.795103 0.459526
vt 0.795103 0.448260
vt 0.794013 0.223758
vt 0.794013 0.212491
vt 0.796597 0.212491
vt 0.796597 0.223758
vt 0.767565 0.160826
vt 0.767565 0.076585
vt 0.769984 0.077512
vt 0.769984 0.161753
vt 0.582864 0.732202
vt 0.582864 0.650923
vt 0.591540 0.650914
vt 0.591540 0.732192
vt 0.766617 0.279007
vt 0.766617 0.194751
vt 0.769035 0.193823
vt 0.769035 0.278079
vt 0.726225 0.425699
vt 0.726225 0.349786
vt 0.734898 0.349677
vt 0.734898 0.425590
vt 0.253002 0.802038
vt 0.253002 0.793362
vt 0.255577 0.793362
vt 0.255577 0.802038
vt 0.620237 0.792616
vt 0.620237 0.801292
vt 0.617653 0.801292
vt 0.617653 0.792616
vt 0.767693 0.776044
vt 0.767693 0.694765
vt 0.770284 0.694762
vt 0.770284 0.776041
vt 0.694066 0.160826
vt 0.694066 0.076585
vt 0.704585 0.080618
vt 0.704585 0.164859
vt 0.777385 0.152530
vt 0.777385 0.076618
vt 0.779974 0.076585
vt 0.779974 0.152498
vt 0.383768 0.697166
vt 0.383768 0.612909
vt 0.394287 0.608872
vt 0.394287 0.693129
vt 0.796554 0.768273
vt 0.796554 0.757072
vt 0.799144 0.757072
vt 0.799144 0.768273
vt 0.796603 0.249800
vt 0.796603 0.261039
vt 0.794013 0.261040
vt 0.794013 0.249800
vt 0.053068 0.785242
vt 0.053068 0.709897
vt 0.055659 0.709902
vt 0.055659 0.785247
vt 0.656135 0.651857
vt 0.656135 0.567595
vt 0.664234 0.570706
vt 0.664234 0.654967
vt 0.776436 0.274757
vt 0.776436 0.193823
vt 0.779026 0.193843
vt 0.779026 0.274777
vt 0.711986 0.163966
vt 0.711986 0.079697
vt 0.720084 0.076585
vt 0.720084 0.160854
vt 0.585454 0.794959
vt 0.585454 0.803585
vt 0.582864 0.803585
vt 0.582864 0.794959
vt 0.543103 0.801510
vt 0.543103 0.792855
vt 0.545694 0.792855
vt 0.545694 0.801510
vt 0.765128 0.433939
vt 0.765128 0.349677
vt 0.767546 0.350606
vt 0.767546 0.434867
vt 0.707557 0.425022
vt 0.707557 0.349677
vt 0.718824 0.349699
vt 0.718824 0.425044
vt 0.428843 0.736600
vt 0.428843 0.652331
vt 0.431261 0.651402
vt 0.431261 0.735671
vt 0.706934 0.588379
vt 0.706934 0.507444
vt 0.718197 0.507530
vt 0.718197 0.588464
vt 0.794013 0.279708
vt 0.794013 0.268441
vt 0.796588 0.268441
vt 0.796588 0.279708
vt 0.796597 0.193823
vt 0.796597 0.205090
vt 0.794013 0.205089
vt 0.794013 0.193823
vt 0.756797 0.278084
vt 0.756797 0.193823
vt 0.759215 0.194752
vt 0.759215 0.279013
vt 0.725598 0.683127
vt 0.725598 0.602192
vt 0.734271 0.602258
vt 0.734271 0.683193
vt 0.755309 0.434875
vt 0.755309 0.350606
vt 0.757726 0.349677
vt 0.757726 0.433946
vt 0.655558 0.737714
vt 0.655558 0.662369
vt 0.664234 0.662386
vt 0.664234 0.737731
vt 0.245600 0.793362
vt 0.245600 0.802038
vt 0.243025 0.802038
vt 0.243025 0.793362
vt 0.640414 0.801266
vt 0.640414 0.792589
vt 0.642998 0.792590
vt 0.642998 0.801266
vt 0.776940 0.588379
vt 0.776940 0.507444
vt 0.779529 0.507464
vt 0.779529 0.588398
vt 0.243025 0.670018
vt 0.243025 0.585756
vt 0.253543 0.589795
vt 0.253543 0.674056
vt 0.777685 0.770107
vt 0.777685 0.694762
vt 0.780276 0.694767
vt 0.780276 0.770112
vt 0.495988 0.697830
vt 0.495988 0.613562
vt 0.506503 0.609520
vt 0.506503 0.693789
vt 0.798310 0.016441
vt 0.798310 0.027642
vt 0.795720 0.027642
vt 0.795720 0.016441
vt 0.794013 0.242399
vt 0.794013 0.231160
vt 0.796603 0.231159
vt 0.796603 0.242399
vt 0.699533 0.657454
vt 0.696363 0.657447
vt 0.696363 0.507444
vt 0.699533 0.507451
vt 0.749395 0.292008
vt 0.746216 0.292006
vt 0.746216 0.193823
vt 0.749395 0.193824
vt 0.696990 0.349678
vt 0.700156 0.349677
vt 0.700156 0.499729
vt 0.696990 0.499730
vt 0.743973 0.076585
vt 0.747153 0.076585
vt 0.747153 0.174782
vt 0.743973 0.174782
vt 0.581010 0.166494
vt 0.483382 0.166496
vt 0.483382 0.016443
vt 0.581010 0.016441
vt 0.536750 0.514058
vt 0.438792 0.514053
vt 0.438792 0.364000
vt 0.536750 0.364005
vt 0.031673 0.368318
vt 0.022504 0.341370
vt 0.040533 0.308028
vt 0.047112 0.325023
vt 0.090001 0.428370
vt 0.082717 0.428370
vt 0.083741 0.365219
vt 0.088968 0.365219
vt 0.150210 0.341370
vt 0.141042 0.368318
vt 0.125595 0.325023
vt 0.132174 0.308028
vt 0.072368 0.423248
vt 0.049546 0.401315
vt 0.059938 0.346208
vt 0.076315 0.361173
vt 0.016927 0.259514
vt 0.036531 0.254403
vt 0.123170 0.401315
vt 0.100349 0.423248
vt 0.096394 0.361173
vt 0.112771 0.346207
vt 0.155780 0.133793
vt 0.155783 0.259514
vt 0.136174 0.254403
vt 0.136172 0.164185
vt 0.016928 0.309338
vt 0.036531 0.288544
vt 0.318474 0.050470
vt 0.318897 0.083720
vt 0.319170 0.143095
vt 0.319090 0.110857
vt 0.125489 0.661383
vt 0.166644 0.112134
vt 0.099558 0.440248
vt 0.099558 0.577050
vt 0.303882 0.016441
vt 0.317885 0.028331
vt 0.167763 0.028944
vt 0.058843 0.238247
vt 0.058843 0.257051
vt 0.061052 0.265865
vt 0.064685 0.272182
vt 0.084908 0.285105
vt 0.087794 0.285105
vt 0.108017 0.272182
vt 0.111649 0.265865
vt 0.071766 0.279087
vt 0.080808 0.283701
vt 0.058842 0.188436
vt 0.091894 0.283701
vt 0.100936 0.279087
vt 0.113858 0.238246
vt 0.113857 0.188436
vt 0.023258 0.042097
vt 0.149443 0.042097
vt 0.129802 0.113139
vt 0.042896 0.113139
vt 0.155784 0.309338
vt 0.136175 0.288543
vt 0.155779 0.053310
vt 0.136171 0.121706
vt 0.058841 0.168996
vt 0.113858 0.257051
vt 0.107473 0.160252
vt 0.065224 0.160252
vt 0.113856 0.168996
vt 0.060710 0.162813
vt 0.111987 0.162813
vt 0.628205 0.630618
vt 0.603483 0.630564
vt 0.603483 0.507444
vt 0.628205 0.507498
vt 0.627689 0.720381
vt 0.627689 0.695584
vt 0.634901 0.695580
vt 0.644491 0.720373
vt 0.769101 0.169155
vt 0.769101 0.183766
vt 0.767565 0.183897
vt 0.767565 0.169286
vt 0.603483 0.720377
vt 0.613075 0.695580
vt 0.620288 0.695581
vt 0.620288 0.720379
vt 0.635179 0.723618
vt 0.627689 0.723621
vt 0.259997 0.564146
vt 0.252801 0.564146
vt 0.252801 0.440984
vt 0.259997 0.440985
vt 0.612796 0.723619
vt 0.620288 0.723619
vt 0.620288 0.726454
vt 0.616532 0.726454
vt 0.631436 0.507505
vt 0.631436 0.630625
vt 0.515207 0.644621
vt 0.515207 0.521460
vt 0.524815 0.521460
vt 0.524815 0.644621
vt 0.679270 0.193823
vt 0.679270 0.316983
vt 0.676681 0.316992
vt 0.676681 0.193832
vt 0.631444 0.726454
vt 0.627689 0.726456
vt 0.528834 0.521460
vt 0.528834 0.644622
vt 0.634262 0.507511
vt 0.634262 0.630631
vt 0.618535 0.729252
vt 0.620288 0.729252
vt 0.620288 0.731829
vt 0.619285 0.731829
vt 0.637051 0.507517
vt 0.637051 0.630637
vt 0.629441 0.729253
vt 0.627689 0.729254
vt 0.627689 0.731831
vt 0.628691 0.731830
vt 0.628189 0.733995
vt 0.627689 0.733995
vt 0.674190 0.316996
vt 0.674190 0.193836
vt 0.639620 0.507523
vt 0.639620 0.630642
vt 0.536733 0.644621
vt 0.536236 0.644621
vt 0.536236 0.521459
vt 0.536733 0.521459
vt 0.672084 0.316999
vt 0.672084 0.193838
vt 0.641778 0.507527
vt 0.641778 0.630647
vt 0.620288 0.733994
vt 0.619787 0.733994
vt 0.780574 0.334945
vt 0.780574 0.287828
vt 0.782311 0.287800
vt 0.782311 0.334916
vt 0.409616 0.574507
vt 0.409616 0.598720
vt 0.402986 0.643972
vt 0.402986 0.520812
vt 0.423346 0.598740
vt 0.423346 0.574527
vt 0.428617 0.520840
vt 0.428617 0.644000
vt 0.799819 0.602276
vt 0.799819 0.613447
vt 0.798832 0.613363
vt 0.798832 0.602192
vt 0.789168 0.725457
vt 0.789168 0.749670
vt 0.787677 0.749670
vt 0.787677 0.725457
vt 0.787677 0.781285
vt 0.787677 0.757072
vt 0.789153 0.757072
vt 0.789153 0.781285
vt 0.355653 0.790582
vt 0.355653 0.775974
vt 0.357189 0.776104
vt 0.357189 0.790712
vt 0.338687 0.713673
vt 0.328187 0.713658
vt 0.326572 0.711936
vt 0.340302 0.711956
vt 0.328187 0.734432
vt 0.326572 0.736149
vt 0.338687 0.734447
vt 0.340302 0.736169
vt 0.183016 0.751654
vt 0.193516 0.751669
vt 0.193516 0.772443
vt 0.183016 0.772428
vt 0.793472 0.377853
vt 0.793472 0.398627
vt 0.792525 0.398627
vt 0.792525 0.377853
vt 0.792525 0.370451
vt 0.792525 0.349677
vt 0.793483 0.349677
vt 0.793483 0.370451
vt 0.798353 0.645680
vt 0.798353 0.634507
vt 0.799339 0.634423
vt 0.799339 0.645597
vt 0.425122 0.524144
vt 0.406569 0.524129
vt 0.412408 0.571196
vt 0.420474 0.571216
vt 0.642998 0.741424
vt 0.642998 0.785188
vt 0.641859 0.785160
vt 0.641859 0.741397
vt 0.686671 0.355683
vt 0.686671 0.336497
vt 0.688463 0.336565
vt 0.688463 0.355751
vt 0.156426 0.723666
vt 0.156426 0.770735
vt 0.154673 0.770771
vt 0.154673 0.723702
vt 0.734776 0.434499
vt 0.734776 0.443199
vt 0.733007 0.443489
vt 0.733007 0.434789
vt 0.155078 0.670839
vt 0.140056 0.670843
vt 0.138267 0.669189
vt 0.156820 0.669189
vt 0.145534 0.714598
vt 0.150774 0.714614
vt 0.152209 0.716265
vt 0.144142 0.716251
vt 0.253732 0.725232
vt 0.248492 0.725214
vt 0.243025 0.681458
vt 0.258047 0.681458
vt 0.794438 0.180590
vt 0.794438 0.186350
vt 0.793287 0.186107
vt 0.793287 0.180347
vt 0.617653 0.785201
vt 0.617653 0.741395
vt 0.618803 0.741409
vt 0.618803 0.785214
vt 0.792525 0.421561
vt 0.792525 0.406061
vt 0.793701 0.406029
vt 0.793701 0.421528
vt 0.259433 0.756509
vt 0.259910 0.756550
vt 0.259908 0.758314
vt 0.259431 0.758273
vt 0.798807 0.717515
vt 0.798345 0.717515
vt 0.798089 0.715541
vt 0.798552 0.715541
vt 0.798345 0.713567
vt 0.798807 0.713567
vt 0.259908 0.736218
vt 0.259431 0.736260
vt 0.259439 0.734489
vt 0.259916 0.734448
vt 0.259431 0.732674
vt 0.259908 0.732633
vt 0.129631 0.795268
vt 0.130089 0.795268
vt 0.129807 0.797242
vt 0.129350 0.797242
vt 0.485679 0.355703
vt 0.483826 0.355915
vt 0.482515 0.354585
vt 0.482515 0.352491
vt 0.483826 0.350861
vt 0.485679 0.350649
vt 0.486990 0.351980
vt 0.486990 0.354073
vt 0.130089 0.799216
vt 0.129631 0.799216
vt 0.259431 0.754689
vt 0.259908 0.754730
vt 0.520694 0.350649
vt 0.521900 0.351920
vt 0.521900 0.354002
vt 0.520694 0.355677
vt 0.518990 0.355963
vt 0.517784 0.354693
vt 0.517784 0.352610
vt 0.518990 0.350935
vt 0.536043 0.746775
vt 0.536520 0.746816
vt 0.536519 0.748580
vt 0.536041 0.748539
vt 0.798971 0.133393
vt 0.798509 0.133393
vt 0.798253 0.131419
vt 0.798715 0.131419
vt 0.798509 0.129445
vt 0.798971 0.129445
vt 0.259908 0.747246
vt 0.259431 0.747287
vt 0.259439 0.745517
vt 0.259916 0.745475
vt 0.259431 0.743702
vt 0.259908 0.743661
vt 0.074273 0.796788
vt 0.074730 0.796787
vt 0.074449 0.798761
vt 0.073991 0.798761
vt 0.497555 0.355703
vt 0.495702 0.355915
vt 0.494391 0.354585
vt 0.494391 0.352491
vt 0.495702 0.350861
vt 0.497555 0.350649
vt 0.498865 0.351980
vt 0.498865 0.354073
vt 0.074730 0.800735
vt 0.074273 0.800735
vt 0.536041 0.744955
vt 0.536519 0.744996
vt 0.509177 0.350649
vt 0.510383 0.351920
vt 0.510383 0.354002
vt 0.509177 0.355677
vt 0.507472 0.355963
vt 0.506267 0.354693
vt 0.506267 0.352610
vt 0.507472 0.350935
vt 0.268350 0.801865
vt 0.268267 0.799269
vt 0.268803 0.799269
vt 0.269313 0.801866
vt 0.774948 0.440707
vt 0.775425 0.438438
vt 0.776025 0.438360
vt 0.776024 0.440568
vt 0.776624 0.438438
vt 0.777101 0.440707
vt 0.690447 0.800625
vt 0.690953 0.798022
vt 0.691491 0.798025
vt 0.691413 0.800629
vt 0.692042 0.798022
vt 0.692403 0.800625
vt 0.787504 0.686949
vt 0.787981 0.684404
vt 0.788580 0.684490
vt 0.788581 0.687103
vt 0.742634 0.802116
vt 0.742071 0.802180
vt 0.741673 0.801776
vt 0.741673 0.801140
vt 0.742071 0.800644
vt 0.742634 0.800580
vt 0.743032 0.800984
vt 0.743032 0.801620
vt 0.789180 0.684404
vt 0.789658 0.686949
vt 0.267357 0.801866
vt 0.267714 0.799269
vt 0.591076 0.350649
vt 0.591734 0.351342
vt 0.591734 0.352478
vt 0.591076 0.353392
vt 0.590146 0.353548
vt 0.589488 0.352855
vt 0.589488 0.351719
vt 0.590146 0.350805
vt 0.797563 0.745584
vt 0.797479 0.742987
vt 0.798015 0.742988
vt 0.798526 0.745585
vt 0.154673 0.780520
vt 0.155151 0.778251
vt 0.155750 0.778173
vt 0.155750 0.780381
vt 0.156350 0.778251
vt 0.156827 0.780520
vt 0.355653 0.800716
vt 0.356159 0.798114
vt 0.356697 0.798116
vt 0.356619 0.800721
vt 0.357248 0.798114
vt 0.357609 0.800716
vt 0.592856 0.797505
vt 0.593333 0.794959
vt 0.593932 0.795045
vt 0.593932 0.797659
vt 0.778474 0.687075
vt 0.777911 0.687139
vt 0.777513 0.686735
vt 0.777513 0.686099
vt 0.777911 0.685603
vt 0.778474 0.685539
vt 0.778873 0.685943
vt 0.778873 0.686579
vt 0.594532 0.794959
vt 0.595009 0.797505
vt 0.796570 0.745585
vt 0.796926 0.742988
vt 0.709002 0.282515
vt 0.709660 0.283208
vt 0.709660 0.284344
vt 0.709002 0.285258
vt 0.708072 0.285414
vt 0.707414 0.284721
vt 0.707414 0.283585
vt 0.708072 0.282671
vt 0.014488 0.801764
vt 0.014404 0.799167
vt 0.014940 0.799167
vt 0.015450 0.801765
vt 0.283835 0.801636
vt 0.284312 0.799366
vt 0.284912 0.799288
vt 0.284912 0.801496
vt 0.285512 0.799366
vt 0.285989 0.801636
vt 0.796554 0.778277
vt 0.797060 0.775675
vt 0.797598 0.775677
vt 0.797520 0.778282
vt 0.798149 0.775675
vt 0.798510 0.778277
vt 0.795103 0.469473
vt 0.795580 0.466928
vt 0.796180 0.467013
vt 0.796180 0.469627
vt 0.040384 0.801666
vt 0.039821 0.801730
vt 0.039423 0.801326
vt 0.039423 0.800690
vt 0.039821 0.800195
vt 0.040384 0.800130
vt 0.040783 0.800534
vt 0.040783 0.801171
vt 0.796780 0.466928
vt 0.797257 0.469473
vt 0.013495 0.801765
vt 0.013851 0.799167
vt 0.600723 0.350649
vt 0.601381 0.351342
vt 0.601381 0.352478
vt 0.600723 0.353392
vt 0.599793 0.353548
vt 0.599135 0.352855
vt 0.599135 0.351719
vt 0.599793 0.350805
vt 0.099814 0.435803
vt 0.105538 0.435794
vt 0.187498 0.434910
vt 0.181743 0.434880
vt 0.304515 0.433545
vt 0.298761 0.433583
vt 0.105538 0.581520
vt 0.099814 0.581516
vt 0.157238 0.435771
vt 0.239428 0.434743
vt 0.239349 0.428536
vt 0.246895 0.427248
vt 0.246829 0.433481
vt 0.157238 0.581502
vt 0.154754 0.016441
vt 0.159210 0.019037
vt 0.153923 0.045045
vt 0.318487 0.408922
vt 0.017951 0.016441
vt 0.018778 0.045045
vt 0.013495 0.019037
vt 0.167737 0.410207
vt 0.038393 0.115648
vt 0.134305 0.115648
vt 0.219413 0.790535
vt 0.219630 0.790553
vt 0.219629 0.791356
vt 0.219412 0.791337
vt 0.798679 0.654878
vt 0.798469 0.654878
vt 0.798353 0.653980
vt 0.798563 0.653980
vt 0.798469 0.653082
vt 0.798679 0.653082
vt 0.219629 0.773235
vt 0.219412 0.773254
vt 0.219416 0.772449
vt 0.219633 0.772430
vt 0.219412 0.771623
vt 0.219629 0.771605
vt 0.488150 0.782993
vt 0.488358 0.782993
vt 0.488229 0.783890
vt 0.488021 0.783890
vt 0.084525 0.801792
vt 0.083681 0.801888
vt 0.083085 0.801283
vt 0.083085 0.800331
vt 0.083681 0.799589
vt 0.084525 0.799493
vt 0.085121 0.800098
vt 0.085121 0.801050
vt 0.488358 0.784788
vt 0.488150 0.784788
vt 0.219412 0.789707
vt 0.219629 0.789726
vt 0.769017 0.799822
vt 0.769565 0.800400
vt 0.769565 0.801347
vt 0.769017 0.802109
vt 0.768242 0.802239
vt 0.767693 0.801661
vt 0.767693 0.800714
vt 0.768242 0.799952
vt 0.219413 0.799585
vt 0.219630 0.799604
vt 0.219629 0.800407
vt 0.219412 0.800388
vt 0.110820 0.797069
vt 0.110610 0.797069
vt 0.110494 0.796171
vt 0.110704 0.796171
vt 0.110610 0.795273
vt 0.110820 0.795273
vt 0.075588 0.779972
vt 0.075371 0.779991
vt 0.075374 0.779185
vt 0.075591 0.779167
vt 0.075371 0.778360
vt 0.075588 0.778341
vt 0.536169 0.755982
vt 0.536377 0.755982
vt 0.536249 0.756880
vt 0.536041 0.756880
vt 0.673075 0.802084
vt 0.672232 0.802180
vt 0.671636 0.801575
vt 0.671636 0.800623
vt 0.672232 0.799882
vt 0.673075 0.799785
vt 0.673671 0.800390
vt 0.673671 0.801343
vt 0.536377 0.757778
vt 0.536169 0.757778
vt 0.219412 0.798758
vt 0.219629 0.798776
vt 0.726922 0.800003
vt 0.727470 0.800580
vt 0.727470 0.801528
vt 0.726922 0.802290
vt 0.726147 0.802420
vt 0.725598 0.801842
vt 0.725598 0.800895
vt 0.726147 0.800133
vt 0.798833 0.621676
vt 0.799050 0.621695
vt 0.799049 0.622498
vt 0.798832 0.622479
vt 0.488348 0.793985
vt 0.488138 0.793985
vt 0.488021 0.793088
vt 0.488232 0.793088
vt 0.488138 0.792190
vt 0.488348 0.792190
vt 0.219629 0.782287
vt 0.219412 0.782305
vt 0.219416 0.781500
vt 0.219633 0.781481
vt 0.219412 0.780675
vt 0.219629 0.780656
vt 0.488150 0.773795
vt 0.488358 0.773795
vt 0.488229 0.774693
vt 0.488021 0.774693
vt 0.328011 0.802064
vt 0.327168 0.802160
vt 0.326572 0.801555
vt 0.326572 0.800603
vt 0.327168 0.799861
vt 0.328011 0.799765
vt 0.328607 0.800370
vt 0.328607 0.801322
vt 0.488358 0.775591
vt 0.488150 0.775591
vt 0.798832 0.620849
vt 0.799049 0.620867
vt 0.682396 0.799785
vt 0.682945 0.800363
vt 0.682945 0.801310
vt 0.682396 0.802072
vt 0.681621 0.802202
vt 0.681073 0.801624
vt 0.681073 0.800677
vt 0.681621 0.799915
vt 0.336010 0.800593
vt 0.336227 0.800611
vt 0.336226 0.801414
vt 0.336009 0.801395
vt 0.023179 0.800963
vt 0.022968 0.800962
vt 0.022852 0.800065
vt 0.023062 0.800065
vt 0.022968 0.799167
vt 0.023179 0.799167
vt 0.075588 0.789023
vt 0.075371 0.789042
vt 0.075374 0.788236
vt 0.075591 0.788218
vt 0.075371 0.787411
vt 0.075588 0.787392
vt 0.780007 0.783445
vt 0.780215 0.783445
vt 0.780087 0.784343
vt 0.779879 0.784343
vt 0.798498 0.686703
vt 0.797655 0.686799
vt 0.797059 0.686194
vt 0.797059 0.685242
vt 0.797655 0.684500
vt 0.798498 0.684404
vt 0.799095 0.685009
vt 0.799095 0.685961
vt 0.780215 0.785241
vt 0.780007 0.785241
vt 0.336009 0.799765
vt 0.336226 0.799784
vt 0.778291 0.799822
vt 0.778839 0.800400
vt 0.778839 0.801347
vt 0.778291 0.802109
vt 0.777515 0.802239
vt 0.776967 0.801661
vt 0.776967 0.800714
vt 0.777515 0.799952
vt 0.769156 0.026830
vt 0.767416 0.017311
vt 0.772118 0.016441
vt 0.773858 0.025960
vt 0.560593 0.741129
vt 0.560560 0.731422
vt 0.569555 0.731388
vt 0.569588 0.741094
vt 0.438792 0.761257
vt 0.440533 0.751751
vt 0.445239 0.752615
vt 0.443497 0.762120
vt 0.544157 0.741099
vt 0.544151 0.731392
vt 0.553148 0.731388
vt 0.553154 0.741094
vt 0.569551 0.747673
vt 0.560556 0.747708
vt 0.632473 0.781235
vt 0.632473 0.790210
vt 0.627689 0.790210
vt 0.627689 0.781235
vt 0.544153 0.744803
vt 0.553149 0.744798
vt 0.553148 0.751317
vt 0.544151 0.751322
vt 0.444880 0.766064
vt 0.441039 0.768431
vt 0.771613 0.033149
vt 0.767774 0.030782
vt 0.440540 0.771822
vt 0.445239 0.772684
vt 0.443792 0.780579
vt 0.439094 0.779716
vt 0.569561 0.751109
vt 0.560565 0.751144
vt 0.772111 0.036545
vt 0.767416 0.037414
vt 0.419434 0.798633
vt 0.419434 0.789688
vt 0.424211 0.789689
vt 0.424211 0.798633
vt 0.773556 0.044451
vt 0.768861 0.045320
vt 0.553153 0.759379
vt 0.544156 0.759384
vt 0.569588 0.759171
vt 0.560593 0.759206
vt 0.459930 0.762102
vt 0.455224 0.761252
vt 0.456965 0.751733
vt 0.461671 0.752583
vt 0.252022 0.742347
vt 0.243025 0.742340
vt 0.243032 0.732633
vt 0.252029 0.732640
vt 0.173058 0.761341
vt 0.168352 0.762201
vt 0.166611 0.752696
vt 0.171317 0.751835
vt 0.736481 0.165211
vt 0.727486 0.165188
vt 0.727515 0.155482
vt 0.736511 0.155505
vt 0.252029 0.748930
vt 0.243033 0.748923
vt 0.767693 0.783445
vt 0.772477 0.783445
vt 0.772477 0.792420
vt 0.767693 0.792420
vt 0.736505 0.168917
vt 0.736511 0.175438
vt 0.727515 0.175414
vt 0.727509 0.168894
vt 0.170811 0.768513
vt 0.166969 0.766143
vt 0.461313 0.766046
vt 0.457471 0.768426
vt 0.171310 0.771904
vt 0.172756 0.779798
vt 0.168057 0.780657
vt 0.166611 0.772763
vt 0.252027 0.752366
vt 0.243031 0.752359
vt 0.461671 0.772670
vt 0.456972 0.771821
vt 0.796044 0.061666
vt 0.791268 0.061666
vt 0.791268 0.052721
vt 0.796044 0.052721
vt 0.460225 0.780576
vt 0.455526 0.779727
vt 0.736486 0.183499
vt 0.727491 0.183476
vt 0.252022 0.760428
vt 0.243025 0.760421
vt 0.545275 0.186183
vt 0.536794 0.186183
vt 0.536795 0.179443
vt 0.545276 0.179443
vt 0.536798 0.173898
vt 0.545278 0.173898
vt 0.403007 0.763021
vt 0.411487 0.763024
vt 0.411472 0.768540
vt 0.402992 0.768537
vt 0.411467 0.774731
vt 0.402986 0.774728
vt 0.411472 0.780654
vt 0.402992 0.780651
vt 0.411487 0.785409
vt 0.403007 0.785405
vt 0.227124 0.748268
vt 0.235604 0.748269
vt 0.235604 0.754405
vt 0.227123 0.754405
vt 0.235603 0.761337
vt 0.227123 0.761337
vt 0.235604 0.768008
vt 0.227123 0.768008
vt 0.235604 0.773403
vt 0.227124 0.773403
vt 0.504466 0.782066
vt 0.495988 0.782084
vt 0.496090 0.777264
vt 0.504567 0.777246
vt 0.496125 0.771312
vt 0.504603 0.771294
vt 0.496090 0.765133
vt 0.504567 0.765115
vt 0.495988 0.759669
vt 0.504466 0.759651
vt 0.572353 0.796397
vt 0.573164 0.796396
vt 0.573164 0.803454
vt 0.572353 0.803455
vt 0.545278 0.199118
vt 0.536798 0.199118
vt 0.536795 0.193092
vt 0.545276 0.193091
vt 0.229780 0.802326
vt 0.228965 0.802320
vt 0.228965 0.795265
vt 0.229780 0.795271
vt 0.112985 0.684525
vt 0.112344 0.686281
vt 0.099558 0.684012
vt 0.101941 0.677488
vt 0.562675 0.668009
vt 0.562034 0.666254
vt 0.573079 0.659221
vt 0.575462 0.665746
vt 0.114026 0.683318
vt 0.106344 0.672380
vt 0.560993 0.665046
vt 0.568675 0.654110
vt 0.115074 0.682787
vt 0.112098 0.669466
vt 0.559945 0.664515
vt 0.562921 0.651194
vt 0.115926 0.682749
vt 0.118325 0.669189
vt 0.559092 0.664476
vt 0.556693 0.650914
vt 0.116714 0.683078
vt 0.124079 0.671591
vt 0.558304 0.664805
vt 0.550939 0.653314
vt 0.117516 0.683937
vt 0.128482 0.676308
vt 0.557502 0.665664
vt 0.546535 0.658029
vt 0.118080 0.685429
vt 0.130866 0.682620
vt 0.556939 0.667156
vt 0.544151 0.664341
vt 0.118080 0.687298
vt 0.130866 0.689567
vt 0.556939 0.669025
vt 0.544151 0.671288
vt 0.117438 0.689053
vt 0.128482 0.696091
vt 0.557580 0.670780
vt 0.546535 0.677814
vt 0.116398 0.690261
vt 0.124079 0.701199
vt 0.558621 0.671988
vt 0.550939 0.682924
vt 0.115350 0.690792
vt 0.118325 0.704113
vt 0.559669 0.672520
vt 0.556693 0.685841
vt 0.114497 0.690830
vt 0.112098 0.704390
vt 0.560522 0.672558
vt 0.562921 0.686120
vt 0.113709 0.690500
vt 0.106344 0.701987
vt 0.561310 0.672229
vt 0.568675 0.683720
vt 0.112907 0.689641
vt 0.101941 0.697271
vt 0.562112 0.671370
vt 0.573079 0.679005
vt 0.112344 0.688150
vt 0.099558 0.690959
vt 0.562675 0.669878
vt 0.575462 0.672693
vt 0.660428 0.349789
vt 0.661070 0.351544
vt 0.661070 0.353413
vt 0.660506 0.354905
vt 0.659704 0.355764
vt 0.658916 0.356092
vt 0.658063 0.356054
vt 0.657015 0.355523
vt 0.655974 0.354315
vt 0.655333 0.352559
vt 0.655333 0.350690
vt 0.655896 0.349199
vt 0.656699 0.348340
vt 0.657487 0.348011
vt 0.658339 0.348049
vt 0.659388 0.348581
vt 0.719869 0.438940
vt 0.720510 0.437185
vt 0.721551 0.435978
vt 0.722599 0.435447
vt 0.723452 0.435409
vt 0.724240 0.435738
vt 0.725042 0.436597
vt 0.725605 0.438089
vt 0.725605 0.439958
vt 0.724964 0.441713
vt 0.723923 0.442920
vt 0.722875 0.443451
vt 0.722022 0.443489
vt 0.721234 0.443160
vt 0.720432 0.442301
vt 0.719869 0.440809
vt 0.755953 0.587049
vt 0.756768 0.587056
vt 0.756768 0.594111
vt 0.755953 0.594104
vt 0.063926 0.803846
vt 0.063060 0.803849
vt 0.063060 0.796791
vt 0.063926 0.796788
vt 0.228119 0.802323
vt 0.228119 0.795268
vt 0.571487 0.796401
vt 0.571487 0.803458
vt 0.755107 0.587052
vt 0.755107 0.594107
vt 0.166611 0.788059
vt 0.168062 0.788059
vt 0.168062 0.795116
vt 0.166611 0.795116
vt 0.227123 0.802339
vt 0.227123 0.795284
vt 0.691897 0.790621
vt 0.690447 0.790621
vt 0.690447 0.783563
vt 0.691897 0.783563
vt 0.368564 0.780845
vt 0.370378 0.780845
vt 0.370378 0.787903
vt 0.368564 0.787903
vt 0.754111 0.587068
vt 0.754111 0.594124
vt 0.169926 0.788059
vt 0.169926 0.795116
vt 0.608580 0.788291
vt 0.606766 0.788291
vt 0.606766 0.781233
vt 0.608580 0.781234
vt 0.365281 0.780846
vt 0.366706 0.780845
vt 0.366706 0.787903
vt 0.365281 0.787903
vt 0.693762 0.790621
vt 0.693762 0.783563
vt 0.371688 0.780846
vt 0.371688 0.787903
vt 0.604908 0.788291
vt 0.603483 0.788292
vt 0.603483 0.781234
vt 0.604908 0.781234
vt 0.171721 0.788059
vt 0.171721 0.795116
vt 0.609890 0.788292
vt 0.609890 0.781234
vt 0.695557 0.790621
vt 0.695557 0.783563
vt 0.066590 0.803848
vt 0.065585 0.803845
vt 0.065585 0.796788
vt 0.066590 0.796790
vt 0.172996 0.788059
vt 0.172996 0.795116
vt 0.574012 0.796397
vt 0.575016 0.796399
vt 0.575016 0.803457
vt 0.574012 0.803454
vt 0.696832 0.790621
vt 0.696832 0.783563
vt 0.064737 0.803845
vt 0.064737 0.796787
vt 0.230658 0.802347
vt 0.230658 0.795292
vt 0.757646 0.587076
vt 0.757646 0.594131
vt 0.754279 0.316528
vt 0.752240 0.303265
vt 0.756965 0.302529
vt 0.759004 0.315791
vt 0.267438 0.727541
vt 0.267398 0.714082
vt 0.276394 0.714051
vt 0.276433 0.727510
vt 0.766405 0.315772
vt 0.768445 0.302529
vt 0.773173 0.303259
vt 0.771133 0.316502
vt 0.455231 0.726047
vt 0.455224 0.712588
vt 0.464221 0.712584
vt 0.464228 0.726043
vt 0.276394 0.734089
vt 0.267398 0.734120
vt 0.272141 0.782892
vt 0.272141 0.791867
vt 0.267357 0.791867
vt 0.267357 0.782892
vt 0.455226 0.729751
vt 0.464223 0.729747
vt 0.464221 0.736266
vt 0.455224 0.736270
vt 0.772627 0.320405
vt 0.768854 0.322880
vt 0.756556 0.322913
vt 0.752785 0.320439
vt 0.768452 0.326283
vt 0.773173 0.327012
vt 0.771951 0.334945
vt 0.767230 0.334216
vt 0.276402 0.737525
vt 0.267406 0.737556
vt 0.756958 0.326322
vt 0.752240 0.327057
vt 0.154433 0.797003
vt 0.154433 0.788059
vt 0.159210 0.788059
vt 0.159210 0.797003
vt 0.758179 0.334265
vt 0.753461 0.335001
vt 0.464225 0.744328
vt 0.455228 0.744332
vt 0.276426 0.745587
vt 0.267430 0.745618
vt 0.632417 0.755376
vt 0.627689 0.754659
vt 0.629729 0.741397
vt 0.634457 0.742113
vt 0.147264 0.737131
vt 0.138267 0.737125
vt 0.138275 0.723666
vt 0.147272 0.723672
vt 0.697215 0.756995
vt 0.692487 0.757721
vt 0.690447 0.744478
vt 0.695175 0.743752
vt 0.356699 0.725414
vt 0.347703 0.725395
vt 0.347738 0.711936
vt 0.356733 0.711955
vt 0.147272 0.743714
vt 0.138275 0.743708
vt 0.326572 0.783388
vt 0.331356 0.783388
vt 0.331356 0.792363
vt 0.326572 0.792363
vt 0.356724 0.729120
vt 0.356733 0.735640
vt 0.347738 0.735621
vt 0.347729 0.729101
vt 0.694765 0.764101
vt 0.690992 0.761623
vt 0.633912 0.759278
vt 0.630138 0.761767
vt 0.695168 0.767504
vt 0.696390 0.775436
vt 0.691669 0.776161
vt 0.690447 0.768229
vt 0.147270 0.747151
vt 0.138273 0.747145
vt 0.634457 0.765890
vt 0.629736 0.765174
vt 0.792281 0.677002
vt 0.787504 0.677002
vt 0.787504 0.668058
vt 0.792281 0.668058
vt 0.633235 0.773834
vt 0.628514 0.773118
vt 0.356713 0.743702
vt 0.347717 0.743683
vt 0.147265 0.755213
vt 0.138269 0.755207
vt 0.071540 0.758004
vt 0.063060 0.758005
vt 0.063061 0.751265
vt 0.071541 0.751264
vt 0.063063 0.745720
vt 0.071544 0.745720
vt 0.777406 0.159932
vt 0.785886 0.159935
vt 0.785871 0.165451
vt 0.777390 0.165447
vt 0.785865 0.171642
vt 0.777385 0.171638
vt 0.785871 0.177565
vt 0.777390 0.177562
vt 0.785886 0.182319
vt 0.777406 0.182316
vt 0.118414 0.748272
vt 0.126895 0.748272
vt 0.126894 0.754409
vt 0.118414 0.754409
vt 0.126894 0.761341
vt 0.118414 0.761341
vt 0.126894 0.768012
vt 0.118414 0.768012
vt 0.126895 0.773407
vt 0.118414 0.773407
vt 0.715412 0.784905
vt 0.706934 0.784923
vt 0.707036 0.780103
vt 0.715513 0.780085
vt 0.707071 0.774151
vt 0.715549 0.774132
vt 0.707036 0.767972
vt 0.715513 0.767953
vt 0.706934 0.762507
vt 0.715412 0.762489
vt 0.798956 0.312159
vt 0.799767 0.312158
vt 0.799767 0.319216
vt 0.798956 0.319217
vt 0.071544 0.770939
vt 0.063063 0.770940
vt 0.063061 0.764914
vt 0.071541 0.764913
vt 0.606140 0.802755
vt 0.605325 0.802749
vt 0.605325 0.795693
vt 0.606140 0.795700
vt 0.339999 0.684670
vt 0.339358 0.686425
vt 0.326572 0.684156
vt 0.328955 0.677633
vt 0.070731 0.684385
vt 0.070090 0.682629
vt 0.081135 0.675596
vt 0.083519 0.682122
vt 0.341040 0.683463
vt 0.333359 0.672525
vt 0.069049 0.681422
vt 0.076731 0.670486
vt 0.342088 0.682932
vt 0.339112 0.669610
vt 0.068001 0.680890
vt 0.070977 0.667569
vt 0.342941 0.682894
vt 0.345340 0.669333
vt 0.067148 0.680852
vt 0.064749 0.667290
vt 0.343728 0.683223
vt 0.351093 0.671736
vt 0.066360 0.681181
vt 0.058995 0.669690
vt 0.344531 0.684082
vt 0.355497 0.676452
vt 0.065558 0.682040
vt 0.054591 0.674405
vt 0.345094 0.685574
vt 0.357880 0.682764
vt 0.064995 0.683531
vt 0.052208 0.680716
vt 0.345094 0.687443
vt 0.357880 0.689711
vt 0.064995 0.685400
vt 0.052208 0.687664
vt 0.344453 0.689198
vt 0.355497 0.696235
vt 0.065636 0.687156
vt 0.054591 0.694189
vt 0.343412 0.690405
vt 0.351093 0.701343
vt 0.066677 0.688364
vt 0.058995 0.699299
vt 0.342364 0.690936
vt 0.345340 0.704258
vt 0.067725 0.688895
vt 0.064749 0.702216
vt 0.341511 0.690974
vt 0.339112 0.704535
vt 0.068578 0.688933
vt 0.070977 0.702496
vt 0.340723 0.690645
vt 0.333359 0.702132
vt 0.069366 0.688605
vt 0.076731 0.700095
vt 0.339921 0.689786
vt 0.328955 0.697416
vt 0.070168 0.687746
vt 0.081135 0.695381
vt 0.339358 0.688294
vt 0.326572 0.691104
vt 0.070731 0.686254
vt 0.083519 0.689069
vt 0.634152 0.349789
vt 0.634793 0.351544
vt 0.634793 0.353413
vt 0.634230 0.354905
vt 0.633428 0.355764
vt 0.632640 0.356092
vt 0.631787 0.356054
vt 0.630739 0.355523
vt 0.629698 0.354315
vt 0.629057 0.352560
vt 0.629057 0.350690
vt 0.629620 0.349199
vt 0.630422 0.348340
vt 0.631210 0.348011
vt 0.632063 0.348049
vt 0.633111 0.348581
vt 0.582864 0.783009
vt 0.583505 0.781254
vt 0.584546 0.780046
vt 0.585594 0.779515
vt 0.586447 0.779477
vt 0.587234 0.779806
vt 0.588037 0.780665
vt 0.588600 0.782157
vt 0.588600 0.784026
vt 0.587959 0.785782
vt 0.586918 0.786989
vt 0.585870 0.787520
vt 0.585017 0.787558
vt 0.584229 0.787229
vt 0.583427 0.786370
vt 0.582864 0.784878
vt 0.101399 0.795273
vt 0.102214 0.795280
vt 0.102214 0.802335
vt 0.101399 0.802328
vt 0.561422 0.803455
vt 0.560556 0.803458
vt 0.560556 0.796401
vt 0.561422 0.796397
vt 0.604479 0.802751
vt 0.604479 0.795696
vt 0.798090 0.312162
vt 0.798090 0.319220
vt 0.100553 0.795276
vt 0.100553 0.802331
vt 0.455224 0.787978
vt 0.456675 0.787978
vt 0.456675 0.795036
vt 0.455224 0.795036
vt 0.603483 0.802768
vt 0.603483 0.795713
vt 0.309210 0.793480
vt 0.307760 0.793479
vt 0.307760 0.786422
vt 0.309210 0.786422
vt 0.186299 0.779845
vt 0.188113 0.779845
vt 0.188113 0.786903
vt 0.186299 0.786902
vt 0.099558 0.795292
vt 0.099558 0.802347
vt 0.458539 0.787978
vt 0.458539 0.795036
vt 0.123510 0.787866
vt 0.121697 0.787866
vt 0.121697 0.780808
vt 0.123510 0.780809
vt 0.183016 0.779845
vt 0.184441 0.779845
vt 0.184441 0.786902
vt 0.183016 0.786903
vt 0.311075 0.793480
vt 0.311075 0.786422
vt 0.189423 0.779846
vt 0.189423 0.786903
vt 0.119838 0.787866
vt 0.118414 0.787866
vt 0.118414 0.780809
vt 0.119838 0.780809
vt 0.460334 0.787978
vt 0.460334 0.795036
vt 0.124820 0.787867
vt 0.124820 0.780809
vt 0.312870 0.793479
vt 0.312870 0.786422
vt 0.564085 0.803457
vt 0.563081 0.803454
vt 0.563081 0.796397
vt 0.564085 0.796399
vt 0.461609 0.787978
vt 0.461609 0.795035
vt 0.800615 0.312158
vt 0.801620 0.312161
vt 0.801620 0.319218
vt 0.800615 0.319216
vt 0.314145 0.793479
vt 0.314145 0.786422
vt 0.562233 0.803454
vt 0.562233 0.796396
vt 0.607018 0.802775
vt 0.607018 0.795720
vt 0.103092 0.795300
vt 0.103092 0.802355
vt 0.608212 0.755374
vt 0.603483 0.754657
vt 0.605523 0.741395
vt 0.610251 0.742112
vt 0.292832 0.727517
vt 0.283835 0.727511
vt 0.283843 0.714051
vt 0.292840 0.714058
vt 0.773241 0.461503
vt 0.768513 0.462229
vt 0.766473 0.448986
vt 0.771201 0.448259
vt 0.447788 0.726061
vt 0.438792 0.726043
vt 0.438827 0.712584
vt 0.447822 0.712603
vt 0.292840 0.734099
vt 0.283843 0.734093
vt 0.283835 0.782912
vt 0.288619 0.782912
vt 0.288619 0.791887
vt 0.283835 0.791887
vt 0.447813 0.729767
vt 0.447822 0.736288
vt 0.438827 0.736269
vt 0.438818 0.729749
vt 0.770792 0.468608
vt 0.767019 0.466131
vt 0.609706 0.759276
vt 0.605933 0.761765
vt 0.771194 0.472012
vt 0.772416 0.479944
vt 0.767695 0.480669
vt 0.766473 0.472737
vt 0.292838 0.737536
vt 0.283841 0.737530
vt 0.610251 0.765888
vt 0.605530 0.765173
vt 0.792454 0.797632
vt 0.787677 0.797632
vt 0.787677 0.788687
vt 0.792454 0.788687
vt 0.609029 0.773832
vt 0.604308 0.773116
vt 0.447802 0.744349
vt 0.438806 0.744331
vt 0.292833 0.745598
vt 0.283836 0.745592
vt 0.584903 0.753602
vt 0.582864 0.740340
vt 0.587589 0.739603
vt 0.589628 0.752865
vt 0.183056 0.726176
vt 0.183016 0.712717
vt 0.192012 0.712686
vt 0.192052 0.726145
vt 0.326572 0.756814
vt 0.328612 0.743570
vt 0.333339 0.744300
vt 0.331300 0.757544
vt 0.166618 0.726149
vt 0.166611 0.712690
vt 0.175608 0.712686
vt 0.175615 0.726145
vt 0.192012 0.732724
vt 0.183016 0.732755
vt 0.018279 0.782790
vt 0.018279 0.791765
vt 0.013495 0.791765
vt 0.013495 0.782790
vt 0.166613 0.729853
vt 0.175610 0.729849
vt 0.175608 0.736368
vt 0.166611 0.736372
vt 0.332794 0.761447
vt 0.329021 0.763922
vt 0.587180 0.759988
vt 0.583409 0.757514
vt 0.328619 0.767325
vt 0.333339 0.768054
vt 0.332118 0.775986
vt 0.327397 0.775258
vt 0.192020 0.736160
vt 0.183025 0.736191
vt 0.587582 0.763396
vt 0.582864 0.764132
vt 0.495988 0.798431
vt 0.495988 0.789486
vt 0.500765 0.789486
vt 0.500765 0.798431
vt 0.588803 0.771340
vt 0.584085 0.772076
vt 0.175612 0.744430
vt 0.166615 0.744434
vt 0.192044 0.744222
vt 0.183048 0.744253
vt 0.365281 0.760509
vt 0.365282 0.753769
vt 0.373762 0.753768
vt 0.373762 0.760508
vt 0.365284 0.748224
vt 0.373765 0.748224
vt 0.569057 0.766610
vt 0.569041 0.772126
vt 0.560561 0.772123
vt 0.560576 0.766607
vt 0.569036 0.778317
vt 0.560556 0.778314
vt 0.569041 0.784241
vt 0.560561 0.784237
vt 0.569057 0.788995
vt 0.560576 0.788992
vt 0.108039 0.748277
vt 0.108038 0.754414
vt 0.099558 0.754414
vt 0.099559 0.748277
vt 0.108038 0.761345
vt 0.099558 0.761345
vt 0.108038 0.768017
vt 0.099558 0.768016
vt 0.108039 0.773412
vt 0.099559 0.773411
vt 0.138267 0.785048
vt 0.138368 0.780228
vt 0.146846 0.780210
vt 0.146744 0.785030
vt 0.138404 0.774276
vt 0.146881 0.774257
vt 0.138368 0.768097
vt 0.146846 0.768079
vt 0.138267 0.762633
vt 0.146744 0.762614
vt 0.628555 0.804670
vt 0.628555 0.797613
vt 0.629366 0.797612
vt 0.629366 0.804669
vt 0.365284 0.773444
vt 0.365282 0.767418
vt 0.373762 0.767417
vt 0.373765 0.773443
vt 0.121070 0.795275
vt 0.121070 0.802330
vt 0.120255 0.802324
vt 0.120255 0.795268
vt 0.031378 0.682629
vt 0.042423 0.675596
vt 0.044806 0.682122
vt 0.032019 0.684385
vt 0.451578 0.687073
vt 0.438792 0.684804
vt 0.441175 0.678280
vt 0.452219 0.685318
vt 0.030337 0.681422
vt 0.038019 0.670486
vt 0.445579 0.673172
vt 0.453260 0.684110
vt 0.029288 0.680890
vt 0.032265 0.667569
vt 0.451332 0.670258
vt 0.454308 0.683580
vt 0.028436 0.680852
vt 0.026036 0.667290
vt 0.457560 0.669981
vt 0.455161 0.683542
vt 0.027648 0.681181
vt 0.020282 0.669690
vt 0.463313 0.672384
vt 0.455949 0.683871
vt 0.026846 0.682040
vt 0.015878 0.674405
vt 0.467717 0.677100
vt 0.456751 0.684730
vt 0.026282 0.683531
vt 0.013495 0.680716
vt 0.470100 0.683412
vt 0.457314 0.686222
vt 0.026282 0.685400
vt 0.013495 0.687664
vt 0.470100 0.690359
vt 0.457314 0.688091
vt 0.026923 0.687156
vt 0.015878 0.694189
vt 0.467717 0.696883
vt 0.456673 0.689846
vt 0.027964 0.688364
vt 0.020282 0.699299
vt 0.463313 0.701991
vt 0.455632 0.691053
vt 0.029012 0.688895
vt 0.026036 0.702216
vt 0.457560 0.704905
vt 0.454584 0.691584
vt 0.029865 0.688933
vt 0.032265 0.702496
vt 0.451332 0.705182
vt 0.453731 0.691622
vt 0.030653 0.688605
vt 0.038019 0.700095
vt 0.445579 0.702780
vt 0.452944 0.691293
vt 0.031455 0.687746
vt 0.042423 0.695381
vt 0.441175 0.698063
vt 0.452142 0.690434
vt 0.032019 0.686254
vt 0.044806 0.689069
vt 0.438792 0.691751
vt 0.451578 0.688942
vt 0.757438 0.288191
vt 0.758479 0.286983
vt 0.759527 0.286453
vt 0.760380 0.286415
vt 0.761167 0.286744
vt 0.761969 0.287603
vt 0.762533 0.289095
vt 0.762533 0.290964
vt 0.761892 0.292719
vt 0.760851 0.293926
vt 0.759803 0.294457
vt 0.758950 0.294495
vt 0.758162 0.294166
vt 0.757360 0.293307
vt 0.756797 0.291815
vt 0.756797 0.289946
vt 0.647932 0.351544
vt 0.647932 0.353413
vt 0.647368 0.354905
vt 0.646566 0.355764
vt 0.645778 0.356092
vt 0.644925 0.356054
vt 0.643877 0.355523
vt 0.642836 0.354315
vt 0.642195 0.352559
vt 0.642195 0.350690
vt 0.642758 0.349199
vt 0.643561 0.348340
vt 0.644348 0.348011
vt 0.645201 0.348049
vt 0.646249 0.348581
vt 0.647290 0.349789
vt 0.367123 0.802360
vt 0.367123 0.795305
vt 0.367938 0.795312
vt 0.367938 0.802367
vt 0.344598 0.796199
vt 0.344598 0.803256
vt 0.343732 0.803259
vt 0.343732 0.796202
vt 0.119409 0.802327
vt 0.119409 0.795271
vt 0.627689 0.804673
vt 0.627689 0.797616
vt 0.366277 0.802363
vt 0.366277 0.795308
vt 0.438792 0.795038
vt 0.438792 0.787981
vt 0.440243 0.787981
vt 0.440243 0.795038
vt 0.118414 0.802343
vt 0.118414 0.795288
vt 0.786390 0.430763
vt 0.786390 0.437821
vt 0.784939 0.437821
vt 0.784939 0.430763
vt 0.102841 0.787871
vt 0.102841 0.780813
vt 0.104654 0.780813
vt 0.104654 0.787871
vt 0.365281 0.802379
vt 0.365281 0.795324
vt 0.442108 0.787981
vt 0.442108 0.795038
vt 0.232219 0.780805
vt 0.232219 0.787863
vt 0.230406 0.787862
vt 0.230406 0.780805
vt 0.099558 0.787871
vt 0.099558 0.780814
vt 0.100982 0.780813
vt 0.100982 0.787871
vt 0.788255 0.430763
vt 0.788255 0.437821
vt 0.105965 0.780814
vt 0.105965 0.787871
vt 0.228548 0.780805
vt 0.228548 0.787862
vt 0.227123 0.787863
vt 0.227123 0.780805
vt 0.443902 0.787981
vt 0.443902 0.795038
vt 0.233530 0.780806
vt 0.233530 0.787863
vt 0.790049 0.430763
vt 0.790049 0.437821
vt 0.347262 0.796200
vt 0.347262 0.803258
vt 0.346257 0.803255
vt 0.346257 0.796198
vt 0.445177 0.787980
vt 0.445177 0.795038
vt 0.630214 0.804670
vt 0.630214 0.797612
vt 0.631219 0.797615
vt 0.631219 0.804672
vt 0.791325 0.430763
vt 0.791325 0.437820
vt 0.345409 0.803255
vt 0.345409 0.796197
vt 0.121948 0.795295
vt 0.121948 0.802350
vt 0.368816 0.795332
vt 0.368816 0.802387
vt 0.315917 0.662634
vt 0.315916 0.654880
vt 0.317207 0.654824
vt 0.317209 0.662577
vt 0.315914 0.642887
vt 0.317205 0.642833
vt 0.338455 0.521278
vt 0.350501 0.521234
vt 0.350502 0.525108
vt 0.338456 0.525320
vt 0.330667 0.521294
vt 0.330668 0.525360
vt 0.030654 0.596584
vt 0.023455 0.594954
vt 0.023430 0.588737
vt 0.030665 0.589567
vt 0.021038 0.593215
vt 0.020690 0.588422
vt 0.021053 0.583711
vt 0.023475 0.582528
vt 0.030676 0.582549
vt 0.327861 0.609570
vt 0.330891 0.609498
vt 0.330831 0.617274
vt 0.327864 0.617298
vt 0.334643 0.608872
vt 0.333849 0.617207
vt 0.333758 0.625463
vt 0.330811 0.625521
vt 0.327864 0.625532
vt 0.378405 0.524144
vt 0.385607 0.524125
vt 0.385651 0.530335
vt 0.378416 0.531162
vt 0.388029 0.525310
vt 0.388391 0.530021
vt 0.388044 0.534814
vt 0.385626 0.536553
vt 0.378427 0.538181
vt 0.645583 0.491366
vt 0.638049 0.491445
vt 0.638036 0.488446
vt 0.645585 0.488421
vt 0.633836 0.491891
vt 0.633953 0.488458
vt 0.634028 0.484836
vt 0.638084 0.485434
vt 0.645600 0.485479
vt 0.645600 0.480350
vt 0.638084 0.480446
vt 0.638041 0.477827
vt 0.645587 0.477798
vt 0.634028 0.481048
vt 0.633973 0.477858
vt 0.634028 0.474665
vt 0.638084 0.475213
vt 0.645600 0.475252
vt 0.338453 0.534951
vt 0.330683 0.535025
vt 0.350445 0.534357
vt 0.349868 0.546565
vt 0.338296 0.546879
vt 0.330701 0.546917
vt 0.078379 0.605338
vt 0.070784 0.605298
vt 0.070627 0.593371
vt 0.078397 0.593448
vt 0.059212 0.604979
vt 0.058635 0.592773
vt 0.058578 0.583524
vt 0.070624 0.583741
vt 0.078412 0.583784
vt 0.081733 0.605345
vt 0.081719 0.615647
vt 0.078372 0.615640
vt 0.082494 0.605347
vt 0.082479 0.615648
vt 0.082468 0.624261
vt 0.081719 0.624260
vt 0.078420 0.624253
vt 0.330810 0.633092
vt 0.327864 0.633117
vt 0.333757 0.633035
vt 0.333757 0.639578
vt 0.330810 0.639622
vt 0.327863 0.639697
vt 0.337857 0.557205
vt 0.330708 0.557220
vt 0.345216 0.557254
vt 0.344475 0.565811
vt 0.337607 0.565822
vt 0.330659 0.565834
vt 0.419434 0.717906
vt 0.419434 0.708603
vt 0.419618 0.710510
vt 0.419618 0.718116
vt 0.419434 0.729656
vt 0.419618 0.729641
vt 0.081742 0.631881
vt 0.078571 0.631875
vt 0.082462 0.631883
vt 0.082462 0.638689
vt 0.081793 0.638687
vt 0.078844 0.638681
vt 0.337205 0.573445
vt 0.330509 0.573457
vt 0.343920 0.573428
vt 0.342946 0.580190
vt 0.336492 0.580247
vt 0.330236 0.580264
vt 0.329301 0.591771
vt 0.334079 0.591740
vt 0.332629 0.596558
vt 0.328741 0.596594
vt 0.339629 0.591570
vt 0.337486 0.596409
vt 0.335984 0.599282
vt 0.332169 0.599935
vt 0.328547 0.600027
vt 0.081873 0.644742
vt 0.079250 0.644737
vt 0.082469 0.644744
vt 0.082481 0.650192
vt 0.081981 0.650191
vt 0.079778 0.650187
vt 0.335444 0.586293
vt 0.329830 0.586321
vt 0.341516 0.586152
vt 0.330810 0.645118
vt 0.327863 0.645291
vt 0.333757 0.645109
vt 0.333757 0.650414
vt 0.330810 0.650382
vt 0.327864 0.650603
vt 0.418487 0.669205
vt 0.412017 0.669213
vt 0.412036 0.666242
vt 0.418487 0.666259
vt 0.404727 0.669440
vt 0.405187 0.666263
vt 0.404727 0.663057
vt 0.412017 0.663268
vt 0.418487 0.663314
vt 0.330827 0.655943
vt 0.327864 0.656070
vt 0.333831 0.656050
vt 0.334457 0.660963
vt 0.330886 0.660394
vt 0.327866 0.660365
vt 0.418814 0.652691
vt 0.413033 0.652678
vt 0.414867 0.651402
vt 0.419422 0.651410
vt 0.406812 0.652702
vt 0.409740 0.651426
vt 0.075506 0.659827
vt 0.070479 0.658443
vt 0.073096 0.657694
vt 0.076911 0.658349
vt 0.080069 0.659888
vt 0.080532 0.658442
vt 0.082099 0.654984
vt 0.080339 0.655009
vt 0.082492 0.654908
vt 0.082479 0.657625
vt 0.082160 0.658285
vt 0.338888 0.650414
vt 0.341438 0.650358
vt 0.341438 0.655948
vt 0.338821 0.656050
vt 0.343987 0.650414
vt 0.344055 0.656050
vt 0.344632 0.660963
vt 0.341440 0.660456
vt 0.338247 0.660963
vt 0.348920 0.650414
vt 0.351470 0.650358
vt 0.351470 0.655948
vt 0.348853 0.656050
vt 0.354019 0.650414
vt 0.354087 0.656050
vt 0.354664 0.660963
vt 0.351472 0.660457
vt 0.348279 0.660963
vt 0.358952 0.650414
vt 0.361502 0.650358
vt 0.361502 0.655948
vt 0.358885 0.656050
vt 0.364051 0.650414
vt 0.364119 0.656050
vt 0.364696 0.660964
vt 0.361504 0.660457
vt 0.358311 0.660963
vt 0.062584 0.649256
vt 0.065182 0.649608
vt 0.067229 0.654742
vt 0.064023 0.654638
vt 0.069451 0.649982
vt 0.071593 0.654821
vt 0.067484 0.658707
vt 0.419434 0.774248
vt 0.419618 0.774238
vt 0.419618 0.778929
vt 0.419434 0.779013
vt 0.419618 0.781630
vt 0.419434 0.782287
vt 0.645669 0.482041
vt 0.658110 0.482029
vt 0.658314 0.482792
vt 0.645682 0.482838
vt 0.667524 0.482157
vt 0.669480 0.482748
vt 0.667524 0.483349
vt 0.658110 0.483549
vt 0.645669 0.483629
vt 0.418814 0.699888
vt 0.413033 0.699875
vt 0.412173 0.696867
vt 0.418528 0.696891
vt 0.406812 0.699899
vt 0.405437 0.696874
vt 0.404727 0.693285
vt 0.412017 0.693547
vt 0.418487 0.693598
vt 0.418487 0.689262
vt 0.412017 0.689270
vt 0.412036 0.686300
vt 0.418487 0.686317
vt 0.404727 0.689497
vt 0.405187 0.686321
vt 0.404727 0.683114
vt 0.412017 0.683325
vt 0.418487 0.683371
vt 0.418487 0.679234
vt 0.412017 0.679241
vt 0.412036 0.676271
vt 0.418487 0.676288
vt 0.404727 0.679468
vt 0.405187 0.676292
vt 0.404727 0.673085
vt 0.412017 0.673297
vt 0.418487 0.673342
vt 0.419434 0.762809
vt 0.419618 0.762796
vt 0.419618 0.768818
vt 0.419434 0.768830
vt 0.338889 0.625463
vt 0.341439 0.625512
vt 0.341438 0.633082
vt 0.338889 0.633035
vt 0.343988 0.625463
vt 0.343988 0.633036
vt 0.343988 0.639578
vt 0.341438 0.639607
vt 0.338888 0.639578
vt 0.348921 0.625463
vt 0.351471 0.625512
vt 0.351470 0.633082
vt 0.348921 0.633036
vt 0.354020 0.625463
vt 0.354020 0.633036
vt 0.354020 0.639578
vt 0.351470 0.639607
vt 0.348920 0.639578
vt 0.358953 0.625463
vt 0.361503 0.625512
vt 0.361502 0.633083
vt 0.358953 0.633036
vt 0.364052 0.625463
vt 0.364052 0.633036
vt 0.364052 0.639579
vt 0.361502 0.639607
vt 0.358952 0.639579
vt 0.375077 0.625533
vt 0.376367 0.625570
vt 0.376367 0.633184
vt 0.375077 0.633117
vt 0.061516 0.624221
vt 0.064605 0.624225
vt 0.065160 0.631841
vt 0.061934 0.631824
vt 0.066134 0.638602
vt 0.062656 0.638492
vt 0.376367 0.639887
vt 0.375077 0.639698
vt 0.341438 0.645095
vt 0.338888 0.645109
vt 0.343987 0.645109
vt 0.351470 0.645095
vt 0.348920 0.645109
vt 0.354019 0.645109
vt 0.361502 0.645095
vt 0.358952 0.645109
vt 0.364051 0.645109
vt 0.061425 0.638405
vt 0.063713 0.644262
vt 0.061858 0.643982
vt 0.067564 0.644564
vt 0.419618 0.739884
vt 0.419434 0.739899
vt 0.419618 0.748448
vt 0.419434 0.748463
vt 0.338092 0.608872
vt 0.341436 0.609427
vt 0.341439 0.617251
vt 0.338807 0.617207
vt 0.344783 0.608872
vt 0.344070 0.617207
vt 0.348124 0.608872
vt 0.351468 0.609427
vt 0.351471 0.617251
vt 0.348839 0.617207
vt 0.354815 0.608872
vt 0.354102 0.617207
vt 0.358156 0.608873
vt 0.361500 0.609427
vt 0.361503 0.617251
vt 0.358871 0.617207
vt 0.364847 0.608873
vt 0.364134 0.617207
vt 0.375074 0.609570
vt 0.376364 0.609230
vt 0.376367 0.617259
vt 0.375077 0.617299
vt 0.055509 0.608253
vt 0.063864 0.615669
vt 0.060651 0.615951
vt 0.419618 0.756027
vt 0.419434 0.756042
vt 0.632699 0.261879
vt 0.629753 0.261878
vt 0.626806 0.261878
vt 0.624712 0.261877
vt 0.622469 0.261877
vt 0.619175 0.261876
vt 0.616178 0.261875
vt 0.616175 0.258593
vt 0.616174 0.250839
vt 0.616172 0.238846
vt 0.616170 0.224068
vt 0.616168 0.211066
vt 0.616123 0.203686
vt 0.619152 0.203679
vt 0.622457 0.203683
vt 0.624700 0.203683
vt 0.626794 0.203684
vt 0.629741 0.203684
vt 0.632688 0.203685
vt 0.634757 0.203686
vt 0.636826 0.203686
vt 0.639772 0.203687
vt 0.642719 0.203687
vt 0.644789 0.203688
vt 0.646858 0.203688
vt 0.649804 0.203689
vt 0.652751 0.203690
vt 0.654845 0.203690
vt 0.657088 0.203690
vt 0.660394 0.203688
vt 0.663424 0.203696
vt 0.663380 0.211076
vt 0.663383 0.224079
vt 0.663385 0.238857
vt 0.663387 0.250850
vt 0.663388 0.258604
vt 0.663391 0.261886
vt 0.660395 0.261885
vt 0.657100 0.261884
vt 0.654857 0.261884
vt 0.652763 0.261883
vt 0.649817 0.261883
vt 0.646870 0.261882
vt 0.644801 0.261882
vt 0.642731 0.261881
vt 0.639785 0.261880
vt 0.636838 0.261880
vt 0.634769 0.261879
vt 0.268652 0.607716
vt 0.268289 0.603631
vt 0.271646 0.603801
vt 0.271681 0.607709
vt 0.274983 0.603821
vt 0.274986 0.607713
vt 0.645583 0.444169
vt 0.638049 0.444160
vt 0.638127 0.442916
vt 0.645547 0.442892
vt 0.633836 0.443869
vt 0.634955 0.442929
vt 0.023369 0.597678
vt 0.020462 0.594460
vt 0.030644 0.599658
vt 0.630361 0.488482
vt 0.630348 0.485169
vt 0.630212 0.491475
vt 0.707855 0.298162
vt 0.710106 0.295226
vt 0.712978 0.295880
vt 0.712283 0.298235
vt 0.707560 0.301467
vt 0.712142 0.301433
vt 0.645600 0.460293
vt 0.638084 0.460389
vt 0.638041 0.457770
vt 0.645587 0.457740
vt 0.634028 0.460991
vt 0.633973 0.457801
vt 0.634028 0.454608
vt 0.638084 0.455156
vt 0.645600 0.455195
vt 0.645600 0.470321
vt 0.638084 0.470418
vt 0.638041 0.467799
vt 0.645587 0.467769
vt 0.634028 0.471019
vt 0.633973 0.467830
vt 0.634028 0.464636
vt 0.638084 0.465185
vt 0.645600 0.465224
vt 0.279323 0.607714
vt 0.279320 0.603822
vt 0.282267 0.603822
vt 0.282270 0.607715
vt 0.285214 0.603823
vt 0.285216 0.607716
vt 0.289355 0.607717
vt 0.289352 0.603824
vt 0.292299 0.603825
vt 0.292302 0.607717
vt 0.295246 0.603825
vt 0.295248 0.607718
vt 0.299387 0.607719
vt 0.299384 0.603826
vt 0.302331 0.603827
vt 0.302334 0.607719
vt 0.305278 0.603828
vt 0.305280 0.607720
vt 0.315909 0.615107
vt 0.315953 0.607727
vt 0.317211 0.607788
vt 0.317201 0.615064
vt 0.385835 0.520812
vt 0.389774 0.522386
vt 0.388600 0.523837
vt 0.385684 0.521368
vt 0.378406 0.521073
vt 0.390647 0.529137
vt 0.389412 0.529831
vt 0.389796 0.536389
vt 0.388619 0.536058
vt 0.633118 0.462822
vt 0.630277 0.462878
vt 0.630348 0.460835
vt 0.630348 0.464920
vt 0.707599 0.323767
vt 0.707560 0.321724
vt 0.712142 0.321696
vt 0.712142 0.323765
vt 0.707560 0.325810
vt 0.712142 0.325834
vt 0.292296 0.600532
vt 0.295242 0.600533
vt 0.289349 0.600532
vt 0.289353 0.597857
vt 0.292300 0.597857
vt 0.295246 0.597858
vt 0.630367 0.467892
vt 0.630348 0.470864
vt 0.707557 0.318751
vt 0.707560 0.315778
vt 0.712142 0.315803
vt 0.712142 0.318749
vt 0.355185 0.632911
vt 0.355185 0.639503
vt 0.355186 0.625331
vt 0.355693 0.625200
vt 0.355692 0.632786
vt 0.355692 0.639427
vt 0.365276 0.617314
vt 0.365218 0.625331
vt 0.781260 0.038439
vt 0.786070 0.031234
vt 0.786521 0.035223
vt 0.781670 0.039054
vt 0.785818 0.036444
vt 0.781931 0.039450
vt 0.365759 0.617382
vt 0.365725 0.625200
vt 0.357733 0.656165
vt 0.357787 0.650563
vt 0.357353 0.660451
vt 0.357082 0.659681
vt 0.357247 0.656238
vt 0.357281 0.650712
vt 0.782540 0.056337
vt 0.783866 0.064888
vt 0.783239 0.065288
vt 0.780454 0.059775
vt 0.369093 0.617207
vt 0.369184 0.625463
vt 0.367845 0.625331
vt 0.367785 0.617314
vt 0.367314 0.625200
vt 0.367280 0.617382
vt 0.782838 0.065543
vt 0.780579 0.061181
vt 0.421342 0.689278
vt 0.421342 0.691371
vt 0.418487 0.691356
vt 0.421342 0.693613
vt 0.421342 0.679249
vt 0.421342 0.681318
vt 0.418487 0.681302
vt 0.421342 0.683386
vt 0.421342 0.669221
vt 0.421342 0.671289
vt 0.418487 0.671274
vt 0.421342 0.673358
vt 0.418487 0.658978
vt 0.421342 0.658993
vt 0.421342 0.661236
vt 0.418487 0.661220
vt 0.421342 0.663329
vt 0.365217 0.645146
vt 0.365217 0.650563
vt 0.365217 0.639503
vt 0.365724 0.639428
vt 0.365724 0.645182
vt 0.365724 0.650712
vt 0.357788 0.632911
vt 0.357788 0.625331
vt 0.357787 0.639503
vt 0.357281 0.639427
vt 0.357281 0.632786
vt 0.357282 0.625200
vt 0.788319 0.032858
vt 0.788268 0.034103
vt 0.779826 0.056882
vt 0.779347 0.058032
vt 0.366522 0.609101
vt 0.367384 0.611144
vt 0.367116 0.612476
vt 0.366520 0.611481
vt 0.365667 0.611144
vt 0.365924 0.612476
vt 0.345207 0.656164
vt 0.345588 0.660451
vt 0.345153 0.650563
vt 0.345660 0.650712
vt 0.345694 0.656238
vt 0.345859 0.659681
vt 0.369183 0.639579
vt 0.369183 0.645109
vt 0.367844 0.645146
vt 0.367844 0.639503
vt 0.369183 0.650414
vt 0.367844 0.650563
vt 0.367313 0.650712
vt 0.367313 0.645182
vt 0.367313 0.639428
vt 0.355244 0.617314
vt 0.741673 0.792167
vt 0.746483 0.784962
vt 0.746934 0.788951
vt 0.742083 0.792782
vt 0.746232 0.790172
vt 0.742344 0.793178
vt 0.355727 0.617382
vt 0.405758 0.681263
vt 0.403468 0.681260
vt 0.402986 0.680431
vt 0.402986 0.682164
vt 0.346455 0.661932
vt 0.346455 0.660402
vt 0.347321 0.660451
vt 0.347050 0.659681
vt 0.355185 0.645146
vt 0.355185 0.650563
vt 0.355692 0.645182
vt 0.355692 0.650712
vt 0.345153 0.632911
vt 0.345153 0.639503
vt 0.345154 0.625331
vt 0.345661 0.625200
vt 0.345660 0.632786
vt 0.345660 0.639427
vt 0.789161 0.552644
vt 0.793964 0.559843
vt 0.793567 0.560466
vt 0.788719 0.556639
vt 0.357731 0.617314
vt 0.357248 0.617382
vt 0.793311 0.560866
vt 0.789425 0.557861
vt 0.347701 0.656164
vt 0.347755 0.650563
vt 0.347215 0.656238
vt 0.347249 0.650712
vt 0.357787 0.645146
vt 0.357281 0.645182
vt 0.297315 0.603826
vt 0.297311 0.600533
vt 0.299381 0.600534
vt 0.297316 0.597858
vt 0.299385 0.597859
vt 0.277226 0.603821
vt 0.277223 0.600529
vt 0.279317 0.600529
vt 0.274980 0.600529
vt 0.274984 0.597853
vt 0.277227 0.597854
vt 0.279321 0.597854
vt 0.633953 0.447212
vt 0.630361 0.447317
vt 0.630212 0.444442
vt 0.634028 0.450819
vt 0.630348 0.450614
vt 0.707855 0.339340
vt 0.707560 0.336034
vt 0.712142 0.336065
vt 0.712283 0.339264
vt 0.710106 0.342275
vt 0.712978 0.341620
vt 0.302327 0.600535
vt 0.305274 0.600535
vt 0.302332 0.597860
vt 0.305278 0.597860
vt 0.658723 0.460323
vt 0.658438 0.461478
vt 0.645635 0.461467
vt 0.793964 0.538368
vt 0.788842 0.548804
vt 0.793621 0.537856
vt 0.670251 0.461823
vt 0.667524 0.462100
vt 0.658110 0.461972
vt 0.645669 0.461983
vt 0.638241 0.474070
vt 0.645635 0.474097
vt 0.635276 0.473702
vt 0.635888 0.473435
vt 0.638353 0.473592
vt 0.645669 0.473600
vt 0.633118 0.482894
vt 0.634457 0.482870
vt 0.635276 0.483745
vt 0.635276 0.481997
vt 0.635888 0.482272
vt 0.635533 0.482871
vt 0.635888 0.483463
vt 0.658723 0.470351
vt 0.658438 0.471506
vt 0.645635 0.471496
vt 0.212010 0.772117
vt 0.207207 0.786393
vt 0.206889 0.782553
vt 0.211668 0.771605
vt 0.670251 0.471852
vt 0.667524 0.472129
vt 0.658110 0.472001
vt 0.645669 0.472012
vt 0.658314 0.472763
vt 0.645682 0.472810
vt 0.669480 0.472719
vt 0.667524 0.473320
vt 0.658110 0.473521
vt 0.658314 0.462735
vt 0.645682 0.462781
vt 0.669480 0.462690
vt 0.667524 0.463291
vt 0.658110 0.463492
vt 0.645669 0.463572
vt 0.645669 0.451955
vt 0.658110 0.451943
vt 0.658314 0.452706
vt 0.645682 0.452753
vt 0.667524 0.452072
vt 0.669480 0.452662
vt 0.667524 0.453263
vt 0.658110 0.453463
vt 0.645669 0.453543
vt 0.786931 0.554280
vt 0.787067 0.552601
vt 0.748732 0.786586
vt 0.746811 0.781116
vt 0.748595 0.784908
vt 0.674390 0.462662
vt 0.670251 0.463528
vt 0.638241 0.464041
vt 0.645635 0.464069
vt 0.635276 0.463673
vt 0.635888 0.463406
vt 0.638353 0.463564
vt 0.633118 0.452779
vt 0.634457 0.452779
vt 0.635276 0.453644
vt 0.635276 0.451897
vt 0.635888 0.452186
vt 0.635533 0.452785
vt 0.635888 0.453378
vt 0.633118 0.472851
vt 0.634457 0.472839
vt 0.635276 0.471969
vt 0.635888 0.472244
vt 0.635533 0.472842
vt 0.645600 0.450066
vt 0.658723 0.450105
vt 0.658438 0.451427
vt 0.645635 0.451414
vt 0.673365 0.450809
vt 0.670251 0.451783
vt 0.517437 0.785440
vt 0.515207 0.787076
vt 0.515343 0.785397
vt 0.517118 0.781600
vt 0.712514 0.176409
vt 0.709786 0.175886
vt 0.708464 0.172260
vt 0.711682 0.174945
vt 0.674390 0.482721
vt 0.670251 0.483596
vt 0.670251 0.481880
vt 0.638241 0.454013
vt 0.645635 0.454040
vt 0.638353 0.453535
vt 0.658723 0.480380
vt 0.658438 0.481535
vt 0.645635 0.481524
vt 0.522240 0.771164
vt 0.521897 0.770652
vt 0.780656 0.055417
vt 0.783866 0.052721
vt 0.786398 0.027388
vt 0.788182 0.031179
vt 0.674390 0.452632
vt 0.670251 0.453499
vt 0.638241 0.484122
vt 0.645635 0.484151
vt 0.638353 0.483621
vt 0.204977 0.788029
vt 0.205114 0.786350
vt 0.732657 0.786009
vt 0.730408 0.784385
vt 0.730736 0.780539
vt 0.732520 0.784330
vt 0.674390 0.472691
vt 0.670251 0.473556
vt 0.634457 0.462810
vt 0.635276 0.461940
vt 0.635888 0.462215
vt 0.635533 0.462813
vt 0.337217 0.650712
vt 0.337183 0.656238
vt 0.336422 0.656377
vt 0.336422 0.650768
vt 0.337018 0.659681
vt 0.336423 0.660402
vt 0.335827 0.659681
vt 0.335662 0.656238
vt 0.335628 0.650712
vt 0.346454 0.656377
vt 0.346454 0.650768
vt 0.356486 0.656377
vt 0.356486 0.650768
vt 0.356486 0.660402
vt 0.355891 0.659681
vt 0.355726 0.656238
vt 0.367279 0.656238
vt 0.366518 0.656377
vt 0.366518 0.650768
vt 0.367114 0.659681
vt 0.366519 0.660402
vt 0.365923 0.659681
vt 0.365758 0.656238
vt 0.337218 0.625199
vt 0.337217 0.632786
vt 0.336423 0.632740
vt 0.336423 0.625150
vt 0.337217 0.639427
vt 0.336423 0.639399
vt 0.335628 0.639427
vt 0.335628 0.632786
vt 0.335629 0.625199
vt 0.347250 0.625200
vt 0.347249 0.632786
vt 0.346455 0.632740
vt 0.346455 0.625150
vt 0.347249 0.639427
vt 0.346455 0.639399
vt 0.356487 0.632740
vt 0.356487 0.625150
vt 0.356487 0.639399
vt 0.367313 0.632787
vt 0.366519 0.632740
vt 0.366519 0.625150
vt 0.366519 0.639399
vt 0.365724 0.632787
vt 0.337217 0.645182
vt 0.336422 0.645196
vt 0.335628 0.645182
vt 0.347249 0.645182
vt 0.346454 0.645196
vt 0.345660 0.645182
vt 0.356486 0.645196
vt 0.366518 0.645196
vt 0.337020 0.612476
vt 0.337184 0.617382
vt 0.336424 0.617238
vt 0.336424 0.611481
vt 0.335663 0.617382
vt 0.335828 0.612476
vt 0.347052 0.612476
vt 0.347216 0.617382
vt 0.346456 0.617238
vt 0.346456 0.611481
vt 0.345695 0.617382
vt 0.345860 0.612476
vt 0.357084 0.612476
vt 0.356488 0.617238
vt 0.356488 0.611481
vt 0.355892 0.612476
vt 0.366520 0.617238
vt 0.405758 0.671234
vt 0.403468 0.671232
vt 0.402986 0.670402
vt 0.402986 0.672136
vt 0.356487 0.661932
vt 0.355620 0.660451
vt 0.355239 0.656165
vt 0.369183 0.633036
vt 0.367845 0.632911
vt 0.712994 0.177558
vt 0.711882 0.179312
vt 0.516995 0.789435
vt 0.515257 0.788320
vt 0.336422 0.609100
vt 0.337276 0.611143
vt 0.335560 0.611143
vt 0.522240 0.792638
vt 0.521843 0.793261
vt 0.337724 0.625331
vt 0.337667 0.617314
vt 0.521588 0.793661
vt 0.517701 0.790657
vt 0.337724 0.632911
vt 0.337724 0.639503
vt 0.369109 0.656050
vt 0.367788 0.656165
vt 0.368486 0.660964
vt 0.367400 0.660451
vt 0.365217 0.632911
vt 0.335157 0.617314
vt 0.335097 0.625331
vt 0.708464 0.184448
vt 0.709101 0.184832
vt 0.711761 0.180715
vt 0.709505 0.185081
vt 0.404727 0.659268
vt 0.405758 0.661191
vt 0.403468 0.661200
vt 0.402986 0.660359
vt 0.402986 0.662107
vt 0.366521 0.661932
vt 0.365652 0.660451
vt 0.337723 0.645145
vt 0.337723 0.650563
vt 0.337669 0.656164
vt 0.337289 0.660450
vt 0.732607 0.787253
vt 0.730859 0.788374
vt 0.206765 0.790388
vt 0.205028 0.789273
vt 0.346456 0.609100
vt 0.347308 0.611144
vt 0.345603 0.611144
vt 0.335096 0.632911
vt 0.335096 0.639503
vt 0.365271 0.656165
vt 0.335096 0.645145
vt 0.335096 0.650563
vt 0.405758 0.691306
vt 0.403468 0.691292
vt 0.402986 0.690460
vt 0.402986 0.692207
vt 0.336420 0.661932
vt 0.335541 0.660450
vt 0.212010 0.793591
vt 0.211613 0.794215
vt 0.347756 0.625331
vt 0.347699 0.617314
vt 0.211358 0.794615
vt 0.207471 0.791610
vt 0.347755 0.645145
vt 0.347756 0.639503
vt 0.335152 0.656164
vt 0.345212 0.617314
vt 0.725598 0.791589
vt 0.726009 0.792204
vt 0.730157 0.789595
vt 0.726269 0.792601
vt 0.347756 0.632911
vt 0.345153 0.645145
vt 0.748681 0.787831
vt 0.786981 0.555524
vt 0.356488 0.609101
vt 0.357340 0.611144
vt 0.355635 0.611144
vt 0.673365 0.484451
vt 0.658723 0.485336
vt 0.658438 0.484043
vt 0.638241 0.481606
vt 0.638353 0.482101
vt 0.781260 0.016961
vt 0.781615 0.016441
vt 0.658723 0.455061
vt 0.658438 0.453935
vt 0.638084 0.450168
vt 0.638241 0.451497
vt 0.638353 0.452015
vt 0.741673 0.770689
vt 0.742029 0.770169
vt 0.658723 0.465090
vt 0.658438 0.463964
vt 0.638330 0.452779
vt 0.638353 0.462043
vt 0.638330 0.462807
vt 0.638353 0.472072
vt 0.638330 0.472836
vt 0.638241 0.471577
vt 0.725598 0.770112
vt 0.725954 0.769592
vt 0.658723 0.475118
vt 0.658438 0.473992
vt 0.638241 0.461548
vt 0.309615 0.603829
vt 0.309617 0.607721
vt 0.307374 0.607721
vt 0.307372 0.603828
vt 0.297318 0.607718
vt 0.287286 0.607716
vt 0.287283 0.603824
vt 0.277229 0.607714
vt 0.315912 0.628109
vt 0.317203 0.628061
vt 0.365345 0.521154
vt 0.365345 0.524639
vt 0.673365 0.470975
vt 0.658580 0.467714
vt 0.671212 0.467607
vt 0.673365 0.464285
vt 0.673365 0.460946
vt 0.658580 0.457686
vt 0.671212 0.457578
vt 0.673365 0.454257
vt 0.670661 0.444002
vt 0.658441 0.444113
vt 0.658490 0.442837
vt 0.671060 0.442724
vt 0.043357 0.602863
vt 0.043710 0.599377
vt 0.638330 0.482864
vt 0.673365 0.481003
vt 0.658580 0.477743
vt 0.671212 0.477635
vt 0.673365 0.474314
vt 0.670661 0.491199
vt 0.658441 0.491310
vt 0.658510 0.488345
vt 0.670937 0.488174
vt 0.365340 0.532690
vt 0.365371 0.540968
vt 0.043741 0.591100
vt 0.043736 0.583050
vt 0.043736 0.579568
vt 0.058579 0.579654
vt 0.030675 0.579482
vt 0.267412 0.628050
vt 0.267409 0.615053
vt 0.268697 0.615096
vt 0.268699 0.628099
vt 0.267414 0.642822
vt 0.268701 0.642877
vt 0.658510 0.447081
vt 0.670937 0.447034
vt 0.645585 0.447116
vt 0.784939 0.370715
vt 0.784939 0.359190
vt 0.785124 0.358980
vt 0.785124 0.370730
vt 0.784939 0.351584
vt 0.785124 0.349677
vt 0.019669 0.588232
vt 0.020481 0.582240
vt 0.019284 0.594803
vt 0.018435 0.587540
vt 0.019306 0.580802
vt 0.638036 0.447151
vt 0.070625 0.579702
vt 0.078413 0.579722
vt 0.267416 0.654812
vt 0.268703 0.654869
vt 0.267417 0.662566
vt 0.268704 0.662623
vt 0.023397 0.579774
vt 0.023245 0.579234
vt 0.267398 0.607777
vt 0.368296 0.608873
vt 0.372045 0.609499
vt 0.372110 0.617275
vt 0.372130 0.625521
vt 0.785124 0.380974
vt 0.784939 0.380958
vt 0.785124 0.389538
vt 0.784939 0.389522
vt 0.372130 0.639622
vt 0.372129 0.645118
vt 0.375077 0.645291
vt 0.375077 0.650603
vt 0.372129 0.650382
vt 0.372130 0.633093
vt 0.372114 0.655943
vt 0.375077 0.656071
vt 0.375080 0.660366
vt 0.372058 0.660394
vt 0.412017 0.658991
vt 0.412173 0.655677
vt 0.418528 0.655685
vt 0.405437 0.655715
vt 0.784939 0.403870
vt 0.785124 0.403884
vt 0.785124 0.409905
vt 0.784939 0.409893
vt 0.785124 0.415323
vt 0.784939 0.415313
vt 0.785124 0.420088
vt 0.784939 0.420003
vt 0.785124 0.423361
vt 0.784939 0.422704
vt 0.785124 0.397116
vt 0.784939 0.397102
vt 0.365723 0.544452
vt 0.353571 0.549838
vt 0.378437 0.541252
vt 0.658490 0.492612
vt 0.645547 0.492667
vt 0.671060 0.492499
vt 0.630277 0.472907
vt 0.630348 0.474948
vt 0.707599 0.313735
vt 0.707560 0.311692
vt 0.712142 0.311664
vt 0.712142 0.313733
vt 0.312954 0.603810
vt 0.312923 0.607718
vt 0.316327 0.603642
vt 0.333574 0.601411
vt 0.329010 0.601471
vt 0.338601 0.600030
vt 0.414867 0.701176
vt 0.409740 0.701201
vt 0.419422 0.701185
vt 0.343897 0.591195
vt 0.341851 0.596329
vt 0.346494 0.590827
vt 0.345055 0.596209
vt 0.341594 0.600277
vt 0.346424 0.580079
vt 0.345367 0.585849
vt 0.347654 0.579975
vt 0.347221 0.585552
vt 0.347564 0.565807
vt 0.347146 0.573410
vt 0.326575 0.625570
vt 0.326575 0.633184
vt 0.326575 0.639886
vt 0.385712 0.539275
vt 0.638127 0.492713
vt 0.634955 0.492854
vt 0.348430 0.557535
vt 0.326572 0.609229
vt 0.326575 0.617259
vt 0.326601 0.599209
vt 0.326919 0.599869
vt 0.326961 0.601210
vt 0.326572 0.599867
vt 0.421442 0.701196
vt 0.421383 0.699902
vt 0.421348 0.655700
vt 0.421383 0.652705
vt 0.082442 0.586116
vt 0.081755 0.584189
vt 0.081764 0.580288
vt 0.082507 0.584194
vt 0.267420 0.665848
vt 0.268707 0.665906
vt 0.412096 0.661200
vt 0.412096 0.671252
vt 0.412096 0.681281
vt 0.412096 0.691333
vt 0.421342 0.676303
vt 0.421342 0.686332
vt 0.421348 0.696906
vt 0.075001 0.650154
vt 0.076451 0.654972
vt 0.421442 0.651421
vt 0.082118 0.659628
vt 0.082507 0.658285
vt 0.421342 0.666275
vt 0.326617 0.580270
vt 0.327287 0.580269
vt 0.327206 0.586325
vt 0.326611 0.586326
vt 0.327098 0.591774
vt 0.326598 0.591775
vt 0.072587 0.638662
vt 0.073636 0.644707
vt 0.326980 0.596568
vt 0.326588 0.596491
vt 0.326612 0.565840
vt 0.327361 0.565839
vt 0.327337 0.573462
vt 0.326618 0.573463
vt 0.071472 0.624239
vt 0.071875 0.631860
vt 0.326585 0.546924
vt 0.327347 0.546922
vt 0.327361 0.557225
vt 0.326601 0.557227
vt 0.071223 0.615623
vt 0.081748 0.593530
vt 0.082498 0.593758
vt 0.326638 0.527690
vt 0.327325 0.525763
vt 0.327331 0.535106
vt 0.326582 0.535333
vt 0.315920 0.665916
vt 0.317211 0.665859
vt 0.327316 0.521859
vt 0.326572 0.525765
vt 0.721180 0.341620
vt 0.717371 0.342104
vt 0.718087 0.339311
vt 0.722611 0.339264
vt 0.718190 0.336065
vt 0.722904 0.336066
vt 0.722904 0.311665
vt 0.718190 0.311664
vt 0.718190 0.308717
vt 0.722904 0.308718
vt 0.712142 0.308717
vt 0.712142 0.305770
vt 0.718190 0.305770
vt 0.722904 0.305771
vt 0.722904 0.321697
vt 0.718190 0.321696
vt 0.718190 0.318749
vt 0.722904 0.318750
vt 0.718190 0.315802
vt 0.722904 0.315803
vt 0.722904 0.331728
vt 0.718190 0.331728
vt 0.718190 0.328781
vt 0.722904 0.328782
vt 0.712142 0.331728
vt 0.712142 0.328781
vt 0.718190 0.325834
vt 0.722904 0.325835
vt 0.718190 0.333822
vt 0.712142 0.333822
vt 0.722904 0.333823
vt 0.718190 0.323765
vt 0.722904 0.323766
vt 0.718190 0.313733
vt 0.722904 0.313734
vt 0.718190 0.301433
vt 0.718190 0.303676
vt 0.712142 0.303676
vt 0.722904 0.301434
vt 0.722904 0.303677
vt 0.718087 0.298187
vt 0.722611 0.298235
vt 0.717371 0.295395
vt 0.721180 0.295880
vt 0.630277 0.482959
vt 0.630348 0.480893
vt 0.707599 0.303679
vt 0.707560 0.305746
vt 0.271700 0.600516
vt 0.268782 0.600323
vt 0.269437 0.598293
vt 0.271786 0.597928
vt 0.312894 0.600525
vt 0.315830 0.600334
vt 0.309611 0.600536
vt 0.309615 0.597861
vt 0.312815 0.597938
vt 0.315176 0.598304
vt 0.630367 0.457863
vt 0.630348 0.454891
vt 0.707557 0.328783
vt 0.707560 0.331756
vt 0.015844 0.585904
vt 0.015931 0.580411
vt 0.015914 0.591519
vt 0.013875 0.588789
vt 0.013495 0.584405
vt 0.013887 0.580568
vt 0.287280 0.600531
vt 0.285210 0.600531
vt 0.285214 0.597856
vt 0.287284 0.597856
vt 0.307368 0.600536
vt 0.307372 0.597861
vt 0.282264 0.600530
vt 0.282268 0.597855
vt 0.630367 0.477920
vt 0.707557 0.308719
vt 0.393237 0.527498
vt 0.393166 0.533100
vt 0.393149 0.521990
vt 0.395192 0.522139
vt 0.395585 0.525983
vt 0.395205 0.530361
vt 0.630277 0.452826
vt 0.707599 0.333822
vt 0.614888 0.258536
vt 0.614887 0.250782
vt 0.231529 0.586244
vt 0.231528 0.590306
vt 0.223740 0.590263
vt 0.223741 0.586224
vt 0.211694 0.590046
vt 0.211695 0.586176
vt 0.614885 0.238791
vt 0.490647 0.538829
vt 0.490636 0.531810
vt 0.497872 0.530982
vt 0.497846 0.537200
vt 0.490625 0.524791
vt 0.497827 0.524773
vt 0.500249 0.525958
vt 0.500611 0.530669
vt 0.500264 0.535462
vt 0.487294 0.610218
vt 0.487297 0.617946
vt 0.484330 0.617922
vt 0.484265 0.610146
vt 0.487297 0.626180
vt 0.484351 0.626169
vt 0.481404 0.626111
vt 0.481313 0.617855
vt 0.480516 0.609520
vt 0.183792 0.589071
vt 0.183781 0.596089
vt 0.176546 0.595258
vt 0.176591 0.589049
vt 0.183770 0.603106
vt 0.176572 0.601475
vt 0.174154 0.599736
vt 0.173806 0.594944
vt 0.174169 0.590233
vt 0.618855 0.639494
vt 0.618857 0.642440
vt 0.611308 0.642476
vt 0.611321 0.639484
vt 0.618872 0.645390
vt 0.611356 0.645493
vt 0.607300 0.646144
vt 0.607225 0.642536
vt 0.607108 0.639194
vt 0.618872 0.650520
vt 0.618859 0.653065
vt 0.611313 0.653095
vt 0.611356 0.650481
vt 0.618872 0.655617
vt 0.611356 0.655714
vt 0.607300 0.656315
vt 0.607244 0.653126
vt 0.607300 0.649932
vt 0.231513 0.599970
vt 0.223743 0.599893
vt 0.231495 0.611860
vt 0.223900 0.611820
vt 0.212329 0.611501
vt 0.211751 0.599294
vt 0.442921 0.547564
vt 0.442903 0.535673
vt 0.450673 0.535599
vt 0.450517 0.547527
vt 0.442888 0.526007
vt 0.450676 0.525967
vt 0.462723 0.525755
vt 0.462665 0.535005
vt 0.462088 0.547213
vt 0.442928 0.557867
vt 0.439581 0.557873
vt 0.439567 0.547570
vt 0.442880 0.566482
vt 0.439581 0.566487
vt 0.438832 0.566488
vt 0.438821 0.557874
vt 0.438806 0.547571
vt 0.487297 0.633765
vt 0.484350 0.633740
vt 0.487297 0.640345
vt 0.484350 0.640270
vt 0.481403 0.640226
vt 0.481403 0.633684
vt 0.231488 0.622162
vt 0.224340 0.622144
vt 0.231536 0.630775
vt 0.224589 0.630760
vt 0.217721 0.630746
vt 0.216980 0.622190
vt 0.786611 0.214876
vt 0.786427 0.214861
vt 0.786427 0.203336
vt 0.786611 0.203126
vt 0.786427 0.195730
vt 0.786612 0.193823
vt 0.442729 0.574104
vt 0.439558 0.574110
vt 0.442456 0.580912
vt 0.439507 0.580917
vt 0.438837 0.580918
vt 0.438838 0.574111
vt 0.231687 0.638397
vt 0.224991 0.638382
vt 0.231960 0.645203
vt 0.225704 0.645184
vt 0.219250 0.645124
vt 0.218276 0.638363
vt 0.232895 0.656708
vt 0.233455 0.661531
vt 0.229567 0.661494
vt 0.228117 0.656676
vt 0.233649 0.664964
vt 0.230027 0.664870
vt 0.226212 0.664216
vt 0.224710 0.661343
vt 0.222567 0.656503
vt 0.442050 0.586968
vt 0.439426 0.586972
vt 0.441521 0.592418
vt 0.439319 0.592422
vt 0.438819 0.592423
vt 0.438831 0.586973
vt 0.232366 0.651259
vt 0.226752 0.651229
vt 0.220680 0.651086
vt 0.487297 0.645939
vt 0.484350 0.645766
vt 0.487297 0.651251
vt 0.484350 0.651030
vt 0.481403 0.651062
vt 0.481403 0.645757
vt 0.530708 0.683993
vt 0.530708 0.686938
vt 0.524256 0.686921
vt 0.524237 0.683947
vt 0.530708 0.689884
vt 0.524237 0.689891
vt 0.516947 0.690118
vt 0.517407 0.686942
vt 0.516947 0.683736
vt 0.487298 0.656719
vt 0.484334 0.656591
vt 0.487300 0.661014
vt 0.484278 0.661042
vt 0.480706 0.661611
vt 0.481330 0.656698
vt 0.531034 0.700510
vt 0.531642 0.701807
vt 0.527088 0.701798
vt 0.525253 0.700496
vt 0.441230 0.602118
vt 0.440767 0.600675
vt 0.444389 0.600582
vt 0.445794 0.602059
vt 0.448204 0.599930
vt 0.450821 0.600677
vt 0.521960 0.701823
vt 0.519033 0.700521
vt 0.440961 0.597242
vt 0.439201 0.597216
vt 0.439139 0.600517
vt 0.438821 0.599856
vt 0.438808 0.597139
vt 0.476272 0.651062
vt 0.476340 0.656698
vt 0.473722 0.656596
vt 0.473722 0.651006
vt 0.476916 0.661611
vt 0.473724 0.661104
vt 0.470531 0.661611
vt 0.471105 0.656698
vt 0.471172 0.651062
vt 0.466240 0.651062
vt 0.466308 0.656698
vt 0.463690 0.656596
vt 0.463690 0.651006
vt 0.466884 0.661611
vt 0.463692 0.661104
vt 0.460499 0.661611
vt 0.461073 0.656698
vt 0.461140 0.651062
vt 0.456208 0.651062
vt 0.456276 0.656698
vt 0.453658 0.656596
vt 0.453658 0.651006
vt 0.456852 0.661611
vt 0.453660 0.661104
vt 0.450467 0.661611
vt 0.451041 0.656698
vt 0.451108 0.651062
vt 0.458714 0.591474
vt 0.457276 0.596857
vt 0.454071 0.596977
vt 0.456118 0.591843
vt 0.453815 0.600925
vt 0.449707 0.597056
vt 0.451849 0.592217
vt 0.786611 0.264234
vt 0.786612 0.267507
vt 0.786427 0.266850
vt 0.786427 0.264149
vt 0.786611 0.259469
vt 0.786427 0.259459
vt 0.618941 0.648868
vt 0.618954 0.648077
vt 0.631586 0.648031
vt 0.631381 0.648788
vt 0.618941 0.647280
vt 0.631381 0.647268
vt 0.640796 0.647396
vt 0.642752 0.647987
vt 0.640796 0.648588
vt 0.531034 0.653313
vt 0.530748 0.656307
vt 0.524394 0.656299
vt 0.525253 0.653299
vt 0.530708 0.659600
vt 0.524237 0.659613
vt 0.516947 0.659890
vt 0.517658 0.656337
vt 0.519033 0.653324
vt 0.530708 0.663935
vt 0.530708 0.666881
vt 0.524256 0.666864
vt 0.524237 0.663890
vt 0.530708 0.669827
vt 0.524237 0.669834
vt 0.516947 0.670061
vt 0.517407 0.666885
vt 0.516947 0.663678
vt 0.530708 0.673964
vt 0.530708 0.676910
vt 0.524256 0.676893
vt 0.524237 0.673918
vt 0.530708 0.679856
vt 0.524237 0.679863
vt 0.516947 0.680090
vt 0.517407 0.676914
vt 0.516947 0.673707
vt 0.786611 0.254051
vt 0.786427 0.254039
vt 0.786611 0.248030
vt 0.786427 0.248016
vt 0.476273 0.626111
vt 0.476272 0.633684
vt 0.473722 0.633730
vt 0.473723 0.626160
vt 0.476272 0.640226
vt 0.473722 0.640255
vt 0.471173 0.640226
vt 0.471173 0.633683
vt 0.471173 0.626111
vt 0.466240 0.626111
vt 0.466240 0.633683
vt 0.463690 0.633730
vt 0.463691 0.626160
vt 0.466240 0.640226
vt 0.463690 0.640255
vt 0.461141 0.640226
vt 0.461141 0.633683
vt 0.461141 0.626111
vt 0.456208 0.626111
vt 0.456208 0.633683
vt 0.453658 0.633730
vt 0.453659 0.626160
vt 0.456208 0.640226
vt 0.453658 0.640254
vt 0.451109 0.640226
vt 0.451109 0.633683
vt 0.451109 0.626110
vt 0.440084 0.626180
vt 0.440084 0.633765
vt 0.438795 0.633832
vt 0.438795 0.626217
vt 0.440084 0.640345
vt 0.438795 0.640534
vt 0.459367 0.574058
vt 0.458644 0.580727
vt 0.455166 0.580838
vt 0.456140 0.574076
vt 0.459784 0.566454
vt 0.456695 0.566459
vt 0.476272 0.645757
vt 0.473722 0.645743
vt 0.471172 0.645757
vt 0.466240 0.645757
vt 0.463690 0.645743
vt 0.461140 0.645757
vt 0.456208 0.645756
vt 0.453658 0.645743
vt 0.451108 0.645756
vt 0.459874 0.580623
vt 0.459441 0.586200
vt 0.457587 0.586496
vt 0.453736 0.586800
vt 0.786611 0.225120
vt 0.786611 0.233684
vt 0.786427 0.233668
vt 0.786427 0.225104
vt 0.477067 0.609520
vt 0.476355 0.617855
vt 0.473723 0.617899
vt 0.473720 0.610075
vt 0.471091 0.617855
vt 0.470376 0.609520
vt 0.467035 0.609520
vt 0.466323 0.617855
vt 0.463691 0.617899
vt 0.463688 0.610074
vt 0.461059 0.617855
vt 0.460344 0.609520
vt 0.457003 0.609520
vt 0.456291 0.617855
vt 0.453659 0.617899
vt 0.453656 0.610074
vt 0.451028 0.617855
vt 0.450312 0.609520
vt 0.440081 0.610218
vt 0.440084 0.617946
vt 0.438795 0.617906
vt 0.438792 0.609877
vt 0.460650 0.558183
vt 0.457436 0.557902
vt 0.465791 0.550486
vt 0.786611 0.241262
vt 0.786427 0.241248
vt 0.657086 0.199798
vt 0.660425 0.199780
vt 0.663798 0.199611
vt 0.618855 0.686691
vt 0.618818 0.687991
vt 0.611399 0.688038
vt 0.611321 0.686770
vt 0.490657 0.541900
vt 0.497932 0.539923
vt 0.500839 0.536706
vt 0.608226 0.688178
vt 0.607108 0.687216
vt 0.603620 0.645939
vt 0.603633 0.642642
vt 0.696114 0.057249
vt 0.700696 0.057280
vt 0.700837 0.060479
vt 0.696410 0.060555
vt 0.701532 0.062834
vt 0.698660 0.063490
vt 0.603483 0.639767
vt 0.618872 0.670577
vt 0.618859 0.673122
vt 0.611313 0.673152
vt 0.611356 0.670538
vt 0.618872 0.675675
vt 0.611356 0.675771
vt 0.607300 0.676373
vt 0.607244 0.673183
vt 0.607300 0.669990
vt 0.618872 0.660549
vt 0.618859 0.663094
vt 0.611313 0.663123
vt 0.611356 0.660509
vt 0.618872 0.665646
vt 0.611356 0.665742
vt 0.607300 0.666344
vt 0.607244 0.663154
vt 0.607300 0.659961
vt 0.646855 0.199796
vt 0.649802 0.199796
vt 0.652749 0.199797
vt 0.636823 0.199794
vt 0.639770 0.199794
vt 0.642717 0.199795
vt 0.626791 0.199791
vt 0.629738 0.199792
vt 0.632685 0.199793
vt 0.614880 0.211022
vt 0.614869 0.203746
vt 0.183792 0.586004
vt 0.176513 0.586295
vt 0.173598 0.588762
vt 0.176361 0.585756
vt 0.172422 0.587324
vt 0.172785 0.594754
vt 0.171551 0.594062
vt 0.173579 0.600982
vt 0.172400 0.601325
vt 0.603620 0.670273
vt 0.603549 0.668232
vt 0.606390 0.668176
vt 0.696114 0.032906
vt 0.700696 0.032879
vt 0.700696 0.034948
vt 0.696153 0.034949
vt 0.700696 0.037017
vt 0.696114 0.036992
vt 0.603620 0.666189
vt 0.636820 0.196501
vt 0.639766 0.196502
vt 0.636824 0.193826
vt 0.639771 0.193827
vt 0.642717 0.193827
vt 0.642713 0.196502
vt 0.603639 0.663217
vt 0.700696 0.039964
vt 0.696112 0.039965
vt 0.700696 0.042911
vt 0.696114 0.042938
vt 0.603620 0.660244
vt 0.459976 0.640151
vt 0.459976 0.633559
vt 0.459469 0.640075
vt 0.459469 0.633434
vt 0.459470 0.625847
vt 0.459977 0.625979
vt 0.449944 0.625979
vt 0.449887 0.617961
vt 0.449438 0.625847
vt 0.449404 0.618029
vt 0.657437 0.792935
vt 0.657182 0.793335
vt 0.653295 0.790331
vt 0.652590 0.789108
vt 0.657835 0.792312
vt 0.653032 0.785113
vt 0.457373 0.651211
vt 0.457427 0.656812
vt 0.457880 0.651360
vt 0.457914 0.656886
vt 0.458079 0.660328
vt 0.457808 0.661098
vt 0.768738 0.056346
vt 0.770834 0.059773
vt 0.768053 0.065292
vt 0.767416 0.064908
vt 0.770713 0.061176
vt 0.768457 0.065542
vt 0.447378 0.617961
vt 0.447884 0.618029
vt 0.447849 0.625847
vt 0.447317 0.625979
vt 0.446069 0.617855
vt 0.445978 0.626110
vt 0.530708 0.661842
vt 0.533563 0.661857
vt 0.533563 0.663951
vt 0.533563 0.659615
vt 0.530708 0.671896
vt 0.533563 0.671911
vt 0.533563 0.673979
vt 0.533563 0.669842
vt 0.530708 0.681924
vt 0.533563 0.681939
vt 0.533563 0.684008
vt 0.533563 0.679871
vt 0.530708 0.694220
vt 0.530708 0.691978
vt 0.533563 0.691993
vt 0.533563 0.694235
vt 0.533563 0.689899
vt 0.449944 0.651211
vt 0.449944 0.645793
vt 0.449437 0.651360
vt 0.449437 0.645830
vt 0.449437 0.640075
vt 0.449944 0.640151
vt 0.457374 0.625979
vt 0.457374 0.633559
vt 0.457881 0.625847
vt 0.457881 0.633434
vt 0.457880 0.640075
vt 0.457373 0.640151
vt 0.650852 0.787994
vt 0.650801 0.786750
vt 0.449496 0.611791
vt 0.449240 0.613123
vt 0.448644 0.612128
vt 0.448642 0.609748
vt 0.448048 0.613123
vt 0.447780 0.611791
vt 0.771466 0.056870
vt 0.771945 0.058019
vt 0.469573 0.661098
vt 0.469953 0.656812
vt 0.469303 0.660329
vt 0.469467 0.656886
vt 0.469501 0.651360
vt 0.470008 0.651211
vt 0.445977 0.640226
vt 0.447316 0.640151
vt 0.447316 0.645793
vt 0.445977 0.645756
vt 0.447848 0.640075
vt 0.447848 0.645830
vt 0.447848 0.651359
vt 0.447316 0.651211
vt 0.445977 0.651062
vt 0.459919 0.617961
vt 0.459436 0.618029
vt 0.480223 0.796405
vt 0.479967 0.796805
vt 0.476080 0.793801
vt 0.475375 0.792578
vt 0.480620 0.795782
vt 0.475817 0.788583
vt 0.515207 0.672757
vt 0.515688 0.671854
vt 0.517978 0.671856
vt 0.467840 0.661098
vt 0.468111 0.660329
vt 0.468707 0.661050
vt 0.468707 0.662579
vt 0.515207 0.671024
vt 0.459976 0.651211
vt 0.459976 0.645793
vt 0.459469 0.651360
vt 0.459469 0.645830
vt 0.470008 0.640151
vt 0.470008 0.633559
vt 0.469501 0.640075
vt 0.469502 0.633434
vt 0.469502 0.625847
vt 0.470008 0.625979
vt 0.676446 0.784167
vt 0.676897 0.788157
vt 0.672046 0.791987
vt 0.671636 0.791372
vt 0.676195 0.789377
vt 0.672307 0.792383
vt 0.457432 0.617961
vt 0.457916 0.618029
vt 0.467405 0.651211
vt 0.467459 0.656812
vt 0.467912 0.651360
vt 0.467946 0.656886
vt 0.457373 0.645793
vt 0.457880 0.645830
vt 0.632681 0.196500
vt 0.634750 0.196501
vt 0.634754 0.199793
vt 0.632685 0.193825
vt 0.634755 0.193826
vt 0.652745 0.196505
vt 0.654839 0.196505
vt 0.654843 0.199798
vt 0.652749 0.193830
vt 0.654843 0.193830
vt 0.657086 0.193831
vt 0.657082 0.196506
vt 0.603483 0.686800
vt 0.603633 0.683807
vt 0.607225 0.683783
vt 0.698660 0.016441
vt 0.701532 0.017094
vt 0.700837 0.019449
vt 0.696410 0.019376
vt 0.700696 0.022648
vt 0.696114 0.022682
vt 0.603620 0.680494
vt 0.607300 0.680161
vt 0.626788 0.196499
vt 0.629735 0.196500
vt 0.626792 0.193824
vt 0.629739 0.193824
vt 0.618906 0.669422
vt 0.631709 0.669317
vt 0.631994 0.670443
vt 0.618941 0.668925
vt 0.631381 0.668845
vt 0.640796 0.668645
vt 0.643522 0.668881
vt 0.671636 0.769895
vt 0.671992 0.769374
vt 0.676774 0.780321
vt 0.618906 0.656792
vt 0.611512 0.656873
vt 0.618941 0.657308
vt 0.611625 0.657368
vt 0.609159 0.657540
vt 0.608548 0.657265
vt 0.608548 0.647221
vt 0.607729 0.648104
vt 0.606390 0.648104
vt 0.609159 0.647511
vt 0.608804 0.648109
vt 0.609159 0.648702
vt 0.608548 0.648969
vt 0.618906 0.659393
vt 0.631709 0.659288
vt 0.631994 0.660414
vt 0.618941 0.658896
vt 0.631381 0.658817
vt 0.640796 0.658616
vt 0.643522 0.658852
vt 0.083085 0.769602
vt 0.083441 0.769082
vt 0.088223 0.780029
vt 0.087895 0.783875
vt 0.618954 0.658106
vt 0.631586 0.658059
vt 0.631381 0.657297
vt 0.640796 0.657425
vt 0.642752 0.658015
vt 0.618954 0.668134
vt 0.631586 0.668088
vt 0.618941 0.667337
vt 0.631381 0.667325
vt 0.640796 0.667454
vt 0.642752 0.668044
vt 0.618941 0.678953
vt 0.618954 0.678163
vt 0.631586 0.678117
vt 0.631381 0.678874
vt 0.618941 0.677365
vt 0.631381 0.677354
vt 0.640796 0.677482
vt 0.642752 0.678072
vt 0.640796 0.678673
vt 0.678558 0.784113
vt 0.678695 0.785791
vt 0.647662 0.668016
vt 0.643522 0.667177
vt 0.473587 0.790220
vt 0.473723 0.788541
vt 0.475498 0.784744
vt 0.618906 0.666820
vt 0.611512 0.666902
vt 0.611625 0.667397
vt 0.609159 0.667568
vt 0.608548 0.667293
vt 0.608548 0.677322
vt 0.607729 0.678195
vt 0.606390 0.678219
vt 0.609159 0.677597
vt 0.608804 0.678195
vt 0.609159 0.678788
vt 0.608548 0.679070
vt 0.607729 0.658135
vt 0.606390 0.658147
vt 0.608804 0.658138
vt 0.609159 0.658731
vt 0.608548 0.658998
vt 0.618872 0.680804
vt 0.618906 0.679475
vt 0.631709 0.679368
vt 0.631994 0.680661
vt 0.643522 0.678921
vt 0.646636 0.679776
vt 0.785453 0.463053
vt 0.785781 0.459206
vt 0.787565 0.462998
vt 0.787702 0.464677
vt 0.643522 0.648824
vt 0.647662 0.647957
vt 0.643522 0.647108
vt 0.344211 0.780135
vt 0.345042 0.778670
vt 0.348251 0.775974
vt 0.346925 0.779590
vt 0.618906 0.676849
vt 0.611512 0.676930
vt 0.611625 0.677425
vt 0.618906 0.649365
vt 0.631709 0.649260
vt 0.631994 0.650386
vt 0.780643 0.448780
vt 0.780998 0.448260
vt 0.767416 0.052721
vt 0.770634 0.055405
vt 0.647662 0.678046
vt 0.643522 0.677205
vt 0.650938 0.785071
vt 0.652713 0.781274
vt 0.618906 0.646738
vt 0.611512 0.646821
vt 0.611625 0.647340
vt 0.090008 0.783821
vt 0.090144 0.785499
vt 0.647662 0.657987
vt 0.643522 0.657148
vt 0.786931 0.523868
vt 0.787067 0.522190
vt 0.788842 0.518393
vt 0.789161 0.522232
vt 0.607729 0.668164
vt 0.608804 0.668167
vt 0.609159 0.668759
vt 0.608548 0.669026
vt 0.477944 0.651360
vt 0.478739 0.651416
vt 0.478739 0.657025
vt 0.477978 0.656886
vt 0.479533 0.651360
vt 0.479499 0.656886
vt 0.479335 0.660329
vt 0.478739 0.661050
vt 0.478143 0.660329
vt 0.468707 0.651416
vt 0.468707 0.657025
vt 0.458675 0.651415
vt 0.458675 0.657025
vt 0.459435 0.656886
vt 0.459271 0.660328
vt 0.458675 0.661050
vt 0.448643 0.651415
vt 0.448643 0.657025
vt 0.447882 0.656886
vt 0.449403 0.656886
vt 0.449239 0.660328
vt 0.448643 0.661050
vt 0.448047 0.660328
vt 0.477945 0.625847
vt 0.478740 0.625798
vt 0.478739 0.633388
vt 0.477945 0.633434
vt 0.479534 0.625847
vt 0.479533 0.633434
vt 0.479533 0.640075
vt 0.478739 0.640047
vt 0.477944 0.640075
vt 0.467913 0.625847
vt 0.468708 0.625798
vt 0.468707 0.633387
vt 0.467913 0.633434
vt 0.468707 0.640047
vt 0.467912 0.640075
vt 0.458676 0.625798
vt 0.458675 0.633387
vt 0.458675 0.640047
vt 0.448644 0.625798
vt 0.448643 0.633387
vt 0.447849 0.633434
vt 0.449437 0.633434
vt 0.448643 0.640047
vt 0.478739 0.645844
vt 0.477944 0.645830
vt 0.479533 0.645830
vt 0.468707 0.645844
vt 0.467912 0.645830
vt 0.469501 0.645830
vt 0.458675 0.645844
vt 0.448643 0.645844
vt 0.478144 0.613124
vt 0.478740 0.612129
vt 0.478740 0.617886
vt 0.477980 0.618030
vt 0.479336 0.613124
vt 0.479500 0.618030
vt 0.468112 0.613124
vt 0.468708 0.612129
vt 0.468708 0.617886
vt 0.467948 0.618029
vt 0.469304 0.613124
vt 0.469468 0.618029
vt 0.458080 0.613124
vt 0.458676 0.612128
vt 0.458676 0.617886
vt 0.459272 0.613124
vt 0.448644 0.617886
vt 0.515207 0.682786
vt 0.515688 0.681882
vt 0.517978 0.681884
vt 0.458675 0.662579
vt 0.459542 0.661098
vt 0.515207 0.681053
vt 0.459921 0.656812
vt 0.447317 0.633559
vt 0.445978 0.633683
vt 0.344839 0.783028
vt 0.343732 0.781285
vt 0.479604 0.611791
vt 0.478742 0.609748
vt 0.477887 0.611791
vt 0.787651 0.465921
vt 0.785904 0.467042
vt 0.781053 0.470872
vt 0.780643 0.470257
vt 0.785202 0.468263
vt 0.781314 0.471269
vt 0.477496 0.617962
vt 0.477438 0.625979
vt 0.477438 0.633559
vt 0.477437 0.640151
vt 0.447372 0.656812
vt 0.446051 0.656698
vt 0.447761 0.661098
vt 0.446677 0.661611
vt 0.449944 0.633559
vt 0.480065 0.625979
vt 0.480005 0.617962
vt 0.347624 0.788540
vt 0.347223 0.788796
vt 0.344964 0.784434
vt 0.348251 0.788141
vt 0.516947 0.693907
vt 0.515207 0.692829
vt 0.515688 0.691913
vt 0.517978 0.691928
vt 0.448640 0.662579
vt 0.449510 0.661098
vt 0.515207 0.691081
vt 0.477437 0.645793
vt 0.477437 0.651211
vt 0.477492 0.656812
vt 0.477872 0.661098
vt 0.788719 0.526227
vt 0.786981 0.525113
vt 0.469560 0.611791
vt 0.468708 0.609748
vt 0.467855 0.611791
vt 0.090094 0.786744
vt 0.088346 0.787865
vt 0.480065 0.640151
vt 0.480065 0.633559
vt 0.449889 0.656812
vt 0.480064 0.651211
vt 0.480064 0.645793
vt 0.515207 0.662728
vt 0.515688 0.661822
vt 0.517978 0.661813
vt 0.478741 0.662579
vt 0.479620 0.661098
vt 0.515207 0.660981
vt 0.083496 0.791695
vt 0.083085 0.791080
vt 0.087644 0.789085
vt 0.083756 0.792091
vt 0.467464 0.617961
vt 0.467406 0.625979
vt 0.467405 0.640151
vt 0.467405 0.645793
vt 0.480009 0.656812
vt 0.469951 0.617961
vt 0.793567 0.530054
vt 0.793311 0.530454
vt 0.789425 0.527450
vt 0.793964 0.529431
vt 0.467406 0.633559
vt 0.470008 0.645793
vt 0.473637 0.791464
vt 0.459528 0.611791
vt 0.458676 0.609748
vt 0.457823 0.611791
vt 0.678644 0.787036
vt 0.646636 0.646134
vt 0.631709 0.646751
vt 0.631994 0.645429
vt 0.611512 0.649337
vt 0.611625 0.648860
vt 0.657492 0.770325
vt 0.657835 0.770837
vt 0.631709 0.676860
vt 0.631994 0.675705
vt 0.611512 0.679447
vt 0.611356 0.680759
vt 0.611625 0.678946
vt 0.480277 0.773795
vt 0.480620 0.774307
vt 0.631709 0.666831
vt 0.631994 0.665676
vt 0.611602 0.678189
vt 0.611602 0.668160
vt 0.611625 0.668917
vt 0.611602 0.658132
vt 0.611625 0.658888
vt 0.611512 0.659366
vt 0.793621 0.507444
vt 0.793964 0.507956
vt 0.631709 0.656803
vt 0.631994 0.655647
vt 0.611512 0.669395
vt 0.622454 0.199790
vt 0.624697 0.199791
vt 0.644786 0.199795
vt 0.614882 0.224019
vt 0.196852 0.589572
vt 0.196852 0.586090
vt 0.646636 0.659610
vt 0.644484 0.662931
vt 0.631851 0.663039
vt 0.646636 0.666299
vt 0.646636 0.669639
vt 0.644484 0.672960
vt 0.631851 0.673067
vt 0.646636 0.676328
vt 0.643932 0.686524
vt 0.644332 0.687823
vt 0.631762 0.687936
vt 0.631712 0.686635
vt 0.477591 0.541616
vt 0.477944 0.545100
vt 0.611602 0.648103
vt 0.646636 0.649581
vt 0.644484 0.652903
vt 0.631851 0.653010
vt 0.646636 0.656271
vt 0.643932 0.639327
vt 0.644208 0.642359
vt 0.631782 0.642406
vt 0.631712 0.639438
vt 0.196857 0.597621
vt 0.196826 0.605899
vt 0.477560 0.533337
vt 0.477565 0.525287
vt 0.462722 0.521882
vt 0.477565 0.521802
vt 0.664676 0.238803
vt 0.664674 0.224030
vt 0.664671 0.211033
vt 0.490626 0.521721
vt 0.644208 0.683498
vt 0.631782 0.683670
vt 0.618857 0.683746
vt 0.090093 0.600272
vt 0.089909 0.600288
vt 0.089909 0.588538
vt 0.090093 0.588747
vt 0.089909 0.579234
vt 0.090093 0.581141
vt 0.500820 0.524484
vt 0.501633 0.530479
vt 0.501994 0.523034
vt 0.502867 0.529784
vt 0.502016 0.537037
vt 0.611308 0.683771
vt 0.442887 0.521942
vt 0.450675 0.521926
vt 0.664680 0.258547
vt 0.664678 0.250793
vt 0.497904 0.522016
vt 0.664682 0.203757
vt 0.498055 0.521459
vt 0.446863 0.609520
vt 0.443052 0.617922
vt 0.443111 0.610146
vt 0.443031 0.626168
vt 0.090093 0.610516
vt 0.089909 0.610531
vt 0.090093 0.619080
vt 0.089909 0.619095
vt 0.443030 0.645765
vt 0.443030 0.640269
vt 0.443030 0.651030
vt 0.440084 0.651250
vt 0.440084 0.645938
vt 0.443031 0.633740
vt 0.443047 0.656591
vt 0.443106 0.661041
vt 0.440087 0.661013
vt 0.440085 0.656718
vt 0.530748 0.697513
vt 0.524394 0.697489
vt 0.524237 0.694168
vt 0.517658 0.697495
vt 0.090093 0.633428
vt 0.090093 0.639450
vt 0.089909 0.639462
vt 0.089909 0.633441
vt 0.090093 0.644870
vt 0.089909 0.644880
vt 0.090093 0.649560
vt 0.089909 0.649645
vt 0.090093 0.652261
vt 0.089909 0.652919
vt 0.090093 0.626659
vt 0.089909 0.626674
vt 0.208625 0.614775
vt 0.196473 0.609384
vt 0.644332 0.638049
vt 0.631762 0.638162
vt 0.618818 0.638217
vt 0.183760 0.606180
vt 0.603549 0.658203
vt 0.700696 0.044980
vt 0.696153 0.044981
vt 0.700696 0.047049
vt 0.696114 0.047024
vt 0.603620 0.656160
vt 0.615760 0.199600
vt 0.619117 0.199771
vt 0.233185 0.666410
vt 0.228622 0.666349
vt 0.531642 0.652032
vt 0.527088 0.652023
vt 0.521960 0.652048
vt 0.223595 0.664965
vt 0.220345 0.661264
vt 0.218299 0.656130
vt 0.220600 0.665229
vt 0.217139 0.661160
vt 0.215701 0.655778
vt 0.216829 0.650783
vt 0.215772 0.645014
vt 0.214974 0.650503
vt 0.214541 0.644927
vt 0.215050 0.638346
vt 0.214632 0.630743
vt 0.488587 0.633832
vt 0.488587 0.640535
vt 0.488587 0.626218
vt 0.176485 0.604200
vt 0.611399 0.638241
vt 0.608226 0.638254
vt 0.213767 0.622473
vt 0.488587 0.617907
vt 0.488584 0.609877
vt 0.235595 0.664147
vt 0.235624 0.664807
vt 0.235234 0.666150
vt 0.235277 0.664807
vt 0.533662 0.652043
vt 0.533604 0.653327
vt 0.533568 0.697528
vt 0.533604 0.700524
vt 0.438858 0.528338
vt 0.438792 0.526413
vt 0.439536 0.522507
vt 0.439545 0.526411
vt 0.664682 0.261828
vt 0.524316 0.691955
vt 0.524316 0.681903
vt 0.524316 0.671874
vt 0.524316 0.661822
vt 0.533563 0.676925
vt 0.533563 0.666896
vt 0.533568 0.656322
vt 0.444849 0.597206
vt 0.446299 0.592388
vt 0.438792 0.600514
vt 0.439182 0.601857
vt 0.533662 0.701818
vt 0.533563 0.686954
vt 0.235579 0.645210
vt 0.235585 0.651265
vt 0.234990 0.651264
vt 0.234909 0.645209
vt 0.235597 0.656714
vt 0.235097 0.656713
vt 0.447664 0.586940
vt 0.448713 0.580895
vt 0.235608 0.661429
vt 0.235215 0.661506
vt 0.235584 0.630783
vt 0.235578 0.638404
vt 0.234858 0.638403
vt 0.234835 0.630781
vt 0.449425 0.574093
vt 0.449828 0.566470
vt 0.235610 0.611869
vt 0.235595 0.622170
vt 0.234835 0.622169
vt 0.234849 0.611867
vt 0.450077 0.557853
vt 0.438802 0.535981
vt 0.439551 0.535753
vt 0.235558 0.592637
vt 0.235614 0.600279
vt 0.234865 0.600052
vt 0.234871 0.590711
vt 0.235624 0.590715
vt 0.234880 0.586810
vt 0.614891 0.261817
vt 0.709734 0.017095
vt 0.711165 0.019450
vt 0.706641 0.019401
vt 0.705925 0.016610
vt 0.711459 0.022649
vt 0.706744 0.022648
vt 0.711459 0.047049
vt 0.711459 0.049996
vt 0.706744 0.049996
vt 0.706744 0.047049
vt 0.711459 0.052943
vt 0.706744 0.052942
vt 0.700696 0.052943
vt 0.700696 0.049996
vt 0.711459 0.037018
vt 0.711459 0.039964
vt 0.706744 0.039963
vt 0.706744 0.037017
vt 0.711459 0.042911
vt 0.706744 0.042910
vt 0.711459 0.026986
vt 0.711459 0.029932
vt 0.706744 0.029931
vt 0.706744 0.026985
vt 0.711459 0.032879
vt 0.706744 0.032878
vt 0.700696 0.029932
vt 0.700696 0.026985
vt 0.700696 0.024891
vt 0.706744 0.024891
vt 0.711459 0.024891
vt 0.706744 0.034947
vt 0.711459 0.034948
vt 0.706744 0.044980
vt 0.711459 0.044980
vt 0.700696 0.055037
vt 0.706744 0.055036
vt 0.706744 0.057279
vt 0.711459 0.055037
vt 0.711459 0.057280
vt 0.711165 0.060479
vt 0.706641 0.060526
vt 0.709734 0.062835
vt 0.705925 0.063318
vt 0.603620 0.650216
vt 0.603549 0.648151
vt 0.696114 0.052970
vt 0.696153 0.055037
vt 0.660365 0.196494
vt 0.660286 0.193907
vt 0.662647 0.194273
vt 0.663301 0.196303
vt 0.616252 0.196293
vt 0.619171 0.196485
vt 0.616908 0.194263
vt 0.619257 0.193898
vt 0.622455 0.193823
vt 0.622451 0.196498
vt 0.603620 0.676217
vt 0.603639 0.673245
vt 0.696114 0.026960
vt 0.696112 0.029933
vt 0.505369 0.522638
vt 0.505458 0.528145
vt 0.507412 0.522787
vt 0.507805 0.526631
vt 0.507425 0.531009
vt 0.505386 0.533747
vt 0.644782 0.196503
vt 0.644787 0.193828
vt 0.646856 0.193828
vt 0.646852 0.196503
vt 0.624694 0.196499
vt 0.624698 0.193823
vt 0.649798 0.196504
vt 0.649802 0.193829
vt 0.603639 0.653188
vt 0.696112 0.049997
vt 0.169030 0.598041
vt 0.168960 0.592426
vt 0.166991 0.595311
vt 0.166611 0.590927
vt 0.167004 0.587090
vt 0.169047 0.586933
vt 0.603549 0.678284
vt 0.696153 0.024894
vt 0.789465 0.626715
vt 0.788811 0.626794
vt 0.788405 0.602322
vt 0.789467 0.602192
vt 0.472947 0.356096
vt 0.471871 0.356097
vt 0.470876 0.355682
vt 0.470116 0.354916
vt 0.469704 0.353915
vt 0.469704 0.352832
vt 0.470116 0.351831
vt 0.470876 0.351064
vt 0.471871 0.350649
vt 0.472947 0.350649
vt 0.473941 0.351064
vt 0.474702 0.351830
vt 0.475114 0.352831
vt 0.475114 0.353914
vt 0.474702 0.354915
vt 0.473941 0.355682
vt 0.791308 0.103200
vt 0.790540 0.103143
vt 0.789650 0.076771
vt 0.790898 0.076864
vt 0.755127 0.182183
vt 0.754554 0.182134
vt 0.754554 0.155971
vt 0.755288 0.155921
vt 0.758037 0.182030
vt 0.757401 0.182079
vt 0.758845 0.155661
vt 0.759878 0.155583
vt 0.789779 0.103083
vt 0.789140 0.103028
vt 0.787376 0.076585
vt 0.788414 0.076674
vt 0.788875 0.718055
vt 0.788223 0.717959
vt 0.788564 0.695184
vt 0.789621 0.695357
vt 0.790119 0.626794
vt 0.790530 0.602322
vt 0.791966 0.103245
vt 0.791966 0.076937
vt 0.755872 0.182192
vt 0.756361 0.155845
vt 0.788256 0.627022
vt 0.787504 0.602691
vt 0.756641 0.182136
vt 0.757610 0.155754
vt 0.789531 0.717992
vt 0.790688 0.695255
vt 0.790674 0.627022
vt 0.791430 0.602691
vt 0.787677 0.717706
vt 0.787677 0.694762
vt 0.090920 0.695606
vt 0.090920 0.684209
vt 0.092145 0.684209
vt 0.092145 0.695605
vt 0.032022 0.802213
vt 0.030773 0.802213
vt 0.030773 0.800130
vt 0.032022 0.800130
vt 0.063060 0.721290
vt 0.063060 0.709897
vt 0.067862 0.710012
vt 0.067862 0.721405
vt 0.685372 0.650576
vt 0.685372 0.657086
vt 0.683999 0.657237
vt 0.683999 0.650727
vt 0.799338 0.694763
vt 0.799338 0.706166
vt 0.798089 0.706165
vt 0.798089 0.694762
vt 0.393760 0.799810
vt 0.393760 0.793302
vt 0.395133 0.793452
vt 0.395133 0.799961
vt 0.532022 0.737553
vt 0.526505 0.737540
vt 0.526505 0.726137
vt 0.532022 0.726150
vt 0.799501 0.110647
vt 0.799501 0.122043
vt 0.798253 0.122043
vt 0.798253 0.110647
vt 0.532022 0.720635
vt 0.526505 0.720621
vt 0.526505 0.709224
vt 0.532022 0.709238
vt 0.090920 0.678693
vt 0.090920 0.667290
vt 0.092145 0.667290
vt 0.092145 0.678693
vt 0.515207 0.724676
vt 0.515207 0.722594
vt 0.067862 0.726919
vt 0.063060 0.726804
vt 0.063060 0.738204
vt 0.067862 0.738318
vt 0.077782 0.723625
vt 0.077782 0.725707
vt 0.797437 0.478779
vt 0.798813 0.478670
vt 0.798813 0.491712
vt 0.797437 0.491821
vt 0.798090 0.287800
vt 0.799467 0.287907
vt 0.799467 0.300914
vt 0.798090 0.300807
vt 0.670408 0.340222
vt 0.670885 0.345492
vt 0.669868 0.345362
vt 0.669402 0.340222
vt 0.291575 0.704122
vt 0.286631 0.705747
vt 0.286334 0.704481
vt 0.290972 0.702956
vt 0.286207 0.703482
vt 0.290516 0.702065
vt 0.791783 0.580001
vt 0.791350 0.584481
vt 0.789995 0.584269
vt 0.790408 0.580001
vt 0.788790 0.584270
vt 0.789202 0.580001
vt 0.192099 0.697552
vt 0.194276 0.693816
vt 0.195336 0.694370
vt 0.193052 0.698291
vt 0.196408 0.694798
vt 0.193949 0.699017
vt 0.673098 0.340222
vt 0.673535 0.345045
vt 0.672359 0.345362
vt 0.671893 0.340222
vt 0.286956 0.706650
vt 0.281612 0.706650
vt 0.281418 0.705747
vt 0.281443 0.704481
vt 0.281664 0.703482
vt 0.790092 0.588521
vt 0.788797 0.588120
vt 0.787591 0.588120
vt 0.195309 0.689680
vt 0.196421 0.690030
vt 0.197576 0.690125
vt 0.674804 0.349395
vt 0.673711 0.349999
vt 0.672272 0.350245
vt 0.429911 0.776206
vt 0.429899 0.771929
vt 0.431249 0.771774
vt 0.431261 0.775946
vt 0.276446 0.704122
vt 0.276778 0.702956
vt 0.277330 0.702065
vt 0.788134 0.591727
vt 0.786931 0.591174
vt 0.788518 0.136886
vt 0.788476 0.133242
vt 0.789804 0.133101
vt 0.789845 0.136745
vt 0.195099 0.685548
vt 0.196200 0.685693
vt 0.197338 0.685458
vt 0.676780 0.352846
vt 0.675817 0.353678
vt 0.674431 0.354017
vt 0.429891 0.766462
vt 0.431241 0.766441
vt 0.272201 0.701029
vt 0.272796 0.700055
vt 0.273630 0.699370
vt 0.787414 0.133809
vt 0.787386 0.129039
vt 0.788449 0.128697
vt 0.789777 0.128556
vt 0.790823 0.128674
vt 0.790851 0.133444
vt 0.194696 0.681785
vt 0.195718 0.681252
vt 0.679270 0.355062
vt 0.678471 0.356040
vt 0.428552 0.771488
vt 0.428544 0.766155
vt 0.429889 0.760340
vt 0.431239 0.760469
vt 0.269099 0.696773
vt 0.269886 0.696061
vt 0.270926 0.695660
vt 0.787376 0.123791
vt 0.788440 0.123696
vt 0.789768 0.123554
vt 0.790814 0.123425
vt 0.192054 0.678689
vt 0.192876 0.677919
vt 0.193206 0.676889
vt 0.196236 0.680441
vt 0.428541 0.760182
vt 0.429891 0.754161
vt 0.431241 0.754442
vt 0.267444 0.691770
vt 0.268333 0.691367
vt 0.269484 0.691299
vt 0.787386 0.118578
vt 0.788449 0.118728
vt 0.789777 0.118587
vt 0.790823 0.118212
vt 0.188535 0.676707
vt 0.189088 0.675785
vt 0.189168 0.674615
vt 0.428544 0.754155
vt 0.429899 0.748531
vt 0.431249 0.748950
vt 0.267398 0.686509
vt 0.268290 0.686431
vt 0.269443 0.686713
vt 0.787414 0.113910
vt 0.788476 0.114280
vt 0.789804 0.114139
vt 0.790851 0.113545
vt 0.184482 0.676033
vt 0.184725 0.675060
vt 0.184518 0.673842
vt 0.428552 0.748664
vt 0.429911 0.744001
vt 0.431261 0.744531
vt 0.389434 0.785900
vt 0.387188 0.782218
vt 0.388302 0.781614
vt 0.390410 0.785069
vt 0.269760 0.681737
vt 0.270809 0.682352
vt 0.271621 0.683045
vt 0.270320 0.687201
vt 0.788518 0.110788
vt 0.789845 0.110647
vt 0.529642 0.793558
vt 0.531391 0.790501
vt 0.532682 0.790903
vt 0.530846 0.794111
vt 0.180292 0.676734
vt 0.180215 0.675814
vt 0.179712 0.674646
vt 0.428564 0.744245
vt 0.385757 0.782464
vt 0.384278 0.777709
vt 0.385745 0.777579
vt 0.386948 0.777262
vt 0.272599 0.677744
vt 0.273447 0.678642
vt 0.274135 0.679510
vt 0.530165 0.790501
vt 0.531288 0.786649
vt 0.532514 0.786649
vt 0.533861 0.786861
vt 0.534738 0.787203
vt 0.533469 0.791553
vt 0.176000 0.677974
vt 0.175218 0.676948
vt 0.174407 0.676171
vt 0.179014 0.673811
vt 0.383768 0.772439
vt 0.385248 0.772439
vt 0.386482 0.772439
vt 0.276531 0.674843
vt 0.277099 0.675947
vt 0.277616 0.676942
vt 0.531675 0.782380
vt 0.532901 0.782380
vt 0.534267 0.782380
vt 0.535175 0.782380
vt 0.172491 0.681328
vt 0.171479 0.680523
vt 0.170573 0.679836
vt 0.384278 0.767170
vt 0.385745 0.767299
vt 0.386948 0.767617
vt 0.281169 0.673318
vt 0.281408 0.674530
vt 0.281721 0.675591
vt 0.531288 0.778111
vt 0.532514 0.778111
vt 0.533861 0.777900
vt 0.534738 0.777558
vt 0.170033 0.685547
vt 0.168858 0.685020
vt 0.167887 0.684447
vt 0.385757 0.762418
vt 0.387188 0.762664
vt 0.388302 0.763268
vt 0.286059 0.673318
vt 0.285952 0.674530
vt 0.286051 0.675591
vt 0.530165 0.774260
vt 0.531391 0.774260
vt 0.532682 0.773858
vt 0.533469 0.773207
vt 0.168865 0.690219
vt 0.167614 0.690000
vt 0.166611 0.689552
vt 0.758853 0.743631
vt 0.758905 0.748129
vt 0.757552 0.748551
vt 0.757502 0.744163
vt 0.389434 0.758986
vt 0.390410 0.759818
vt 0.290724 0.674843
vt 0.290286 0.675947
vt 0.290181 0.676942
vt 0.789875 0.634564
vt 0.789885 0.638029
vt 0.788557 0.637888
vt 0.788548 0.634423
vt 0.529642 0.771204
vt 0.530846 0.770652
vt 0.169747 0.690117
vt 0.169968 0.694453
vt 0.169102 0.694887
vt 0.167867 0.694975
vt 0.760199 0.743877
vt 0.760249 0.748264
vt 0.758938 0.753739
vt 0.757584 0.754023
vt 0.291310 0.674157
vt 0.295555 0.677249
vt 0.294707 0.677744
vt 0.293986 0.678642
vt 0.790942 0.637654
vt 0.790949 0.642302
vt 0.789891 0.642459
vt 0.788564 0.642318
vt 0.787511 0.641938
vt 0.787504 0.637289
vt 0.171473 0.698361
vt 0.170722 0.699093
vt 0.169593 0.699458
vt 0.760281 0.753737
vt 0.758949 0.759912
vt 0.757595 0.760045
vt 0.298657 0.681506
vt 0.297617 0.681737
vt 0.296689 0.682352
vt 0.790951 0.647508
vt 0.789894 0.647419
vt 0.788566 0.647278
vt 0.787513 0.647143
vt 0.174114 0.701458
vt 0.173565 0.702426
vt 0.172623 0.703011
vt 0.760292 0.759758
vt 0.758938 0.766043
vt 0.757584 0.766026
vt 0.300312 0.686509
vt 0.299169 0.686432
vt 0.298132 0.686713
vt 0.790949 0.652761
vt 0.789891 0.652425
vt 0.788564 0.652284
vt 0.787511 0.652397
vt 0.177633 0.703440
vt 0.177353 0.704560
vt 0.176661 0.705285
vt 0.760281 0.765739
vt 0.758905 0.771533
vt 0.757552 0.771381
vt 0.300358 0.691770
vt 0.299213 0.691367
vt 0.298172 0.691299
vt 0.790942 0.657548
vt 0.789885 0.656986
vt 0.788557 0.656845
vt 0.787504 0.657183
vt 0.181686 0.704114
vt 0.181715 0.705285
vt 0.679270 0.325378
vt 0.676780 0.327596
vt 0.675817 0.326764
vt 0.678471 0.324400
vt 0.760249 0.771094
vt 0.758853 0.775844
vt 0.757502 0.775586
vt 0.298791 0.696773
vt 0.297743 0.696062
vt 0.296807 0.695660
vt 0.788134 0.568267
vt 0.790092 0.571477
vt 0.788797 0.571878
vt 0.786931 0.568820
vt 0.789875 0.660656
vt 0.788548 0.660515
vt 0.181269 0.703100
vt 0.185261 0.702433
vt 0.185876 0.703413
vt 0.186225 0.704531
vt 0.674804 0.331049
vt 0.673711 0.330445
vt 0.672272 0.330199
vt 0.674431 0.326425
vt 0.299422 0.697450
vt 0.296320 0.701813
vt 0.295765 0.701029
vt 0.294903 0.700055
vt 0.294169 0.699370
vt 0.791350 0.575520
vt 0.789995 0.575731
vt 0.788789 0.575731
vt 0.787591 0.571879
vt 0.188993 0.700521
vt 0.189792 0.701406
vt 0.190441 0.702371
vt 0.673535 0.335400
vt 0.672359 0.335082
vt 0.670885 0.334953
vt 0.669868 0.335082
vt 0.085184 0.761681
vt 0.085184 0.709908
vt 0.090144 0.709897
vt 0.090144 0.761670
vt 0.205723 0.993369
vt 0.205723 0.813212
vt 0.385880 0.813212
vt 0.385880 0.993369
vt 0.671636 0.761971
vt 0.671636 0.710270
vt 0.676598 0.710272
vt 0.676598 0.761973
vt 0.588411 0.016446
vt 0.640343 0.016441
vt 0.640343 0.152502
vt 0.588411 0.152507
vt 0.686671 0.329096
vt 0.686671 0.193823
vt 0.691633 0.193823
vt 0.691633 0.329096
vt 0.689589 0.364000
vt 0.689589 0.499730
vt 0.684627 0.499730
vt 0.684627 0.364000
vt 0.741673 0.606239
vt 0.741673 0.602192
vt 0.747281 0.602235
vt 0.747281 0.606281
vt 0.170544 0.549708
vt 0.166611 0.548201
vt 0.166611 0.540567
vt 0.170544 0.542074
vt 0.754682 0.602192
vt 0.760292 0.602193
vt 0.760292 0.665510
vt 0.754682 0.665510
vt 0.544432 0.306992
vt 0.548365 0.305486
vt 0.548365 0.313121
vt 0.544432 0.314627
vt 0.050049 0.800239
vt 0.050049 0.792649
vt 0.055659 0.792649
vt 0.055659 0.800239
vt 0.313369 0.741468
vt 0.313369 0.749084
vt 0.307760 0.749084
vt 0.307760 0.741468
vt 0.166611 0.479894
vt 0.170544 0.478397
vt 0.166611 0.472260
vt 0.170544 0.470763
vt 0.733205 0.197892
vt 0.733205 0.193829
vt 0.738814 0.193823
vt 0.738814 0.197886
vt 0.544432 0.235671
vt 0.548365 0.237170
vt 0.548365 0.244805
vt 0.544432 0.243306
vt 0.787376 0.151878
vt 0.787376 0.144288
vt 0.792986 0.144288
vt 0.792986 0.151879
vt 0.313369 0.673318
vt 0.313369 0.680934
vt 0.307760 0.680934
vt 0.307760 0.673318
vt 0.469704 0.207186
vt 0.469704 0.214821
vt 0.733205 0.275087
vt 0.738814 0.275081
vt 0.245270 0.449946
vt 0.245270 0.442312
vt 0.754111 0.579648
vt 0.754111 0.507514
vt 0.759718 0.507444
vt 0.759718 0.579577
vt 0.469704 0.335613
vt 0.469704 0.343248
vt 0.754554 0.148170
vt 0.754554 0.076585
vt 0.760164 0.076596
vt 0.760164 0.148181
vt 0.245270 0.578355
vt 0.245270 0.570721
vt 0.741673 0.683120
vt 0.747281 0.683163
vt 0.759072 0.500032
vt 0.754111 0.500043
vt 0.754111 0.448270
vt 0.759072 0.448260
vt 0.012257 0.993369
vt 0.192529 0.993369
vt 0.192529 0.813098
vt 0.012257 0.813098
vt 0.760014 0.068144
vt 0.755052 0.068142
vt 0.755052 0.016441
vt 0.760014 0.016443
vt 0.596082 0.507470
vt 0.596082 0.643512
vt 0.544151 0.643487
vt 0.544151 0.507444
vt 0.676598 0.702868
vt 0.671636 0.702868
vt 0.671636 0.567595
vt 0.676598 0.567595
vt 0.683999 0.507444
vt 0.688961 0.507444
vt 0.688961 0.643175
vt 0.683999 0.643175
vt 0.747907 0.353766
vt 0.742300 0.353723
vt 0.742300 0.349677
vt 0.747907 0.349719
vt 0.088223 0.543212
vt 0.088223 0.535577
vt 0.092156 0.534071
vt 0.092156 0.541706
vt 0.760292 0.672912
vt 0.760292 0.736229
vt 0.754682 0.736229
vt 0.754682 0.672912
vt 0.548084 0.463763
vt 0.548084 0.471396
vt 0.544151 0.469889
vt 0.544151 0.462255
vt 0.143877 0.800040
vt 0.138267 0.800040
vt 0.138267 0.792450
vt 0.143877 0.792450
vt 0.706934 0.747471
vt 0.712544 0.747471
vt 0.712544 0.755087
vt 0.706934 0.755087
vt 0.092156 0.473390
vt 0.088223 0.471891
vt 0.088223 0.464256
vt 0.092156 0.465755
vt 0.746710 0.511507
vt 0.741100 0.511513
vt 0.741100 0.507450
vt 0.746710 0.507444
vt 0.548084 0.392451
vt 0.548084 0.400085
vt 0.544151 0.401582
vt 0.544151 0.393948
vt 0.712544 0.799915
vt 0.706934 0.799915
vt 0.706934 0.792324
vt 0.712544 0.792325
vt 0.706934 0.679321
vt 0.712544 0.679321
vt 0.712544 0.686938
vt 0.706934 0.686938
vt 0.622810 0.364000
vt 0.622810 0.371634
vt 0.746710 0.588702
vt 0.741100 0.588708
vt 0.013495 0.443406
vt 0.013495 0.435771
vt 0.747280 0.762697
vt 0.741673 0.762768
vt 0.741673 0.690634
vt 0.747280 0.690564
vt 0.622810 0.492409
vt 0.622810 0.500043
vt 0.731208 0.762190
vt 0.725598 0.762179
vt 0.725598 0.690594
vt 0.731208 0.690605
vt 0.013495 0.571833
vt 0.013495 0.564198
vt 0.747907 0.430647
vt 0.742300 0.430605
vt 0.663654 0.560194
vt 0.651876 0.560168
vt 0.651876 0.507444
vt 0.663654 0.507470
vt 0.688710 0.066018
vt 0.688646 0.069183
vt 0.652331 0.069183
vt 0.651619 0.067006
vt 0.653376 0.066019
vt 0.741394 0.491048
vt 0.741378 0.454543
vt 0.744033 0.455665
vt 0.744048 0.489989
vt 0.707557 0.456440
vt 0.719319 0.456455
vt 0.719319 0.494529
vt 0.707557 0.494554
vt 0.045667 0.745438
vt 0.033282 0.745432
vt 0.033282 0.709897
vt 0.039510 0.709901
vt 0.043864 0.711930
vt 0.045667 0.716825
vt 0.729564 0.454528
vt 0.729580 0.491055
vt 0.683272 0.180418
vt 0.654821 0.180419
vt 0.649954 0.177044
vt 0.647939 0.168896
vt 0.647939 0.145529
vt 0.649954 0.137382
vt 0.654821 0.134007
vt 0.683272 0.134006
vt 0.013495 0.716821
vt 0.015298 0.711926
vt 0.019651 0.709898
vt 0.025880 0.709897
vt 0.025880 0.745437
vt 0.013495 0.745438
vt 0.676598 0.557058
vt 0.664251 0.557031
vt 0.664251 0.510635
vt 0.676598 0.510662
vt 0.681985 0.126605
vt 0.647745 0.126603
vt 0.651559 0.121936
vt 0.678475 0.121937
vt 0.653376 0.019607
vt 0.651619 0.018619
vt 0.652331 0.016442
vt 0.688646 0.016441
vt 0.688710 0.019606
vt 0.647745 0.061870
vt 0.647745 0.023756
vt 0.647745 0.076585
vt 0.681985 0.076587
vt 0.678475 0.081251
vt 0.651559 0.081249
vt 0.649180 0.558829
vt 0.649180 0.508828
vt 0.733025 0.305769
vt 0.733024 0.342269
vt 0.730368 0.341229
vt 0.730369 0.306909
vt 0.744837 0.342275
vt 0.744839 0.305754
vt 0.683217 0.114512
vt 0.681828 0.119762
vt 0.681828 0.083426
vt 0.683217 0.088676
vt 0.686665 0.083972
vt 0.686665 0.119220
vt 0.649088 0.067042
vt 0.649088 0.018584
vt 0.707690 0.451273
vt 0.719452 0.451275
vt 0.732962 0.302529
vt 0.744776 0.302529
vt 0.729623 0.451273
vt 0.741437 0.451273
vt 0.719452 0.499720
vt 0.707690 0.499731
vt 0.730306 0.303629
vt 0.722163 0.452655
vt 0.722028 0.457871
vt 0.744092 0.452356
vt 0.722163 0.498346
vt 0.722028 0.493119
vt 0.685294 0.124442
vt 0.685294 0.078750
vt 0.229622 0.737361
vt 0.235287 0.737151
vt 0.235287 0.740651
vt 0.229622 0.740861
vt 0.124139 0.735045
vt 0.128651 0.734993
vt 0.129869 0.737294
vt 0.124133 0.737360
vt 0.105296 0.735049
vt 0.105296 0.711848
vt 0.109769 0.711792
vt 0.109769 0.734992
vt 0.129869 0.740804
vt 0.124133 0.740871
vt 0.119640 0.734993
vt 0.118414 0.737293
vt 0.206204 0.734761
vt 0.206204 0.711663
vt 0.210702 0.711848
vt 0.210702 0.734946
vt 0.223835 0.737176
vt 0.223835 0.740676
vt 0.229577 0.734958
vt 0.234033 0.734793
vt 0.215216 0.711667
vt 0.215216 0.734765
vt 0.099558 0.737299
vt 0.105325 0.737365
vt 0.105325 0.740875
vt 0.099558 0.740809
vt 0.216433 0.737141
vt 0.210696 0.737372
vt 0.119640 0.711792
vt 0.124139 0.711844
vt 0.216433 0.740636
vt 0.210696 0.740867
vt 0.100759 0.734996
vt 0.128651 0.711792
vt 0.035135 0.752840
vt 0.041305 0.752865
vt 0.045667 0.757264
vt 0.045667 0.763458
vt 0.041305 0.767821
vt 0.035135 0.767795
vt 0.030773 0.763397
vt 0.030773 0.757203
vt 0.225024 0.734813
vt 0.225024 0.711683
vt 0.229577 0.711828
vt 0.556121 0.173906
vt 0.560988 0.173898
vt 0.564429 0.177340
vt 0.564429 0.182215
vt 0.560988 0.185668
vt 0.556121 0.185676
vt 0.552679 0.182235
vt 0.552679 0.177359
vt 0.118414 0.740803
vt 0.234033 0.711663
vt 0.204977 0.737137
vt 0.204977 0.740632
vt 0.111012 0.737293
vt 0.100759 0.711796
vt 0.111012 0.740803
vt 0.588496 0.170250
vt 0.607501 0.170250
vt 0.607416 0.180314
vt 0.588411 0.180314
vt 0.502279 0.196842
vt 0.483382 0.196842
vt 0.483837 0.185371
vt 0.502735 0.185371
vt 0.483383 0.173898
vt 0.502280 0.173898
vt 0.633927 0.180315
vt 0.614920 0.180315
vt 0.614903 0.170245
vt 0.633910 0.170245
vt 0.614918 0.159909
vt 0.633925 0.159909
vt 0.510136 0.173898
vt 0.529097 0.173898
vt 0.529393 0.185367
vt 0.510432 0.185367
vt 0.356733 0.768571
vt 0.350123 0.768559
vt 0.350123 0.751103
vt 0.356733 0.751116
vt 0.529098 0.196842
vt 0.510137 0.196842
vt 0.588421 0.159909
vt 0.607426 0.159909
vt 0.224059 0.673811
vt 0.231963 0.681797
vt 0.231963 0.694023
vt 0.224059 0.703328
vt 0.212881 0.704262
vt 0.204977 0.696276
vt 0.204977 0.684050
vt 0.212881 0.674745
vt 0.554669 0.700661
vt 0.549944 0.706575
vt 0.544151 0.701484
vt 0.552051 0.693522
vt 0.550314 0.711442
vt 0.544151 0.713705
vt 0.553178 0.715394
vt 0.552051 0.723025
vt 0.560604 0.716847
vt 0.563222 0.723986
vt 0.565328 0.710933
vt 0.571121 0.716024
vt 0.564959 0.706065
vt 0.571121 0.703803
vt 0.562095 0.702114
vt 0.563222 0.694482
vt 0.578826 0.184107
vt 0.575417 0.184053
vt 0.575417 0.173898
vt 0.578826 0.173951
vt 0.790035 0.496025
vt 0.785339 0.496168
vt 0.785339 0.478814
vt 0.790035 0.478671
vt 0.486587 0.766394
vt 0.480201 0.766325
vt 0.480201 0.748871
vt 0.486587 0.748941
vt 0.473587 0.766387
vt 0.473587 0.748934
vt 0.035468 0.792635
vt 0.030773 0.792729
vt 0.030773 0.775316
vt 0.035468 0.775222
vt 0.343732 0.768573
vt 0.343732 0.751117
vt 0.780643 0.496025
vt 0.780643 0.478670
vt 0.040166 0.792728
vt 0.040166 0.775315
vt 0.208491 0.758574
vt 0.212905 0.759971
vt 0.211689 0.764203
vt 0.204977 0.760703
vt 0.214304 0.759458
vt 0.216394 0.762906
vt 0.215405 0.758456
vt 0.219722 0.759336
vt 0.216208 0.753898
vt 0.219722 0.751769
vt 0.211793 0.752501
vt 0.213010 0.748269
vt 0.210395 0.753014
vt 0.208304 0.749566
vt 0.209294 0.754015
vt 0.204977 0.753136
vt 0.614869 0.353251
vt 0.614869 0.348621
vt 0.619457 0.348011
vt 0.620745 0.348759
vt 0.621655 0.349937
vt 0.621655 0.354568
vt 0.617067 0.355177
vt 0.615779 0.354429
vt 0.571831 0.184103
vt 0.571831 0.173948
vt 0.797181 0.045176
vt 0.795720 0.045196
vt 0.795720 0.035064
vt 0.797181 0.035044
vt 0.697479 0.182417
vt 0.694066 0.182428
vt 0.694066 0.172271
vt 0.697479 0.172260
vt 0.798031 0.735586
vt 0.796570 0.735555
vt 0.796570 0.725457
vt 0.798031 0.725488
vt 0.798643 0.045196
vt 0.798643 0.035064
vt 0.701062 0.182427
vt 0.701062 0.172270
vt 0.799493 0.735555
vt 0.799493 0.725457
vt 0.289829 0.754432
vt 0.291203 0.754894
vt 0.289412 0.758347
vt 0.287155 0.758093
vt 0.292523 0.755345
vt 0.291615 0.758589
vt 0.291163 0.763274
vt 0.288134 0.763530
vt 0.285052 0.763772
vt 0.269105 0.763286
vt 0.272133 0.763557
vt 0.271611 0.769470
vt 0.268495 0.768411
vt 0.275215 0.763798
vt 0.274823 0.770352
vt 0.273173 0.774292
vt 0.270483 0.773938
vt 0.268267 0.772057
vt 0.270439 0.754454
vt 0.269065 0.754922
vt 0.268249 0.753534
vt 0.269193 0.753019
vt 0.267746 0.755360
vt 0.267357 0.754021
vt 0.744302 0.442405
vt 0.743721 0.443332
vt 0.743628 0.443039
vt 0.743979 0.442320
vt 0.744302 0.441312
vt 0.744065 0.441524
vt 0.743242 0.442107
vt 0.743508 0.441184
vt 0.742975 0.443031
vt 0.742419 0.442691
vt 0.742504 0.441896
vt 0.742855 0.441176
vt 0.252801 0.576418
vt 0.253674 0.576300
vt 0.253654 0.578269
vt 0.252825 0.578288
vt 0.254475 0.576407
vt 0.254428 0.578278
vt 0.743639 0.440711
vt 0.742758 0.440868
vt 0.573011 0.351998
vt 0.572118 0.351912
vt 0.572133 0.350660
vt 0.572974 0.350649
vt 0.571343 0.352047
vt 0.571377 0.350695
vt 0.742840 0.443489
vt 0.742178 0.442888
vt 0.268032 0.763150
vt 0.267889 0.758655
vt 0.268653 0.758603
vt 0.292238 0.763164
vt 0.292380 0.758665
vt 0.572084 0.354930
vt 0.571343 0.355300
vt 0.573011 0.355252
vt 0.283835 0.763849
vt 0.286248 0.757983
vt 0.276433 0.763855
vt 0.273113 0.758119
vt 0.274021 0.757989
vt 0.253690 0.571547
vt 0.254475 0.571891
vt 0.252801 0.571902
vt 0.270856 0.758376
vt 0.742178 0.441795
vt 0.292020 0.753509
vt 0.292912 0.754007
vt 0.291076 0.752999
vt 0.287093 0.774286
vt 0.289784 0.773934
vt 0.290191 0.775510
vt 0.286751 0.775394
vt 0.292000 0.772061
vt 0.292686 0.772445
vt 0.270077 0.775490
vt 0.267583 0.772422
vt 0.273517 0.775382
vt 0.276055 0.770780
vt 0.285443 0.770334
vt 0.284212 0.770781
vt 0.292912 0.768077
vt 0.291773 0.768406
vt 0.267357 0.768057
vt 0.288656 0.769451
vt 0.310852 0.777602
vt 0.309536 0.777139
vt 0.311361 0.773704
vt 0.313562 0.773967
vt 0.308167 0.776663
vt 0.309106 0.773428
vt 0.309604 0.768747
vt 0.312688 0.768534
vt 0.315719 0.768308
vt 0.020676 0.765126
vt 0.017595 0.764874
vt 0.018146 0.758957
vt 0.021310 0.760000
vt 0.014568 0.764592
vt 0.014989 0.758036
vt 0.016682 0.754086
vt 0.019347 0.754462
vt 0.021581 0.756338
vt 0.019310 0.773953
vt 0.020632 0.773519
vt 0.021452 0.774905
vt 0.020558 0.775389
vt 0.022007 0.773057
vt 0.022397 0.774393
vt 0.743973 0.183263
vt 0.744553 0.182340
vt 0.744646 0.182644
vt 0.744295 0.183363
vt 0.743973 0.184355
vt 0.744209 0.184159
vt 0.745033 0.183576
vt 0.744766 0.184500
vt 0.745299 0.182652
vt 0.745856 0.182992
vt 0.745770 0.183788
vt 0.745419 0.184508
vt 0.793359 0.171076
vt 0.794137 0.170960
vt 0.794199 0.172928
vt 0.793443 0.172946
vt 0.795028 0.171067
vt 0.795040 0.172937
vt 0.744636 0.184956
vt 0.745517 0.184800
vt 0.580413 0.353870
vt 0.581211 0.353997
vt 0.581221 0.355249
vt 0.580447 0.355221
vt 0.582087 0.353902
vt 0.582049 0.355251
vt 0.745434 0.182183
vt 0.746097 0.182785
vt 0.021894 0.765187
vt 0.022020 0.769683
vt 0.021111 0.769810
vt 0.308386 0.768811
vt 0.308200 0.773309
vt 0.581189 0.350981
vt 0.582087 0.350649
vt 0.022585 0.772850
vt 0.316795 0.768208
vt 0.314326 0.774050
vt 0.794101 0.159932
vt 0.795040 0.160594
vt 0.794956 0.166551
vt 0.794037 0.166208
vt 0.793287 0.166561
vt 0.018853 0.770059
vt 0.016650 0.770279
vt 0.746097 0.183876
vt 0.308698 0.778514
vt 0.307760 0.777995
vt 0.309585 0.779020
vt 0.313744 0.757766
vt 0.311074 0.758097
vt 0.310552 0.756486
vt 0.313991 0.756635
vt 0.308816 0.759943
vt 0.308027 0.759527
vt 0.019892 0.752840
vt 0.022376 0.755918
vt 0.016452 0.752936
vt 0.013495 0.764453
vt 0.013897 0.757529
vt 0.315385 0.761741
vt 0.316485 0.761272
vt 0.307760 0.763892
vt 0.309038 0.763607
vt 0.022585 0.760283
vt 0.312216 0.762605
vt 0.647745 0.137381
vt 0.648985 0.135946
vt 0.724990 0.062855
vt 0.720855 0.062864
vt 0.720006 0.060922
vt 0.720656 0.059481
vt 0.649760 0.134007
vt 0.649760 0.180418
vt 0.648985 0.178479
vt 0.724990 0.016443
vt 0.720656 0.019820
vt 0.720006 0.018389
vt 0.720855 0.016453
vt 0.647745 0.177044
vt 0.718861 0.027968
vt 0.731191 0.016441
vt 0.731191 0.062852
vt 0.718861 0.051335
vt 0.747651 0.063458
vt 0.738592 0.063439
vt 0.738592 0.016441
vt 0.747651 0.016461
vt 0.486587 0.741470
vt 0.477502 0.741465
vt 0.477502 0.669981
vt 0.486587 0.669985
vt 0.495988 0.705236
vt 0.505034 0.705232
vt 0.505034 0.752245
vt 0.495988 0.752249
vt 0.690447 0.664856
vt 0.699533 0.664855
vt 0.699533 0.736349
vt 0.690447 0.736350
vt 0.661883 0.269287
vt 0.661883 0.340607
vt 0.614869 0.340610
vt 0.614869 0.269290
vt 0.392826 0.704587
vt 0.392826 0.751585
vt 0.383768 0.751565
vt 0.383768 0.704567
vt 0.727485 0.148080
vt 0.727485 0.076586
vt 0.736572 0.076585
vt 0.736572 0.148079
vt 0.402986 0.755619
vt 0.402986 0.708606
vt 0.412032 0.708603
vt 0.412032 0.755616
vt 0.374367 0.669338
vt 0.374367 0.740822
vt 0.365281 0.740818
vt 0.365281 0.669333
vt 0.630212 0.364002
vt 0.677225 0.364000
vt 0.677225 0.435320
vt 0.630212 0.435322
vt 0.471631 0.849464
vt 0.471626 0.836601
vt 0.502099 0.836601
vt 0.502104 0.849464
vt 0.529339 0.836105
vt 0.529343 0.848968
vt 0.549198 0.835188
vt 0.549203 0.848050
vt 0.629146 0.889203
vt 0.629132 0.902052
vt 0.608452 0.901224
vt 0.608466 0.888375
vt 0.584898 0.901224
vt 0.584912 0.888375
vt 0.562055 0.902052
vt 0.562069 0.889203
vt 0.767222 0.820120
vt 0.767110 0.832982
vt 0.739875 0.832259
vt 0.739987 0.819397
vt 0.709403 0.832004
vt 0.709515 0.819143
vt 0.680333 0.832259
vt 0.680445 0.819397
vt 0.657090 0.832982
vt 0.657201 0.820120
vt 0.768216 0.967175
vt 0.745790 0.967501
vt 0.747982 0.946412
vt 0.770408 0.946087
vt 0.748752 0.916694
vt 0.771178 0.916369
vt 0.747982 0.882869
vt 0.770408 0.882544
vt 0.745790 0.850088
vt 0.768216 0.849763
vt 0.785832 0.991217
vt 0.785102 0.971929
vt 0.868674 0.967826
vt 0.869296 0.984261
vt 0.419327 0.848050
vt 0.419323 0.835188
vt 0.442559 0.836105
vt 0.442563 0.848968
vt 0.487785 0.985947
vt 0.457311 0.985947
vt 0.430129 0.976985
vt 0.410377 0.960425
vt 0.401061 0.938788
vt 0.403601 0.915368
vt 0.417610 0.893731
vt 0.440954 0.877171
vt 0.470080 0.868209
vt 0.500554 0.868209
vt 0.527736 0.877171
vt 0.547488 0.893731
vt 0.556803 0.915368
vt 0.554263 0.938788
vt 0.540255 0.960425
vt 0.516911 0.976985
vt 0.902836 0.873125
vt 0.927189 0.865632
vt 0.933413 0.873810
vt 0.904287 0.882773
vt 0.946707 0.851785
vt 0.956757 0.857250
vt 0.958420 0.833694
vt 0.970765 0.835613
vt 0.960544 0.814113
vt 0.973305 0.812194
vt 0.952755 0.796022
vt 0.963990 0.790557
vt 0.936240 0.782175
vt 0.944238 0.773997
vt 0.913512 0.774682
vt 0.917055 0.765034
vt 0.888033 0.774682
vt 0.886582 0.765034
vt 0.863680 0.782175
vt 0.857456 0.773997
vt 0.844161 0.796022
vt 0.834112 0.790557
vt 0.832448 0.814113
vt 0.820103 0.812194
vt 0.830325 0.833694
vt 0.817563 0.835613
vt 0.838114 0.851785
vt 0.826879 0.857250
vt 0.854629 0.865632
vt 0.846631 0.873811
vt 0.877356 0.873125
vt 0.873813 0.882773
vt 0.899313 0.968802
vt 0.898691 0.985238
vt 0.892788 0.981605
vt 0.893358 0.966557
vt 0.981063 0.884420
vt 0.982155 0.900893
vt 0.898691 0.907441
vt 0.897760 0.893404
vt 0.729978 0.894183
vt 0.728480 0.906413
vt 0.659398 0.898399
vt 0.660674 0.887978
vt 0.639629 0.866321
vt 0.638628 0.883597
vt 0.569324 0.877391
vt 0.570177 0.862671
vt 0.730979 0.876908
vt 0.661527 0.873258
vt 0.639980 0.846630
vt 0.570476 0.845892
vt 0.731331 0.857217
vt 0.661827 0.856479
vt 0.639629 0.827521
vt 0.570177 0.829610
vt 0.730979 0.838108
vt 0.661527 0.840196
vt 0.785102 0.922518
vt 0.785832 0.899917
vt 0.869296 0.906464
vt 0.868674 0.925722
vt 0.982884 0.972906
vt 0.982155 0.992194
vt 0.784846 0.947805
vt 0.868456 0.947270
vt 0.982884 0.923494
vt 0.983141 0.948781
vt 0.899531 0.948246
vt 0.899313 0.926699
vt 0.678328 0.925796
vt 0.684404 0.939910
vt 0.672822 0.941651
vt 0.668131 0.930756
vt 0.874629 0.927034
vt 0.874429 0.946761
vt 0.893558 0.947737
vt 0.893358 0.928010
vt 0.874629 0.965581
vt 0.892788 0.910378
vt 0.875198 0.980628
vt 0.687280 0.955891
vt 0.677300 0.971306
vt 0.673610 0.969299
vt 0.682747 0.955186
vt 0.579940 0.939205
vt 0.589920 0.923790
vt 0.593611 0.925796
vt 0.584473 0.939910
vt 0.689090 0.939205
vt 0.578131 0.955891
vt 0.582816 0.955186
vt 0.565124 0.861439
vt 0.565398 0.846078
vt 0.656474 0.872026
vt 0.656749 0.856664
vt 0.565124 0.831170
vt 0.656474 0.841757
vt 0.875198 0.909402
vt 0.652734 0.972678
vt 0.638068 0.977191
vt 0.622723 0.977191
vt 0.609035 0.972678
vt 0.599089 0.964339
vt 0.594398 0.953444
vt 0.595677 0.941651
vt 0.602731 0.930756
vt 0.614486 0.922417
vt 0.629152 0.917904
vt 0.644497 0.917904
vt 0.658185 0.922417
vt 0.671543 0.953444
vt 0.664489 0.964339
vt 0.588893 0.969299
vt 0.665444 0.914994
vt 0.601777 0.980101
vt 0.647713 0.909149
vt 0.619507 0.985947
vt 0.627836 0.909149
vt 0.658383 0.980101
vt 0.639384 0.985947
vt 0.608837 0.914994
vt 0.302346 0.665913
vt 0.299399 0.665913
vt 0.297330 0.665912
vt 0.295260 0.665912
vt 0.292314 0.665911
vt 0.289367 0.665910
vt 0.287298 0.665910
vt 0.285228 0.665909
vt 0.282282 0.665909
vt 0.279335 0.665908
vt 0.277241 0.665908
vt 0.274998 0.665907
vt 0.271704 0.665906
vt 0.312924 0.665916
vt 0.309629 0.665915
vt 0.307386 0.665914
vt 0.305292 0.665914
vt 0.296020 0.793595
vt 0.296051 0.790203
vt 0.299261 0.790225
vt 0.299231 0.793617
vt 0.767778 0.499116
vt 0.766639 0.495910
vt 0.770242 0.494627
vt 0.771382 0.497833
vt 0.769934 0.294557
vt 0.769939 0.291169
vt 0.773151 0.291175
vt 0.773146 0.294563
vt 0.707557 0.442207
vt 0.708697 0.439001
vt 0.712302 0.440283
vt 0.711162 0.443489
vt 0.539914 0.354453
vt 0.539914 0.350649
vt 0.543126 0.350649
vt 0.543126 0.354453
vt 0.766473 0.492007
vt 0.770087 0.492771
vt 0.798919 0.340050
vt 0.798090 0.340063
vt 0.798090 0.326635
vt 0.798919 0.326621
vt 0.789713 0.317635
vt 0.790689 0.317742
vt 0.790689 0.340063
vt 0.789713 0.339957
vt 0.196825 0.779847
vt 0.197544 0.779845
vt 0.197544 0.793278
vt 0.196825 0.793281
vt 0.790689 0.310128
vt 0.789713 0.310234
vt 0.789713 0.287906
vt 0.790689 0.287800
vt 0.650801 0.762922
vt 0.650801 0.745132
vt 0.664234 0.745134
vt 0.664234 0.762924
vt 0.528640 0.744955
vt 0.528640 0.763244
vt 0.515207 0.763250
vt 0.515207 0.744961
vt 0.712467 0.436381
vt 0.708853 0.437146
vt 0.707557 0.433211
vt 0.711172 0.432445
vt 0.769940 0.289424
vt 0.773151 0.289430
vt 0.296055 0.786387
vt 0.299266 0.786409
vt 0.563942 0.353862
vt 0.560935 0.353861
vt 0.560935 0.350649
vt 0.563942 0.350651
vt 0.767768 0.488071
vt 0.771382 0.488835
vt 0.769934 0.286415
vt 0.773146 0.286421
vt 0.296020 0.782912
vt 0.299231 0.782934
vt 0.757047 0.793929
vt 0.757077 0.790537
vt 0.760287 0.790559
vt 0.760257 0.793951
vt 0.064365 0.789386
vt 0.063226 0.786180
vt 0.066829 0.784897
vt 0.067969 0.788103
vt 0.402986 0.800953
vt 0.402991 0.797565
vt 0.406203 0.797571
vt 0.406198 0.800958
vt 0.733205 0.292250
vt 0.734345 0.289044
vt 0.737949 0.290327
vt 0.736809 0.293532
vt 0.529301 0.354453
vt 0.529301 0.350649
vt 0.532513 0.350649
vt 0.532513 0.354453
vt 0.063060 0.782277
vt 0.066674 0.783042
vt 0.799555 0.440810
vt 0.798726 0.440824
vt 0.798726 0.430777
vt 0.799555 0.430763
vt 0.699035 0.313168
vt 0.700013 0.313252
vt 0.700013 0.336413
vt 0.699035 0.336329
vt 0.799184 0.568270
vt 0.799904 0.568267
vt 0.799904 0.578318
vt 0.799184 0.578320
vt 0.700013 0.305683
vt 0.699035 0.305766
vt 0.699035 0.282599
vt 0.700013 0.282515
vt 0.243025 0.785959
vt 0.243025 0.767830
vt 0.253076 0.767831
vt 0.253076 0.785960
vt 0.553154 0.766785
vt 0.553154 0.785448
vt 0.543103 0.785453
vt 0.543103 0.766790
vt 0.738115 0.286424
vt 0.734501 0.287189
vt 0.733205 0.283254
vt 0.736819 0.282489
vt 0.402992 0.795820
vt 0.406204 0.795826
vt 0.757081 0.786720
vt 0.760292 0.786743
vt 0.553534 0.353862
vt 0.550527 0.353861
vt 0.550527 0.350649
vt 0.553534 0.350651
vt 0.064356 0.778341
vt 0.067969 0.779106
vt 0.402986 0.792810
vt 0.406198 0.792816
vt 0.757047 0.783245
vt 0.760257 0.783267
vt 0.104222 0.478261
vt 0.570955 0.478261
vt 0.570955 0.944994
vt 0.104222 0.944994
vt 0.471051 0.018267
vt 0.962047 0.018267
vt 0.962047 0.509263
vt 0.471051 0.509263
s 1
usemtl policeboat
f 5/1/1 2/2/1 4/3/1 6/4/1
f 121/5/2 328/6/3 334/7/4 137/8/5
f 3/9/6 316/10/7 328/11/8 121/12/9
f 322/13/10 318/14/11 313/15/12 324/16/13
f 7/17/6 3/9/6 121/12/9 123/18/9
f 325/19/14 312/20/15 2/21/16 5/22/16
f 309/23/17 1/24/18 122/25/19 330/26/20
f 309/23/17 325/27/14 5/28/16 1/24/18
f 6/29/21 4/30/21 319/31/22 321/32/23
f 5/33/24 6/34/24 9/35/24 10/36/24
f 9/37/21 7/17/6 11/38/25 13/39/26
f 3/9/6 6/40/21 321/41/23 316/10/7
f 6/40/21 3/9/6 7/17/6 9/37/21
f 1/24/18 5/28/16 10/42/16 8/43/18
f 1/24/18 8/43/18 124/44/19 122/25/19
f 8/43/18 10/42/16 14/45/27 12/46/28
f 43/47/29 37/48/30 133/49/31 135/50/32
f 9/37/21 13/39/26 18/51/33 16/52/21
f 15/53/24 16/54/24 18/55/24 17/56/24
f 12/46/28 14/45/27 22/57/34 20/58/35
f 10/59/36 9/60/36 16/61/36 15/62/36
f 14/45/27 10/42/16 15/63/16 17/64/37
f 23/65/24 24/66/24 30/67/24 29/68/24
f 22/57/34 23/69/38 29/70/39 28/71/40
f 17/56/24 18/55/24 24/66/24 23/65/24
f 14/45/27 17/64/37 23/69/38 22/57/34
f 18/51/33 13/39/26 21/72/41 24/73/42
f 13/39/26 11/38/25 19/74/43 21/72/41
f 27/75/44 25/76/45 31/77/46 33/78/47
f 30/79/48 27/75/44 33/78/47 36/80/49
f 20/58/35 22/57/34 28/71/40 26/81/50
f 44/82/51 43/47/29 135/50/32 136/83/52
f 24/73/42 21/72/41 27/75/44 30/79/48
f 21/72/41 19/74/43 25/76/45 27/75/44
f 35/84/24 36/85/24 42/86/24 41/87/24
f 34/88/53 35/89/54 41/90/55 40/91/56
f 28/71/40 29/70/39 35/92/54 34/93/53
f 29/68/24 30/67/24 36/85/24 35/84/24
f 26/81/50 28/71/40 34/93/53 32/94/57
f 318/95/24 320/96/24 319/97/24 4/98/24 2/99/24 312/100/24 314/101/24 313/102/24
f 39/103/58 37/48/59 43/47/60 45/104/61
f 42/105/62 39/103/58 45/104/61 48/106/63
f 32/107/57 34/88/53 40/91/56 38/108/64
f 11/38/25 7/17/6 123/18/9 125/109/65
f 36/80/49 33/78/47 39/110/58 42/111/62
f 33/78/47 31/77/46 37/112/59 39/110/58
f 44/82/66 46/113/67 45/104/61 43/47/60
f 45/104/61 46/113/67 47/114/68 48/106/63
f 40/91/56 41/90/55 47/114/68 46/113/67
f 41/87/24 42/86/24 48/115/24 47/116/24
f 38/108/64 40/91/56 46/113/67 44/82/66
f 31/77/46 25/76/45 129/117/69 131/118/70
f 49/119/71 50/120/71 52/121/71 51/122/71
f 51/123/21 52/124/21 56/125/21 55/126/21
f 55/127/72 56/128/72 54/129/72 53/130/72
f 53/131/16 54/132/16 50/133/16 49/134/16
f 51/135/73 55/136/73 53/137/73 49/138/73
f 56/139/24 52/140/24 50/141/24 54/142/24
f 58/143/21 57/144/21 59/145/21 60/146/21
f 62/147/71 61/148/71 57/149/71 58/150/71
f 64/151/16 63/152/16 61/153/16 62/154/16
f 60/155/72 59/156/72 63/157/72 64/158/72
f 62/159/73 58/160/73 60/161/73 64/162/73
f 57/163/24 61/164/24 63/165/24 59/166/24
f 65/167/21 66/168/21 68/169/21 67/170/21
f 67/171/72 68/172/72 72/173/72 71/174/72
f 71/175/16 72/176/16 70/177/16 69/178/16
f 69/179/71 70/180/71 66/181/71 65/182/71
f 67/183/73 71/184/73 69/185/73 65/186/73
f 72/187/24 68/188/24 66/189/24 70/190/24
f 74/191/72 73/192/72 75/193/72 76/194/72
f 78/195/21 77/196/21 73/197/21 74/198/21
f 80/199/71 79/200/71 77/201/71 78/202/71
f 76/203/16 75/204/16 79/205/16 80/206/16
f 78/207/73 74/208/73 76/209/73 80/210/73
f 73/211/24 77/212/24 79/213/24 75/214/24
f 81/215/74 82/216/74 84/217/74 83/218/74
f 83/219/16 84/220/16 88/221/16 87/222/16
f 87/223/75 88/224/75 86/225/75 85/226/75
f 85/227/21 86/228/21 82/229/21 81/230/21
f 83/231/73 87/232/73 85/233/73 81/234/73
f 88/235/24 84/236/24 82/237/24 86/238/24
f 90/239/16 89/240/16 91/241/16 92/242/16
f 94/243/74 93/244/74 89/245/74 90/246/74
f 96/247/21 95/248/21 93/249/21 94/250/21
f 92/251/75 91/252/75 95/253/75 96/254/75
f 94/255/73 90/256/73 92/257/73 96/258/73
f 89/259/24 93/260/24 95/261/24 91/262/24
f 97/263/16 98/264/16 100/265/16 99/266/16
f 99/267/75 100/268/75 104/269/75 103/270/75
f 103/271/21 104/272/21 102/273/21 101/274/21
f 101/275/74 102/276/74 98/277/74 97/278/74
f 99/279/73 103/280/73 101/281/73 97/282/73
f 104/283/24 100/284/24 98/285/24 102/286/24
f 106/287/75 105/288/75 107/289/75 108/290/75
f 110/291/16 109/292/16 105/293/16 106/294/16
f 112/295/74 111/296/74 109/297/74 110/298/74
f 108/299/21 107/300/21 111/301/21 112/302/21
f 110/303/73 106/304/73 108/305/73 112/306/73
f 105/307/24 109/308/24 111/309/24 107/310/24
f 113/311/1 114/312/1 116/313/1 115/314/1
f 115/315/21 116/316/21 120/317/21 119/318/21
f 119/319/36 120/320/36 118/321/36 117/322/36
f 117/323/16 118/324/16 114/325/16 113/326/16
f 115/327/73 119/328/73 117/329/73 113/330/73
f 120/331/24 116/332/24 114/333/24 118/334/24
f 129/335/76 127/336/77 143/337/78 145/338/79
f 136/339/80 135/340/81 151/341/82 152/342/83
f 128/343/84 130/344/85 146/345/86 144/346/87
f 133/347/88 131/348/89 147/349/90 149/350/91
f 123/351/2 121/5/2 137/8/5 139/352/5
f 132/353/92 134/354/93 150/355/94 148/356/95
f 122/357/96 124/358/96 140/359/97 138/360/97
f 127/336/77 125/361/98 141/362/99 143/337/78
f 26/81/50 32/94/57 132/363/100 130/364/101
f 8/43/18 12/46/28 126/365/102 124/44/19
f 20/58/35 26/81/50 130/364/101 128/366/103
f 12/46/28 20/58/35 128/366/103 126/365/102
f 38/108/104 44/82/51 136/83/52 134/367/105
f 25/76/45 19/74/43 127/368/106 129/117/69
f 315/369/36 322/13/10 324/16/13 310/370/36
f 32/94/57 38/371/104 134/372/105 132/363/100
f 19/74/43 11/38/25 125/109/65 127/368/106
f 37/112/30 31/77/46 131/118/70 133/373/31
f 141/362/99 139/352/5 155/374/107 157/375/108
f 145/338/79 143/337/78 159/376/109 161/377/110
f 152/342/83 151/341/82 167/378/111 168/379/112
f 144/346/87 146/345/86 162/380/113 160/381/114
f 149/350/91 147/349/90 163/382/115 165/383/116
f 139/352/5 137/8/5 153/384/107 155/374/107
f 148/356/95 150/355/94 166/385/117 164/386/118
f 138/360/97 140/359/97 156/387/119 154/388/119
f 125/361/98 123/351/2 139/352/5 141/362/99
f 135/340/81 133/347/88 149/350/91 151/341/82
f 327/389/120 331/390/121 337/391/122 333/392/123
f 124/358/96 126/393/124 142/394/125 140/359/97
f 134/354/93 136/339/80 152/342/83 150/355/94
f 330/395/126 122/357/96 138/360/97 336/396/127
f 131/348/89 129/335/76 145/338/79 147/349/90
f 137/8/5 334/7/4 339/397/128 153/384/107
f 130/344/85 132/353/92 148/356/95 146/345/86
f 126/393/124 128/343/84 144/346/87 142/394/125
f 153/384/107 154/388/119 156/387/119 155/374/107
f 157/375/108 158/398/129 160/381/114 159/376/109
f 155/374/107 156/387/119 158/398/129 157/375/108
f 159/376/109 160/381/114 162/380/113 161/377/110
f 161/377/110 162/380/113 164/386/118 163/382/115
f 163/382/115 164/386/118 166/385/117 165/383/116
f 165/383/116 166/385/117 168/379/112 167/378/111
f 151/341/82 149/350/91 165/383/116 167/378/111
f 333/392/123 337/391/122 342/399/130 340/400/131
f 140/359/97 142/394/125 158/398/129 156/387/119
f 150/355/94 152/342/83 168/379/112 166/385/117
f 336/396/127 138/360/97 154/388/119 343/401/132
f 147/349/90 145/338/79 161/377/110 163/382/115
f 153/384/107 339/397/128 341/402/133 340/400/131 342/399/130 344/403/134 343/401/132 154/388/119
f 146/345/86 148/356/95 164/386/118 162/380/113
f 142/394/125 144/346/87 160/381/114 158/398/129
f 143/337/78 141/362/99 157/375/108 159/376/109
f 169/404/1 170/405/1 172/406/1 171/407/1
f 171/408/21 172/409/21 213/410/21 214/411/21
f 174/412/16 173/413/16 207/414/16 208/415/16
f 199/416/16 200/417/16 170/418/16 169/419/16
f 171/408/21 214/411/21 179/420/21 177/421/21
f 213/422/24 172/423/24 170/424/24 200/425/24
f 180/426/16 178/427/16 182/428/16 184/429/16
f 169/404/1 171/407/1 177/430/1 178/431/1
f 214/432/135 199/433/135 180/434/136 179/435/136
f 199/416/16 169/419/16 178/427/16 180/426/16
f 183/436/137 184/437/137 188/438/138 187/439/138
f 177/421/21 179/420/21 183/440/21 181/441/21
f 179/435/136 180/434/136 184/442/137 183/443/137
f 178/431/1 177/430/1 181/444/1 182/445/1
f 188/446/16 186/447/16 190/448/16 192/449/16
f 182/445/1 181/444/1 185/450/1 186/451/1
f 184/429/16 182/428/16 186/447/16 188/446/16
f 181/441/21 183/440/21 187/452/21 185/453/21
f 189/454/21 191/455/21 195/456/21 193/457/21
f 185/453/21 187/452/21 191/455/21 189/454/21
f 187/439/138 188/438/138 192/458/139 191/459/139
f 186/451/1 185/450/1 189/460/1 190/461/1
f 193/462/73 195/463/73 196/464/73 194/465/73
f 191/459/139 192/458/139 196/466/140 195/467/140
f 190/461/1 189/460/1 193/468/1 194/469/1
f 192/449/16 190/448/16 194/470/16 196/471/16
f 197/472/141 176/473/141 223/474/141 221/475/141
f 216/476/142 173/477/143 199/478/144 214/479/145
f 174/480/146 215/481/147 213/482/148 200/483/149
f 173/477/143 174/480/146 200/483/149 199/478/144
f 204/484/21 203/485/21 211/486/21 212/487/21
f 173/488/150 216/489/150 206/490/150 207/491/150
f 215/492/151 174/493/151 208/494/151 205/495/151
f 216/496/21 215/497/21 205/498/21 206/499/21
f 201/500/152 202/501/152 206/502/152 205/503/152
f 202/501/152 203/504/152 207/505/152 206/502/152
f 204/506/152 201/500/152 205/503/152 208/507/152
f 203/504/152 204/506/152 208/507/152 207/505/152
f 210/508/152 209/509/152 212/510/152 211/511/152
f 203/512/151 202/513/151 210/514/151 211/515/151
f 201/516/150 204/517/150 212/518/150 209/519/150
f 202/520/16 201/521/16 209/522/16 210/523/16
f 197/524/153 198/525/154 214/479/145 213/482/148
f 175/526/155 176/527/156 215/481/147 216/476/142
f 176/527/156 197/524/153 213/482/148 215/481/147
f 198/525/154 175/526/155 216/476/142 214/479/145
f 220/528/157 218/529/157 226/530/157 228/531/157
f 198/532/158 197/533/158 221/534/158 222/535/158
f 175/536/159 198/537/159 222/538/159 224/539/159
f 176/540/160 175/541/160 224/542/160 223/543/160
f 217/544/161 218/545/162 222/546/163 221/547/164
f 220/548/165 219/549/166 223/550/167 224/551/168
f 219/549/166 217/544/161 221/547/164 223/550/167
f 218/545/162 220/548/165 224/551/168 222/546/163
f 227/552/169 228/553/169 226/554/169 225/555/169
f 219/556/170 220/557/170 228/558/170 227/559/170
f 217/560/171 219/561/171 227/562/171 225/563/171
f 218/564/172 217/565/172 225/566/172 226/567/172
f 229/568/173 230/569/173 232/570/173 231/571/173
f 231/572/174 232/573/174 234/574/174 233/575/174
f 233/575/175 234/574/175 236/576/175 235/577/175
f 235/578/176 236/579/176 238/580/176 237/581/176
f 237/581/177 238/580/177 240/582/177 239/583/177
f 239/584/178 240/585/178 242/586/178 241/587/178
f 232/588/179 230/589/179 244/590/179 242/591/179 240/592/179 238/593/179 236/594/179 234/595/179
f 241/587/180 242/586/180 244/596/180 243/597/180
f 243/598/181 244/599/181 230/569/181 229/568/181
f 229/600/182 231/601/182 233/602/182 235/603/182 237/604/182 239/605/182 241/606/182 243/607/182
f 245/608/173 246/609/173 248/610/173 247/611/173
f 247/612/174 248/613/174 250/614/174 249/615/174
f 249/615/175 250/614/175 252/616/175 251/617/175
f 251/618/176 252/619/176 254/620/176 253/621/176
f 253/621/177 254/620/177 256/622/177 255/623/177
f 255/624/178 256/625/178 258/626/178 257/627/178
f 248/628/179 246/629/179 260/630/179 258/631/179 256/632/179 254/633/179 252/634/179 250/635/179
f 257/627/180 258/626/180 260/636/180 259/637/180
f 259/638/181 260/639/181 246/609/181 245/608/181
f 245/640/182 247/641/182 249/642/182 251/643/182 253/644/182 255/645/182 257/646/182 259/647/182
f 261/648/183 262/649/183 264/650/183 263/651/183
f 263/652/184 264/653/184 266/654/184 265/655/184
f 265/655/185 266/654/185 268/656/185 267/657/185
f 267/658/186 268/659/186 270/660/186 269/661/186
f 269/661/187 270/660/187 272/662/187 271/663/187
f 271/664/188 272/665/188 274/666/188 273/667/188
f 264/668/179 262/669/179 276/670/179 274/671/179 272/672/179 270/673/179 268/674/179 266/675/179
f 273/667/189 274/666/189 276/676/189 275/677/189
f 275/678/190 276/679/190 262/649/190 261/648/190
f 261/680/182 263/681/182 265/682/182 267/683/182 269/684/182 271/685/182 273/686/182 275/687/182
f 277/688/183 278/689/183 280/690/183 279/691/183
f 279/692/184 280/693/184 282/694/184 281/695/184
f 281/695/185 282/694/185 284/696/185 283/697/185
f 283/698/186 284/699/186 286/700/186 285/701/186
f 285/701/187 286/700/187 288/702/187 287/703/187
f 287/704/188 288/705/188 290/706/188 289/707/188
f 280/708/179 278/709/179 292/710/179 290/711/179 288/712/179 286/713/179 284/714/179 282/715/179
f 289/707/189 290/706/189 292/716/189 291/717/189
f 291/718/190 292/719/190 278/689/190 277/688/190
f 277/720/182 279/721/182 281/722/182 283/723/182 285/724/182 287/725/182 289/726/182 291/727/182
f 293/728/183 294/729/183 296/730/183 295/731/183
f 295/732/184 296/733/184 298/734/184 297/735/184
f 297/735/185 298/734/185 300/736/185 299/737/185
f 299/738/186 300/739/186 302/740/186 301/741/186
f 301/741/187 302/740/187 304/742/187 303/743/187
f 303/744/188 304/745/188 306/746/188 305/747/188
f 296/748/179 294/749/179 308/750/179 306/751/179 304/752/179 302/753/179 300/754/179 298/755/179
f 305/747/189 306/746/189 308/756/189 307/757/189
f 307/758/190 308/759/190 294/729/190 293/728/190
f 293/760/182 295/761/182 297/762/182 299/763/182 301/764/182 303/765/182 305/766/182 307/767/182
f 322/13/10 315/369/191 317/768/191 323/769/192
f 323/770/193 317/771/194 316/10/7 321/41/23
f 325/27/14 309/23/17 311/772/195 326/773/196
f 326/774/197 311/775/198 310/370/198 324/16/13
f 318/14/11 322/13/10 323/769/192 320/776/199
f 320/777/200 323/770/193 321/41/23 319/778/22
f 312/779/15 325/27/14 326/773/196 314/780/201
f 314/781/202 326/774/197 324/16/13 313/15/12
f 331/390/121 310/782/203 311/783/204 332/784/205
f 332/785/206 311/772/206 309/23/17 330/26/20
f 315/786/207 327/389/120 329/787/208 317/788/209
f 317/771/210 329/789/210 328/11/8 316/10/7
f 327/389/120 333/392/123 335/790/211 329/787/208
f 329/787/208 335/790/211 334/7/4 328/6/3
f 330/395/126 336/396/127 338/791/212 332/784/205
f 332/784/205 338/791/212 337/391/122 331/390/121
f 333/392/123 340/400/131 341/402/133 335/790/211
f 335/790/211 341/402/133 339/397/128 334/7/4
f 336/396/127 343/401/132 344/403/134 338/791/212
f 338/791/212 344/403/134 342/399/130 337/391/122
f 315/786/207 310/782/203 331/390/121 327/389/120
f 345/792/173 346/793/173 348/794/173 347/795/173
f 347/796/174 348/797/174 350/798/174 349/799/174
f 349/799/175 350/798/175 352/800/175 351/801/175
f 351/802/176 352/803/176 354/804/176 353/805/176
f 353/805/177 354/804/177 356/806/177 355/807/177
f 355/808/178 356/809/178 358/810/178 357/811/178
f 348/812/179 346/813/179 360/814/179 358/815/179 356/816/179 354/817/179 352/818/179 350/819/179
f 357/811/180 358/810/180 360/820/180 359/821/180
f 359/822/181 360/823/181 346/793/181 345/792/181
f 345/824/182 347/825/182 349/826/182 351/827/182 353/828/182 355/829/182 357/830/182 359/831/182
f 361/832/173 362/833/173 364/834/173 363/835/173
f 363/836/174 364/837/174 366/838/174 365/839/174
f 365/839/175 366/838/175 368/840/175 367/841/175
f 367/842/176 368/843/176 370/844/176 369/845/176
f 369/845/177 370/844/177 372/846/177 371/847/177
f 371/848/178 372/849/178 374/850/178 373/851/178
f 364/852/179 362/853/179 376/854/179 374/855/179 372/856/179 370/857/179 368/858/179 366/859/179
f 373/851/180 374/850/180 376/860/180 375/861/180
f 375/862/181 376/863/181 362/833/181 361/832/181
f 361/864/182 363/865/182 365/866/182 367/867/182 369/868/182 371/869/182 373/870/182 375/871/182
f 377/872/173 378/873/173 380/874/173 379/875/173
f 379/876/174 380/877/174 382/878/174 381/879/174
f 381/879/175 382/878/175 384/880/175 383/881/175
f 383/882/176 384/883/176 386/884/176 385/885/176
f 385/885/177 386/884/177 388/886/177 387/887/177
f 387/888/178 388/889/178 390/890/178 389/891/178
f 380/892/179 378/893/179 392/894/179 390/895/179 388/896/179 386/897/179 384/898/179 382/899/179
f 389/891/180 390/890/180 392/900/180 391/901/180
f 391/902/181 392/903/181 378/873/181 377/872/181
f 377/904/182 379/905/182 381/906/182 383/907/182 385/908/182 387/909/182 389/910/182 391/911/182
f 393/912/173 394/913/173 396/914/173 395/915/173
f 395/916/174 396/917/174 398/918/174 397/919/174
f 397/919/175 398/918/175 400/920/175 399/921/175
f 399/922/176 400/923/176 402/924/176 401/925/176
f 401/925/177 402/924/177 404/926/177 403/927/177
f 403/928/178 404/929/178 406/930/178 405/931/178
f 396/932/179 394/933/179 408/934/179 406/935/179 404/936/179 402/937/179 400/938/179 398/939/179
f 405/931/180 406/930/180 408/940/180 407/941/180
f 407/942/181 408/943/181 394/913/181 393/912/181
f 393/944/182 395/945/182 397/946/182 399/947/182 401/948/182 403/949/182 405/950/182 407/951/182
f 412/952/1 411/953/1 409/954/1 410/955/1
f 410/956/213 409/957/21 416/958/21 415/959/213
f 415/960/36 416/961/36 414/962/36 413/963/36
f 413/964/214 414/965/16 411/966/16 412/967/214
f 410/956/213 415/959/213 419/968/215 417/969/215
f 416/970/24 409/971/24 411/972/24 414/973/24
f 420/974/216 418/975/216 422/976/217 424/977/217
f 415/960/36 413/963/36 420/978/36 419/979/36
f 412/952/1 410/955/1 417/980/1 418/981/1
f 413/964/214 412/967/214 418/975/216 420/974/216
f 423/982/36 424/983/36 428/984/36 427/985/36
f 417/969/215 419/968/215 423/986/218 421/987/218
f 419/979/36 420/978/36 424/983/36 423/982/36
f 418/981/1 417/980/1 421/988/1 422/989/1
f 425/990/73 427/991/73 428/992/73 426/993/73
f 422/989/1 421/988/1 425/994/1 426/995/1
f 424/977/217 422/976/217 426/996/16 428/997/16
f 421/987/218 423/986/218 427/998/21 425/999/21
f 432/1000/1 430/1001/1 429/1002/1 431/1003/1
f 430/1004/219 435/1005/219 436/1006/16 429/1007/16
f 435/1008/36 433/1009/36 434/1010/36 436/1011/36
f 433/1012/220 432/1013/220 431/1014/21 434/1015/21
f 430/1004/219 437/1016/221 439/1017/221 435/1005/219
f 436/1018/24 434/1019/24 431/1020/24 429/1021/24
f 440/1022/222 444/1023/223 442/1024/223 438/1025/222
f 435/1008/36 439/1026/36 440/1027/36 433/1009/36
f 432/1000/1 438/1028/1 437/1029/1 430/1001/1
f 433/1012/220 440/1022/222 438/1025/222 432/1013/220
f 443/1030/36 447/1031/36 448/1032/36 444/1033/36
f 437/1016/221 441/1034/224 443/1035/224 439/1017/221
f 439/1026/36 443/1030/36 444/1033/36 440/1027/36
f 438/1028/1 442/1036/1 441/1037/1 437/1029/1
f 445/1038/73 446/1039/73 448/1040/73 447/1041/73
f 442/1036/1 446/1042/1 445/1043/1 441/1037/1
f 444/1023/223 448/1044/21 446/1045/21 442/1024/223
f 441/1034/224 445/1046/16 447/1047/16 443/1035/224
f 481/1048/24 484/1049/24 483/1050/225 482/1051/225
f 482/1051/225 483/1050/225 486/1052/226 485/1053/226
f 485/1054/226 486/1055/226 488/1056/227 487/1057/227
f 487/1057/227 488/1056/227 490/1058/36 489/1059/36
f 489/1059/36 490/1058/36 492/1060/228 491/1061/228
f 491/1061/228 492/1060/228 494/1062/229 493/1063/229
f 493/1064/229 494/1065/229 496/1066/230 495/1067/230
f 495/1067/230 496/1066/230 498/1068/73 497/1069/73
f 497/1069/73 498/1068/73 500/1070/231 499/1071/231
f 499/1071/231 500/1070/231 502/1072/232 501/1073/232
f 501/1074/232 502/1075/232 504/1076/233 503/1077/233
f 503/1077/233 504/1076/233 506/1078/1 505/1079/1
f 505/1079/1 506/1078/1 508/1080/234 507/1081/234
f 507/1081/234 508/1080/234 510/1082/235 509/1083/235
f 460/1084/236 458/1085/36 522/1086/36 524/1087/236
f 509/1088/235 510/1089/235 512/1090/237 511/1091/237
f 511/1091/237 512/1090/237 484/1049/24 481/1048/24
f 471/1092/233 473/1093/1 537/1094/1 535/1095/233
f 451/1096/21 449/1097/21 481/1098/21 482/1099/21
f 450/1100/16 452/1101/16 483/1102/16 484/1103/16
f 453/1104/21 451/1096/21 482/1099/21 485/1105/21
f 452/1101/16 454/1106/16 486/1107/16 483/1102/16
f 455/1108/21 453/1104/21 485/1105/21 487/1109/21
f 454/1106/16 456/1110/16 488/1111/16 486/1107/16
f 457/1112/21 455/1108/21 487/1109/21 489/1113/21
f 456/1110/16 458/1114/16 490/1115/16 488/1111/16
f 459/1116/21 457/1112/21 489/1113/21 491/1117/21
f 458/1114/16 460/1118/16 492/1119/16 490/1115/16
f 461/1120/21 459/1116/21 491/1117/21 493/1121/21
f 460/1118/16 462/1122/16 494/1123/16 492/1119/16
f 463/1124/21 461/1120/21 493/1121/21 495/1125/21
f 462/1122/16 464/1126/16 496/1127/16 494/1123/16
f 465/1128/21 463/1124/21 495/1125/21 497/1129/21
f 464/1126/16 466/1130/16 498/1131/16 496/1127/16
f 467/1132/21 465/1128/21 497/1129/21 499/1133/21
f 466/1130/16 468/1134/16 500/1135/16 498/1131/16
f 469/1136/21 467/1132/21 499/1133/21 501/1137/21
f 468/1134/16 470/1138/16 502/1139/16 500/1135/16
f 471/1140/21 469/1136/21 501/1137/21 503/1141/21
f 470/1138/16 472/1142/16 504/1143/16 502/1139/16
f 473/1144/21 471/1140/21 503/1141/21 505/1145/21
f 472/1142/16 474/1146/16 506/1147/16 504/1143/16
f 475/1148/21 473/1144/21 505/1145/21 507/1149/21
f 474/1146/16 476/1150/16 508/1151/16 506/1147/16
f 477/1152/21 475/1148/21 507/1149/21 509/1153/21
f 476/1150/16 478/1154/16 510/1155/16 508/1151/16
f 479/1156/21 477/1152/21 509/1153/21 511/1157/21
f 478/1154/16 480/1158/16 512/1159/16 510/1155/16
f 449/1097/21 479/1156/21 511/1157/21 481/1098/21
f 480/1158/16 450/1100/16 484/1103/16 512/1159/16
f 515/1160/16 516/1161/16 544/1162/16 542/1163/16 540/1164/16 538/1165/16 536/1166/16 534/1167/16 532/1168/16 530/1169/16 528/1170/16 526/1171/16 524/1172/16 522/1173/16 520/1174/16 518/1175/16
f 513/1176/21 514/1177/21 517/1178/21 519/1179/21 521/1180/21 523/1181/21 525/1182/21 527/1183/21 529/1184/21 531/1185/21 533/1186/21 535/1187/21 537/1188/21 539/1189/21 541/1190/21 543/1191/21
f 474/1192/1 472/1193/233 536/1194/233 538/1195/1
f 459/1196/236 461/1197/229 525/1198/229 523/1199/236
f 473/1093/1 475/1200/238 539/1201/238 537/1094/1
f 462/1202/229 460/1084/236 524/1087/236 526/1203/229
f 476/1204/238 474/1192/1 538/1195/1 540/1205/238
f 461/1206/229 463/1207/230 527/1208/230 525/1209/229
f 475/1200/238 477/1210/235 541/1211/235 539/1201/238
f 464/1212/230 462/1213/229 526/1214/229 528/1215/230
f 449/1216/24 451/1217/225 514/1218/225 513/1219/24
f 478/1220/235 476/1204/238 540/1205/238 542/1221/235
f 463/1207/230 465/1222/73 529/1223/73 527/1208/230
f 452/1224/225 450/1225/24 516/1226/24 515/1227/225
f 477/1228/235 479/1229/237 543/1230/237 541/1231/235
f 466/1232/73 464/1212/230 528/1215/230 530/1233/73
f 451/1217/225 453/1234/226 517/1235/226 514/1218/225
f 480/1236/237 478/1237/235 542/1238/235 544/1239/237
f 465/1222/73 467/1240/231 531/1241/231 529/1223/73
f 454/1242/226 452/1224/225 515/1227/225 518/1243/226
f 479/1229/237 449/1216/24 513/1219/24 543/1230/237
f 468/1244/231 466/1232/73 530/1233/73 532/1245/231
f 453/1246/226 455/1247/239 519/1248/239 517/1249/226
f 450/1225/24 480/1236/237 544/1239/237 516/1226/24
f 467/1240/231 469/1250/232 533/1251/232 531/1241/231
f 456/1252/239 454/1253/226 518/1254/226 520/1255/239
f 470/1256/232 468/1244/231 532/1245/231 534/1257/232
f 455/1247/239 457/1258/36 521/1259/36 519/1248/239
f 469/1260/232 471/1092/233 535/1095/233 533/1261/232
f 458/1085/36 456/1252/239 520/1255/239 522/1086/36
f 472/1193/233 470/1262/232 534/1263/232 536/1194/233
f 457/1258/36 459/1196/236 523/1199/236 521/1259/36
f 548/1264/1 547/1265/1 545/1266/1 546/1267/1
f 546/1268/213 545/1269/21 552/1270/21 551/1271/213
f 551/1272/36 552/1273/36 550/1274/36 549/1275/36
f 549/1276/214 550/1277/16 547/1278/16 548/1279/214
f 546/1268/213 551/1271/213 555/1280/215 553/1281/215
f 552/1282/24 545/1283/24 547/1284/24 550/1285/24
f 556/1286/216 554/1287/216 558/1288/217 560/1289/217
f 551/1272/36 549/1275/36 556/1290/36 555/1291/36
f 548/1264/1 546/1267/1 553/1292/1 554/1293/1
f 549/1276/214 548/1279/214 554/1287/216 556/1286/216
f 559/1294/36 560/1295/36 564/1296/36 563/1297/36
f 553/1281/215 555/1280/215 559/1298/218 557/1299/218
f 555/1291/36 556/1290/36 560/1295/36 559/1294/36
f 554/1293/1 553/1292/1 557/1300/1 558/1301/1
f 561/1302/73 563/1303/73 564/1304/73 562/1305/73
f 558/1301/1 557/1300/1 561/1306/1 562/1307/1
f 560/1289/217 558/1288/217 562/1308/16 564/1309/16
f 557/1299/218 559/1298/218 563/1310/21 561/1311/21
f 568/1312/1 566/1313/1 565/1314/1 567/1315/1
f 566/1316/219 571/1317/219 572/1318/16 565/1319/16
f 571/1320/36 569/1321/36 570/1322/36 572/1323/36
f 569/1324/220 568/1325/220 567/1326/21 570/1327/21
f 566/1316/219 573/1328/221 575/1329/221 571/1317/219
f 572/1330/24 570/1331/24 567/1332/24 565/1333/24
f 576/1334/222 580/1335/223 578/1336/223 574/1337/222
f 571/1320/36 575/1338/36 576/1339/36 569/1321/36
f 568/1312/1 574/1340/1 573/1341/1 566/1313/1
f 569/1324/220 576/1334/222 574/1337/222 568/1325/220
f 579/1342/36 583/1343/36 584/1344/36 580/1345/36
f 573/1328/221 577/1346/224 579/1347/224 575/1329/221
f 575/1338/36 579/1342/36 580/1345/36 576/1339/36
f 574/1340/1 578/1348/1 577/1349/1 573/1341/1
f 581/1350/73 582/1351/73 584/1352/73 583/1353/73
f 578/1348/1 582/1354/1 581/1355/1 577/1349/1
f 580/1335/223 584/1356/21 582/1357/21 578/1336/223
f 577/1346/224 581/1358/16 583/1359/16 579/1347/224
f 617/1360/24 620/1361/24 619/1362/225 618/1363/225
f 618/1363/225 619/1362/225 622/1364/226 621/1365/226
f 621/1366/226 622/1367/226 624/1368/239 623/1369/239
f 623/1369/239 624/1368/239 626/1370/36 625/1371/36
f 625/1371/36 626/1370/36 628/1372/236 627/1373/236
f 627/1373/236 628/1372/236 630/1374/229 629/1375/229
f 629/1376/229 630/1377/229 632/1378/230 631/1379/230
f 631/1379/230 632/1378/230 634/1380/73 633/1381/73
f 633/1381/73 634/1380/73 636/1382/231 635/1383/231
f 635/1383/231 636/1382/231 638/1384/232 637/1385/232
f 637/1386/232 638/1387/232 640/1388/233 639/1389/233
f 639/1389/233 640/1388/233 642/1390/1 641/1391/1
f 641/1391/1 642/1390/1 644/1392/234 643/1393/234
f 643/1393/234 644/1392/234 646/1394/235 645/1395/235
f 596/1396/228 594/1397/36 658/1398/36 660/1399/228
f 645/1400/235 646/1401/235 648/1402/237 647/1403/237
f 647/1403/237 648/1402/237 620/1361/24 617/1360/24
f 607/1404/233 609/1405/1 673/1406/1 671/1407/233
f 587/1408/21 585/1409/21 617/1410/21 618/1411/21
f 586/1412/16 588/1413/16 619/1414/16 620/1415/16
f 589/1416/21 587/1408/21 618/1411/21 621/1417/21
f 588/1413/16 590/1418/16 622/1419/16 619/1414/16
f 591/1420/21 589/1416/21 621/1417/21 623/1421/21
f 590/1418/16 592/1422/16 624/1423/16 622/1419/16
f 593/1424/21 591/1420/21 623/1421/21 625/1425/21
f 592/1422/16 594/1426/16 626/1427/16 624/1423/16
f 595/1428/21 593/1424/21 625/1425/21 627/1429/21
f 594/1426/16 596/1430/16 628/1431/16 626/1427/16
f 597/1432/21 595/1428/21 627/1429/21 629/1433/21
f 596/1430/16 598/1434/16 630/1435/16 628/1431/16
f 599/1436/21 597/1432/21 629/1433/21 631/1437/21
f 598/1434/16 600/1438/16 632/1439/16 630/1435/16
f 601/1440/21 599/1436/21 631/1437/21 633/1441/21
f 600/1438/16 602/1442/16 634/1443/16 632/1439/16
f 603/1444/21 601/1440/21 633/1441/21 635/1445/21
f 602/1442/16 604/1446/16 636/1447/16 634/1443/16
f 605/1448/21 603/1444/21 635/1445/21 637/1449/21
f 604/1446/16 606/1450/16 638/1451/16 636/1447/16
f 607/1452/21 605/1448/21 637/1449/21 639/1453/21
f 606/1450/16 608/1454/16 640/1455/16 638/1451/16
f 609/1456/21 607/1452/21 639/1453/21 641/1457/21
f 608/1454/16 610/1458/16 642/1459/16 640/1455/16
f 611/1460/21 609/1456/21 641/1457/21 643/1461/21
f 610/1458/16 612/1462/16 644/1463/16 642/1459/16
f 613/1464/21 611/1460/21 643/1461/21 645/1465/21
f 612/1462/16 614/1466/16 646/1467/16 644/1463/16
f 615/1468/21 613/1464/21 645/1465/21 647/1469/21
f 614/1466/16 616/1470/16 648/1471/16 646/1467/16
f 585/1409/21 615/1468/21 647/1469/21 617/1410/21
f 616/1470/16 586/1412/16 620/1415/16 648/1471/16
f 651/1472/16 652/1473/16 680/1474/16 678/1475/16 676/1476/16 674/1477/16 672/1478/16 670/1479/16 668/1480/16 666/1481/16 664/1482/16 662/1483/16 660/1484/16 658/1485/16 656/1486/16 654/1487/16
f 649/1488/21 650/1489/21 653/1490/21 655/1491/21 657/1492/21 659/1493/21 661/1494/21 663/1495/21 665/1496/21 667/1497/21 669/1498/21 671/1499/21 673/1500/21 675/1501/21 677/1502/21 679/1503/21
f 610/1504/1 608/1505/233 672/1506/233 674/1507/1
f 595/1508/228 597/1509/229 661/1510/229 659/1511/228
f 609/1405/1 611/1512/238 675/1513/238 673/1406/1
f 598/1514/229 596/1396/228 660/1399/228 662/1515/229
f 612/1516/234 610/1504/1 674/1507/1 676/1517/234
f 597/1518/229 599/1519/230 663/1520/230 661/1521/229
f 611/1512/238 613/1522/235 677/1523/235 675/1513/238
f 600/1524/230 598/1525/229 662/1526/229 664/1527/230
f 585/1528/24 587/1529/225 650/1530/225 649/1531/24
f 614/1532/235 612/1516/234 676/1517/234 678/1533/235
f 599/1519/230 601/1534/73 665/1535/73 663/1520/230
f 588/1536/225 586/1537/24 652/1538/24 651/1539/225
f 613/1540/235 615/1541/237 679/1542/237 677/1543/235
f 602/1544/73 600/1524/230 664/1527/230 666/1545/73
f 587/1529/225 589/1546/226 653/1547/226 650/1530/225
f 616/1548/237 614/1549/235 678/1550/235 680/1551/237
f 601/1534/73 603/1552/231 667/1553/231 665/1535/73
f 590/1554/226 588/1536/225 651/1539/225 654/1555/226
f 615/1541/237 585/1528/24 649/1531/24 679/1542/237
f 604/1556/231 602/1544/73 666/1545/73 668/1557/231
f 589/1558/226 591/1559/227 655/1560/227 653/1561/226
f 586/1537/24 616/1548/237 680/1551/237 652/1538/24
f 603/1552/231 605/1562/232 669/1563/232 667/1553/231
f 592/1564/227 590/1565/226 654/1566/226 656/1567/227
f 606/1568/232 604/1556/231 668/1557/231 670/1569/232
f 591/1559/227 593/1570/36 657/1571/36 655/1560/227
f 605/1572/232 607/1404/233 671/1407/233 669/1573/232
f 594/1397/36 592/1564/227 656/1567/227 658/1398/36
f 608/1505/233 606/1574/232 670/1575/232 672/1506/233
f 593/1570/36 595/1508/228 659/1511/228 657/1571/36
f 684/1576/1 682/1577/1 681/1578/1 683/1579/1
f 682/1580/219 687/1581/219 688/1582/16 681/1583/16
f 687/1584/36 685/1585/36 686/1586/36 688/1587/36
f 685/1588/220 684/1589/220 683/1590/21 686/1591/21
f 682/1580/219 689/1592/221 691/1593/221 687/1581/219
f 688/1594/24 686/1595/24 683/1596/24 681/1597/24
f 692/1598/222 696/1599/223 694/1600/223 690/1601/222
f 687/1584/36 691/1602/36 692/1603/36 685/1585/36
f 684/1576/1 690/1604/1 689/1605/1 682/1577/1
f 685/1588/220 692/1598/222 690/1601/222 684/1589/220
f 695/1606/36 699/1607/36 700/1608/36 696/1609/36
f 689/1592/221 693/1610/224 695/1611/224 691/1593/221
f 691/1602/36 695/1606/36 696/1609/36 692/1603/36
f 690/1604/1 694/1612/1 693/1613/1 689/1605/1
f 697/1614/73 698/1615/73 700/1616/73 699/1617/73
f 694/1612/1 698/1618/1 697/1619/1 693/1613/1
f 696/1599/223 700/1620/21 698/1621/21 694/1600/223
f 693/1610/224 697/1622/16 699/1623/16 695/1611/224
f 704/1624/1 703/1625/1 701/1626/1 702/1627/1
f 702/1628/213 701/1629/21 708/1630/21 707/1631/213
f 707/1632/36 708/1633/36 706/1634/36 705/1635/36
f 705/1636/214 706/1637/16 703/1638/16 704/1639/214
f 702/1628/213 707/1631/213 711/1640/215 709/1641/215
f 708/1642/24 701/1643/24 703/1644/24 706/1645/24
f 712/1646/216 710/1647/216 714/1648/217 716/1649/217
f 707/1632/36 705/1635/36 712/1650/36 711/1651/36
f 704/1624/1 702/1627/1 709/1652/1 710/1653/1
f 705/1636/214 704/1639/214 710/1647/216 712/1646/216
f 715/1654/36 716/1655/36 720/1656/36 719/1657/36
f 709/1641/215 711/1640/215 715/1658/218 713/1659/218
f 711/1651/36 712/1650/36 716/1655/36 715/1654/36
f 710/1653/1 709/1652/1 713/1660/1 714/1661/1
f 717/1662/73 719/1663/73 720/1664/73 718/1665/73
f 714/1661/1 713/1660/1 717/1666/1 718/1667/1
f 716/1649/217 714/1648/217 718/1668/16 720/1669/16
f 713/1659/218 715/1658/218 719/1670/21 717/1671/21
f 753/1672/24 754/1673/225 755/1674/225 756/1675/24
f 754/1673/225 757/1676/226 758/1677/226 755/1674/225
f 757/1678/226 759/1679/239 760/1680/239 758/1681/226
f 759/1679/239 761/1682/36 762/1683/36 760/1680/239
f 761/1682/36 763/1684/236 764/1685/236 762/1683/36
f 763/1684/236 765/1686/229 766/1687/229 764/1685/236
f 765/1688/229 767/1689/230 768/1690/230 766/1691/229
f 767/1689/230 769/1692/73 770/1693/73 768/1690/230
f 769/1692/73 771/1694/231 772/1695/231 770/1693/73
f 771/1694/231 773/1696/232 774/1697/232 772/1695/231
f 773/1698/232 775/1699/233 776/1700/233 774/1701/232
f 775/1699/233 777/1702/1 778/1703/1 776/1700/233
f 777/1702/1 779/1704/234 780/1705/234 778/1703/1
f 779/1704/234 781/1706/235 782/1707/235 780/1705/234
f 732/1708/228 796/1709/228 794/1710/36 730/1711/36
f 781/1712/235 783/1713/237 784/1714/237 782/1715/235
f 783/1713/237 753/1672/24 756/1675/24 784/1714/237
f 743/1716/233 807/1717/233 809/1718/1 745/1719/1
f 723/1720/16 754/1721/16 753/1722/16 721/1723/16
f 722/1724/21 756/1725/21 755/1726/21 724/1727/21
f 725/1728/16 757/1729/16 754/1721/16 723/1720/16
f 724/1727/21 755/1726/21 758/1730/21 726/1731/21
f 727/1732/16 759/1733/16 757/1729/16 725/1728/16
f 726/1731/21 758/1730/21 760/1734/21 728/1735/21
f 729/1736/16 761/1737/16 759/1733/16 727/1732/16
f 728/1735/21 760/1734/21 762/1738/21 730/1739/21
f 731/1740/16 763/1741/16 761/1737/16 729/1736/16
f 730/1739/21 762/1738/21 764/1742/21 732/1743/21
f 733/1744/16 765/1745/16 763/1741/16 731/1740/16
f 732/1743/21 764/1742/21 766/1746/21 734/1747/21
f 735/1748/16 767/1749/16 765/1745/16 733/1744/16
f 734/1747/21 766/1746/21 768/1750/21 736/1751/21
f 737/1752/16 769/1753/16 767/1749/16 735/1748/16
f 736/1751/21 768/1750/21 770/1754/21 738/1755/21
f 739/1756/16 771/1757/16 769/1753/16 737/1752/16
f 738/1755/21 770/1754/21 772/1758/21 740/1759/21
f 741/1760/16 773/1761/16 771/1757/16 739/1756/16
f 740/1759/21 772/1758/21 774/1762/21 742/1763/21
f 743/1764/16 775/1765/16 773/1761/16 741/1760/16
f 742/1763/21 774/1762/21 776/1766/21 744/1767/21
f 745/1768/16 777/1769/16 775/1765/16 743/1764/16
f 744/1767/21 776/1766/21 778/1770/21 746/1771/21
f 747/1772/16 779/1773/16 777/1769/16 745/1768/16
f 746/1771/21 778/1770/21 780/1774/21 748/1775/21
f 749/1776/16 781/1777/16 779/1773/16 747/1772/16
f 748/1775/21 780/1774/21 782/1778/21 750/1779/21
f 751/1780/16 783/1781/16 781/1777/16 749/1776/16
f 750/1779/21 782/1778/21 784/1782/21 752/1783/21
f 721/1723/16 753/1722/16 783/1781/16 751/1780/16
f 752/1783/21 784/1782/21 756/1725/21 722/1724/21
f 787/1784/21 790/1785/21 792/1786/21 794/1787/21 796/1788/21 798/1789/21 800/1790/21 802/1791/21 804/1792/21 806/1793/21 808/1794/21 810/1795/21 812/1796/21 814/1797/21 816/1798/21 788/1799/21
f 785/1800/16 815/1801/16 813/1802/16 811/1803/16 809/1804/16 807/1805/16 805/1806/16 803/1807/16 801/1808/16 799/1809/16 797/1810/16 795/1811/16 793/1812/16 791/1813/16 789/1814/16 786/1815/16
f 746/1816/1 810/1817/1 808/1818/233 744/1819/233
f 731/1820/228 795/1821/228 797/1822/229 733/1823/229
f 745/1719/1 809/1718/1 811/1824/238 747/1825/238
f 734/1826/229 798/1827/229 796/1709/228 732/1708/228
f 748/1828/234 812/1829/234 810/1817/1 746/1816/1
f 733/1830/229 797/1831/229 799/1832/230 735/1833/230
f 747/1825/238 811/1824/238 813/1834/235 749/1835/235
f 736/1836/230 800/1837/230 798/1838/229 734/1839/229
f 721/1840/24 785/1841/24 786/1842/225 723/1843/225
f 750/1844/235 814/1845/235 812/1829/234 748/1828/234
f 735/1833/230 799/1832/230 801/1846/73 737/1847/73
f 724/1848/225 787/1849/225 788/1850/24 722/1851/24
f 749/1852/235 813/1853/235 815/1854/237 751/1855/237
f 738/1856/73 802/1857/73 800/1837/230 736/1836/230
f 723/1843/225 786/1842/225 789/1858/226 725/1859/226
f 752/1860/237 816/1861/237 814/1862/235 750/1863/235
f 737/1847/73 801/1846/73 803/1864/231 739/1865/231
f 726/1866/226 790/1867/226 787/1849/225 724/1848/225
f 751/1855/237 815/1854/237 785/1841/24 721/1840/24
f 740/1868/231 804/1869/231 802/1857/73 738/1856/73
f 725/1870/226 789/1871/226 791/1872/227 727/1873/227
f 722/1851/24 788/1850/24 816/1861/237 752/1860/237
f 739/1865/231 803/1864/231 805/1874/232 741/1875/232
f 728/1876/227 792/1877/227 790/1878/226 726/1879/226
f 742/1880/232 806/1881/232 804/1869/231 740/1868/231
f 727/1873/227 791/1872/227 793/1882/36 729/1883/36
f 741/1884/232 805/1885/232 807/1717/233 743/1716/233
f 730/1711/36 794/1710/36 792/1877/227 728/1876/227
f 744/1819/233 808/1818/233 806/1886/232 742/1887/232
f 729/1883/36 793/1882/36 795/1821/228 731/1820/228
f 1020/1888/240 1666/1889/241 2195/1890/242 1689/1891/243
f 1666/1889/241 990/1892/244 1446/1893/245 2195/1890/242
f 2195/1894/246 1446/1895/247 828/1896/248 1641/1897/249
f 1689/1898/250 2195/1894/246 1641/1897/249 999/1899/251
f 958/1900/252 1551/1901/253 2196/1902/21 1593/1903/21
f 1551/1901/253 820/1904/254 1268/1905/255 2196/1902/21
f 2196/1902/21 1268/1905/255 824/1906/256 1552/1907/257
f 1593/1903/21 2196/1902/21 1552/1907/257 959/1908/258
f 987/1909/259 1617/1910/260 2197/1911/261 1637/1912/262
f 1617/1910/260 877/1913/263 1385/1914/264 2197/1911/261
f 2197/1911/261 1385/1914/264 885/1915/265 1620/1916/266
f 1637/1912/262 2197/1911/261 1620/1916/266 991/1917/267
f 960/1918/268 1553/1919/269 2198/1920/16 1592/1921/16
f 1553/1919/269 822/1922/270 1272/1923/271 2198/1920/16
f 2198/1920/16 1272/1923/271 818/1924/272 1265/1925/273
f 1592/1921/16 2198/1920/16 1265/1925/273 957/1926/274
f 996/1927/275 1636/1928/276 2199/1929/277 1591/1930/278
f 1636/1928/276 988/1931/279 1432/1932/280 2199/1929/277
f 2199/1929/277 1432/1932/280 862/1933/281 1420/1934/282
f 1591/1930/278 2199/1929/277 1420/1934/282 970/1935/283
f 969/1936/284 1566/1937/285 2200/1938/286 1590/1939/287
f 1566/1937/285 861/1940/288 1435/1941/289 2200/1938/286
f 2200/1938/286 1435/1941/289 864/1942/290 1422/1943/291
f 1590/1939/287 2200/1938/286 1422/1943/291 972/1944/292
f 999/1899/251 1641/1897/249 2201/1945/16 1688/1946/16
f 1641/1897/249 828/1896/248 1277/1947/16 2201/1945/16
f 2201/1945/16 1277/1947/16 825/1948/293 1273/1949/16
f 1688/1946/16 2201/1945/16 1273/1949/16 1000/1950/16
f 997/1951/21 1639/1952/21 2202/1953/21 1687/1954/21
f 1639/1952/21 826/1955/294 1278/1956/21 2202/1953/21
f 2202/1953/21 1278/1956/21 827/1957/295 1640/1958/296
f 1687/1954/21 2202/1953/21 1640/1958/296 998/1959/297
f 997/1951/21 1266/1960/21 2203/1961/21 1686/1962/21
f 1266/1960/21 819/1963/21 1281/1964/21 2203/1961/21
f 2203/1961/21 1281/1964/21 829/1965/21 1279/1966/21
f 1686/1962/21 2203/1961/21 1279/1966/21 1001/1967/21
f 991/1917/267 1620/1916/266 2204/1968/298 1635/1969/299
f 1620/1916/266 885/1915/265 1362/1970/300 2204/1968/298
f 2204/1968/298 1362/1970/300 894/1971/301 1622/1972/302
f 1635/1969/299 2204/1968/298 1622/1972/302 992/1973/303
f 1000/1950/16 1273/1949/16 2205/1974/16 1685/1975/16
f 1273/1949/16 825/1948/293 1283/1976/304 2205/1974/16
f 2205/1974/16 1283/1976/304 832/1977/305 1280/1978/16
f 1685/1975/16 2205/1974/16 1280/1978/16 1002/1979/16
f 2206/1980/306 1430/1981/307 821/1982/307 1271/1983/308
f 1429/1984/309 2206/1980/306 1271/1983/308 817/1985/309
f 1001/1967/21 1279/1966/21 2207/1986/21 1684/1987/21
f 1279/1966/21 829/1965/21 1288/1988/21 2207/1986/21
f 2207/1986/21 1288/1988/21 833/1989/21 1285/1990/21
f 1684/1987/21 2207/1986/21 1285/1990/21 1003/1991/21
f 1002/1979/16 1280/1978/16 2208/1992/16 1683/1993/16
f 1280/1978/16 832/1977/305 1290/1994/310 2208/1992/16
f 2208/1992/16 1290/1994/310 836/1995/311 1286/1996/16
f 1683/1993/16 2208/1992/16 1286/1996/16 1004/1997/16
f 1006/1998/16 1293/1999/16 2209/2000/16 1682/2001/16
f 1293/1999/16 840/2002/312 1303/2003/313 2209/2000/16
f 2209/2000/16 1303/2003/313 844/2004/314 1301/2005/315
f 1682/2001/16 2209/2000/16 1301/2005/315 1008/2006/316
f 1003/1991/21 1285/1990/21 2210/2007/21 1681/2008/21
f 1285/1990/21 833/1989/21 1297/2009/21 2210/2007/21
f 2210/2007/21 1297/2009/21 837/2010/21 1292/2011/21
f 1681/2008/21 2210/2007/21 1292/2011/21 1005/2012/21
f 1004/1997/16 1286/1996/16 2211/2013/16 1680/2014/16
f 1286/1996/16 836/1995/311 1296/2015/317 2211/2013/16
f 2211/2013/16 1296/2015/317 840/2002/312 1293/1999/16
f 1680/2014/16 2211/2013/16 1293/1999/16 1006/1998/16
f 992/1973/303 1622/1972/302 2212/2016/318 1634/2017/319
f 1622/1972/302 894/1971/301 1376/2018/320 2212/2016/318
f 2212/2016/318 1376/2018/320 901/2019/321 1624/2020/322
f 1634/2017/319 2212/2016/318 1624/2020/322 993/2021/323
f 1013/2022/324 1655/2023/325 2213/2024/326 1679/2025/327
f 1655/2023/325 913/2026/328 1468/2027/329 2213/2024/326
f 2213/2024/326 1468/2027/329 916/2028/330 1358/2029/331
f 1679/2025/327 2213/2024/326 1358/2029/331 1016/2030/332
f 993/2021/323 1624/2020/322 2214/2031/333 1633/2032/334
f 1624/2020/322 901/2019/321 1338/2033/335 2214/2031/333
f 2214/2031/333 1338/2033/335 910/2034/336 1626/2035/337
f 1633/2032/334 2214/2031/333 1626/2035/337 994/2036/338
f 1018/2037/339 1664/2038/340 2215/2039/341 1678/2040/342
f 1664/2038/340 984/2041/343 1602/2042/344 2215/2039/341
f 2215/2043/345 1602/2044/346 843/2045/347 1649/2046/348
f 1678/2047/349 2215/2043/345 1649/2046/348 1007/2048/350
f 1005/2012/21 1292/2011/21 2216/2049/21 1677/2050/21
f 1292/2011/21 837/2010/21 1305/2051/21 2216/2049/21
f 2216/2049/21 1305/2051/21 841/2052/351 1300/2053/352
f 1677/2050/21 2216/2049/21 1300/2053/352 1007/2048/350
f 902/2054/353 1460/2055/354 2217/2056/355 1336/2057/356
f 1460/2055/354 903/2058/357 1342/2059/358 2217/2056/355
f 2217/2056/355 1342/2059/358 912/2060/359 1466/2061/360
f 1336/2057/356 2217/2056/355 1466/2061/360 909/2062/361
f 904/2063/353 1461/2064/354 2218/2065/355 1340/2066/356
f 1461/2064/354 905/2067/357 1346/2068/358 2218/2065/355
f 2218/2065/355 1346/2068/358 914/2069/359 1467/2070/360
f 1340/2066/356 2218/2065/355 1467/2070/360 911/2071/361
f 906/2072/353 1462/2073/354 2219/2074/355 1344/2075/356
f 1462/2073/354 907/2076/357 1350/2077/358 2219/2074/355
f 2219/2074/355 1350/2077/358 916/2078/359 1468/2079/360
f 1344/2075/356 2219/2074/355 1468/2079/360 913/2080/361
f 983/2081/362 1601/2082/363 2220/2083/364 1614/2084/365
f 1601/2082/363 839/2085/366 1306/2086/367 2220/2083/364
f 2220/2083/364 1306/2086/367 843/2045/347 1602/2044/346
f 1614/2084/365 2220/2083/364 1602/2044/346 984/2087/368
f 1623/2088/369 838/2089/369 1304/2090/370 2221/2091/371
f 2221/2091/371 1304/2090/370 842/2092/372 1625/2093/372
f 965/2094/373 1318/2095/374 2222/2096/375 1589/2097/376
f 1318/2095/374 859/2098/377 1302/2099/378 2222/2096/375
f 2222/2096/375 1302/2099/378 860/2100/379 1560/2101/380
f 1589/2097/376 2222/2096/375 1560/2101/380 967/2102/381
f 1019/2103/382 1665/2104/383 2223/2105/384 1676/2106/385
f 1665/2104/383 994/2107/386 1626/2108/387 2223/2105/384
f 2223/2105/384 1626/2108/387 910/2109/388 1352/2110/389
f 1676/2106/385 2223/2105/384 1352/2110/389 1010/2111/390
f 1009/2112/324 1651/2113/391 2224/2114/326 1675/2115/327
f 1651/2113/391 909/2116/392 1466/2117/329 2224/2114/326
f 2224/2114/326 1466/2117/329 912/2118/393 1354/2119/394
f 1675/2115/327 2224/2114/326 1354/2119/394 1012/2120/332
f 1011/2121/324 1653/2122/325 2225/2123/326 1674/2124/327
f 1653/2122/325 911/2125/328 1467/2126/329 2225/2123/326
f 2225/2123/326 1467/2126/329 914/2127/393 1356/2128/394
f 1674/2124/327 2225/2123/326 1356/2128/394 1014/2129/332
f 1621/2130/395 834/2131/395 1298/2132/396 2226/2133/397
f 2226/2133/397 1298/2132/396 838/2089/369 1623/2088/369
f 886/2134/398 1448/2135/399 2227/2136/400 1360/2137/401
f 1448/2135/399 887/2138/402 1366/2139/403 2227/2136/400
f 2227/2136/400 1366/2139/403 896/2140/404 1454/2141/405
f 1360/2137/401 2227/2136/400 1454/2141/405 893/2142/406
f 888/2143/398 1449/2144/399 2228/2145/400 1364/2146/401
f 1449/2144/399 889/2147/402 1370/2148/403 2228/2145/400
f 2228/2145/400 1370/2148/403 898/2149/404 1455/2150/405
f 1364/2146/401 2228/2145/400 1455/2150/405 895/2151/406
f 890/2152/398 1450/2153/399 2229/2154/400 1368/2155/401
f 1450/2153/399 891/2156/402 1374/2157/403 2229/2154/400
f 2229/2154/400 1374/2157/403 900/2158/404 1456/2159/405
f 1368/2155/401 2229/2154/400 1456/2159/405 897/2160/406
f 981/2161/407 1599/2162/408 2230/2163/409 1613/2164/410
f 1599/2165/411 831/2166/412 1289/2167/413 2230/2168/414
f 2230/2168/414 1289/2167/413 835/2169/415 1600/2170/416
f 1613/2164/410 2230/2163/409 1600/2171/417 982/2172/418
f 893/2142/406 1454/2141/405 2231/2173/419 1375/2174/420
f 1454/2141/405 896/2140/404 1378/2175/421 2231/2173/419
f 2231/2173/419 1378/2175/421 903/2058/357 1460/2055/354
f 1375/2174/420 2231/2173/419 1460/2055/354 902/2054/353
f 895/2151/406 1455/2150/405 2232/2176/419 1377/2177/420
f 1455/2150/405 898/2149/404 1380/2178/421 2232/2176/419
f 2232/2176/419 1380/2178/421 905/2067/357 1461/2064/354
f 1377/2177/420 2232/2176/419 1461/2064/354 904/2063/353
f 897/2160/406 1456/2159/405 2233/2179/419 1379/2180/420
f 1456/2159/405 900/2158/404 1382/2181/421 2233/2179/419
f 2233/2179/419 1382/2181/421 907/2076/357 1462/2073/354
f 1379/2180/420 2233/2179/419 1462/2073/354 906/2072/353
f 982/2182/418 1600/2170/417 2234/2183/422 1612/2184/423
f 1600/2170/416 835/2169/415 1295/2185/424 2234/2183/422
f 2234/2183/422 1295/2185/424 839/2085/366 1601/2082/363
f 1612/2184/423 2234/2183/422 1601/2082/363 983/2081/362
f 1429/1984/309 817/1985/309 1284/2186/425 2235/2187/425
f 2235/2187/425 1284/2186/425 830/2188/426 1616/2189/426
f 878/2190/427 1434/2191/427 2236/2192/428 1384/2193/429
f 1434/2191/430 879/2194/430 1388/2195/431 2236/2192/428
f 2236/2192/428 1388/2195/431 887/2138/402 1448/2135/399
f 1384/2193/429 2236/2192/428 1448/2135/399 886/2134/398
f 880/2196/427 1437/2197/427 2237/2198/428 1387/2199/429
f 1437/2197/430 881/2200/430 1391/2201/431 2237/2198/428
f 2237/2198/428 1391/2201/431 889/2147/402 1449/2144/399
f 1387/2199/429 2237/2198/428 1449/2144/399 888/2143/398
f 882/2202/427 1440/2203/427 2238/2204/428 1390/2205/429
f 1440/2203/430 883/2206/430 1394/2207/431 2238/2204/428
f 2238/2204/428 1394/2207/431 891/2156/402 1450/2153/399
f 1390/2205/429 2238/2204/428 1450/2153/399 890/2152/398
f 979/2208/432 1597/2209/433 2239/2210/434 1611/2211/435
f 1597/2212/436 826/1955/294 1282/2213/437 2239/2214/438
f 2239/2214/438 1282/2213/437 831/2166/412 1599/2165/411
f 1611/2211/435 2239/2210/434 1599/2162/408 981/2161/407
f 1616/2189/426 830/2188/426 1287/2215/439 2240/2216/439
f 2240/2216/439 1287/2215/439 834/2131/395 1621/2130/395
f 1862/2217/440 2658/2218/440 2127/2219/440 2520/2220/440 1863/2221/440 2633/2222/440 2103/2223/441 1244/2224/442 2131/2225/443 1214/2226/444 2094/2227/445 1219/2228/446 2096/2229/447 2626/2230/448 2030/2231/449 2595/2232/450 1883/2233/450 2491/2234/450 2029/2235/450 2596/2236/450 1882/2237/450 2490/2238/450 2028/2239/450 2597/2240/450 1881/2241/450 2489/2242/450 2027/2243/450 2598/2244/450 1880/2245/451 2484/2246/452 2075/2247/453 1210/2248/454 2070/2249/455 1204/2250/244 2128/2251/241 1241/2252/240 2074/2253/456 2643/2254/440 2124/2255/440 2517/2256/440 1860/2257/440 2642/2258/440 2125/2259/440 2518/2260/440 1861/2261/440 2641/2262/440 2126/2263/440 2519/2264/440
f 1610/2265/447 977/2266/457 1595/2267/458 2241/2268/448
f 2241/2268/448 1595/2267/458 870/2269/459 1415/2270/449
f 985/2271/460 1608/2272/461 2242/2273/462 1588/2274/463
f 1608/2272/461 978/2275/464 1596/2276/465 2242/2273/462
f 2242/2277/466 1596/2278/467 820/1904/254 1551/1901/253
f 1588/2279/468 2242/2277/466 1551/1901/253 958/1900/252
f 862/1933/281 1432/1932/280 2243/2280/469 1723/2281/470
f 1432/1932/280 988/1931/279 1722/2282/471 2243/2280/469
f 2243/2283/469 1722/2284/471 1037/2285/472 1706/2286/473
f 1723/2287/470 2243/2283/469 1706/2286/473 1034/2288/474
f 973/2289/284 1570/2290/285 2244/2291/286 1587/2292/287
f 1570/2290/285 865/2293/475 1441/2294/289 2244/2291/286
f 2244/2291/286 1441/2294/289 868/2295/476 1426/2296/291
f 1587/2292/287 2244/2291/286 1426/2296/291 976/2297/292
f 971/2298/284 1568/2299/285 2245/2300/286 1586/2301/287
f 1568/2299/285 863/2302/475 1438/2303/289 2245/2300/286
f 2245/2300/286 1438/2303/289 866/2304/290 1424/2305/291
f 1586/2301/287 2245/2300/286 1424/2305/291 974/2306/292
f 1562/2307/450 869/2308/477 1442/2309/477 2246/2310/450
f 2246/2310/450 1442/2309/477 872/2311/477 1416/2312/450
f 1563/2313/450 871/2314/477 1439/2315/477 2247/2316/450
f 2247/2316/450 1439/2315/477 874/2317/477 1417/2318/450
f 1564/2319/450 873/2320/477 1436/2321/477 2248/2322/450
f 2248/2322/450 1436/2321/477 876/2323/477 1418/2324/450
f 995/2325/454 1631/2326/453 2249/2327/478 1585/2328/479
f 1631/2329/480 989/2330/480 1619/2331/480 2249/2332/480
f 2249/2332/481 1619/2331/482 822/1922/270 1553/1919/269
f 1585/2333/483 2249/2332/481 1553/1919/269 960/1918/268
f 989/2330/484 1630/2334/485 2250/2335/486 1619/2331/482
f 1630/2334/485 988/2336/487 1618/2337/488 2250/2335/486
f 2250/2335/486 1618/2337/488 818/1924/272 1272/1923/271
f 1619/2331/482 2250/2335/486 1272/1923/271 822/1922/270
f 865/2293/475 1403/2338/489 2251/2339/490 1721/2340/491
f 1403/2338/489 866/2304/290 1719/2341/492 2251/2339/490
f 2251/2342/490 1719/2343/492 1026/2344/493 1694/2345/494
f 1721/2346/491 2251/2342/490 1694/2345/494 1025/2347/495
f 874/2317/477 1439/2315/477 2252/2348/496 1718/2349/496
f 1439/2315/477 871/2314/477 1720/2350/496 2252/2348/496
f 2252/2348/497 1720/2350/497 1027/2351/497 1711/2352/497
f 1718/2349/497 2252/2348/497 1711/2352/497 1032/2353/497
f 866/2304/290 1438/2303/289 2253/2354/498 1719/2341/492
f 1438/2303/289 863/2302/475 1412/2355/491 2253/2354/498
f 2253/2356/498 1412/2357/491 1029/2358/495 1710/2359/499
f 1719/2343/492 2253/2356/498 1710/2359/499 1026/2344/493
f 898/2149/404 1370/2148/403 2254/2360/500 1347/2361/501
f 1370/2148/403 889/2147/402 1522/2362/502 2254/2360/500
f 2254/2360/500 1522/2362/502 941/2363/503 1497/2364/504
f 1347/2361/501 2254/2360/500 1497/2364/504 944/2365/505
f 891/2156/402 1394/2207/431 2255/2366/506 1532/2367/502
f 1394/2368/507 883/2369/508 1527/2370/509 2255/2371/506
f 2255/2371/506 1527/2370/509 955/2372/510 1521/2373/511
f 1532/2367/502 2255/2366/506 1521/2374/511 945/2375/503
f 906/2072/353 1344/2075/356 2256/2376/512 1373/2377/513
f 1344/2075/356 913/2080/361 1531/2378/514 2256/2376/514
f 2256/2376/512 1531/2378/515 927/2379/516 1479/2380/517
f 1373/2377/513 2256/2376/512 1479/2380/517 926/2381/518
f 884/2382/519 1393/2383/520 2257/2384/521 1526/2385/522
f 1393/2386/523 892/2387/524 1530/2388/525 2257/2389/521
f 2257/2389/521 1530/2388/525 946/2390/526 1520/2391/527
f 1526/2385/522 2257/2384/521 1520/2392/527 956/2393/528
f 1009/2112/324 1351/2394/529 2258/2395/529 1673/2396/530
f 1673/2396/530 2258/2395/529 1652/2397/531 1010/2111/390
f 1011/2121/324 1353/2398/529 2259/2399/529 1672/2400/532
f 1672/2400/532 2259/2399/529 1654/2401/529 1012/2120/332
f 1013/2022/324 1355/2402/529 2260/2403/529 1671/2404/532
f 1671/2404/532 2260/2403/529 1656/2405/529 1014/2129/332
f 1015/2406/533 1357/2407/534 2261/2408/529 1670/2409/535
f 1670/2409/535 2261/2408/529 1658/2410/529 1016/2030/332
f 907/2076/357 1382/2181/421 2262/2411/536 1529/2412/537
f 1382/2181/421 900/2158/404 1528/2413/501 2262/2411/536
f 2262/2411/536 1528/2413/501 948/2414/505 1509/2415/538
f 1529/2412/537 2262/2411/536 1509/2415/538 929/2416/539
f 890/2152/398 1368/2155/401 2263/2417/540 1365/2418/541
f 1368/2155/401 897/2160/406 1371/2419/542 2263/2417/540
f 2263/2417/540 1371/2419/542 943/2420/543 1495/2421/544
f 1365/2418/541 2263/2417/540 1495/2421/544 942/2422/545
f 883/2369/508 1392/2423/546 2264/2424/547 1527/2370/509
f 1392/2425/548 884/2382/519 1526/2385/522 2264/2426/549
f 2264/2427/550 1526/2428/522 956/2429/528 1519/2430/551
f 1527/2431/509 2264/2427/552 1519/2430/551 955/2432/510
f 912/2060/359 1342/2059/358 2265/2433/553 1339/2434/553
f 1342/2059/358 903/2058/357 1525/2435/537 2265/2433/554
f 2265/2433/554 1525/2435/537 921/2436/539 1477/2437/555
f 1339/2434/556 2265/2433/554 1477/2437/555 924/2438/557
f 899/2439/558 1381/2440/559 2266/2441/560 1524/2442/561
f 1381/2440/559 908/2443/562 1523/2444/563 2266/2441/560
f 2266/2441/560 1523/2444/563 930/2445/564 1508/2446/565
f 1524/2442/561 2266/2441/560 1508/2446/565 947/2447/566
f 889/2147/402 1391/2201/431 2267/2448/567 1522/2362/502
f 1391/2449/507 881/2450/568 1335/2451/569 2267/2452/567
f 2267/2452/567 1335/2451/569 953/2453/570 1518/2454/511
f 1522/2362/502 2267/2448/567 1518/2455/511 941/2363/503
f 911/2125/328 1341/2456/571 2268/2457/572 1369/2458/572
f 1341/2456/573 912/2118/393 1339/2459/574 2268/2457/574
f 2268/2460/575 1339/2434/556 924/2438/557 1476/2461/576
f 1369/2462/515 2268/2460/575 1476/2461/576 923/2463/516
f 905/2067/357 1380/2178/421 2269/2464/536 1343/2465/537
f 1380/2178/421 898/2149/404 1347/2361/501 2269/2464/536
f 2269/2464/536 1347/2361/501 944/2365/505 1507/2466/538
f 1343/2465/537 2269/2464/536 1507/2466/538 925/2467/539
f 896/2140/404 1366/2139/403 2270/2468/500 1359/2469/501
f 1366/2139/403 887/2138/402 1361/2470/502 2270/2468/500
f 2270/2468/500 1361/2470/502 937/2471/503 1493/2472/504
f 1359/2469/501 2270/2468/500 1493/2472/504 940/2473/505
f 882/2474/577 1390/2475/578 2271/2476/579 1363/2477/580
f 1390/2205/429 890/2152/398 1365/2418/541 2271/2478/579
f 2271/2478/579 1365/2418/541 942/2422/545 1517/2479/581
f 1363/2477/580 2271/2476/579 1517/2480/581 954/2481/582
f 904/2063/353 1340/2066/356 2272/2482/512 1367/2483/513
f 1340/2066/356 911/2071/361 1369/2462/514 2272/2482/514
f 2272/2482/512 1369/2462/515 923/2463/516 1475/2484/517
f 1367/2483/513 2272/2482/512 1475/2484/517 922/2485/518
f 897/2160/406 1379/2180/420 2273/2486/583 1371/2419/542
f 1379/2180/420 906/2072/353 1373/2377/513 2273/2486/583
f 2273/2486/583 1373/2377/513 926/2381/518 1506/2487/584
f 1371/2419/542 2273/2486/583 1506/2487/584 943/2420/543
f 873/2320/477 1409/2488/477 2278/2489/496 1410/2490/496
f 1409/2488/477 874/2317/477 1718/2349/496 2278/2489/496
f 2278/2489/497 1718/2349/497 1032/2353/497 1700/2491/497
f 1410/2490/497 2278/2489/497 1700/2491/497 1031/2492/497
f 869/2308/477 1401/2493/477 2279/2494/496 1400/2495/496
f 1401/2493/477 870/2269/459 1402/2496/585 2279/2494/496
f 2279/2494/497 1402/2496/586 1024/2497/587 1692/2498/497
f 1400/2495/497 2279/2494/497 1692/2498/497 1023/2499/497
f 978/2275/464 1444/2500/588 2280/2501/589 1404/2502/590
f 1444/2500/588 867/2503/591 1406/2504/592 2280/2501/589
f 2280/2505/589 1406/2506/592 1021/2507/593 1714/2508/594
f 1404/2509/590 2280/2505/589 1714/2508/594 1039/2510/595
f 876/2323/477 1436/2321/477 2281/2511/496 1408/2512/496
f 1436/2321/477 873/2320/477 1410/2490/496 2281/2511/496
f 2281/2511/497 1410/2490/497 1031/2492/497 1709/2513/497
f 1408/2512/497 2281/2511/497 1709/2513/497 1036/2514/497
f 973/2289/284 1423/2515/596 2282/2516/597 1584/2517/598
f 1423/2518/596 882/2474/577 1311/2519/599 2282/2520/597
f 2282/2516/597 1311/2521/599 855/2522/377 1316/2523/374
f 1584/2517/598 2282/2516/597 1316/2523/374 963/2524/373
f 972/1944/292 1422/1943/291 2283/2525/600 1583/2526/601
f 1422/1943/291 864/1942/290 1323/2527/602 2283/2525/600
f 2283/2525/600 1323/2527/602 847/2528/603 1334/2529/604
f 1583/2526/601 2283/2525/600 1334/2529/604 968/2530/605
f 862/1933/281 1411/2531/606 2284/2532/607 1313/2533/608
f 1411/2531/606 861/1940/288 1324/2534/609 2284/2532/607
f 2284/2532/607 1324/2534/609 846/2535/610 1332/2536/611
f 1313/2533/608 2284/2532/607 1332/2536/611 845/2537/612
f 971/2298/284 1421/2538/596 2285/2539/597 1582/2540/598
f 1421/2541/596 880/2542/577 1325/2543/599 2285/2544/597
f 2285/2539/597 1325/2545/599 857/2546/377 1317/2547/374
f 1582/2540/598 2285/2539/597 1317/2547/374 964/2548/373
f 964/2548/373 1317/2547/374 2286/2549/375 1581/2550/376
f 1317/2547/374 857/2546/377 1322/2551/613 2286/2549/375
f 2286/2549/375 1322/2551/613 858/2552/614 1561/2553/615
f 1581/2550/376 2286/2549/375 1561/2553/615 968/2530/605
f 963/2524/373 1316/2523/374 2287/2554/375 1580/2555/376
f 1316/2523/374 855/2522/377 1321/2556/613 2287/2554/375
f 2287/2554/375 1321/2556/613 856/2557/614 1555/2558/615
f 1580/2555/376 2287/2554/375 1555/2558/615 962/2559/605
f 966/2560/616 1326/2561/617 2288/2562/375 1579/2563/376
f 1326/2561/617 853/2564/618 1320/2565/619 2288/2562/375
f 2288/2562/375 1320/2565/619 854/2566/614 1554/2567/615
f 1579/2563/376 2288/2562/375 1554/2567/615 961/2568/605
f 882/2474/577 1389/2569/620 2289/2570/621 1311/2519/599
f 1389/2571/622 881/2450/568 1291/2572/623 2289/2573/624
f 2289/2574/624 1291/2575/623 856/2557/614 1321/2556/613
f 1311/2521/599 2289/2574/621 1321/2556/613 855/2522/377
f 974/2306/292 1424/2305/291 2290/2576/600 1578/2577/601
f 1424/2305/291 866/2304/290 1329/2578/602 2290/2576/600
f 2290/2576/600 1329/2578/602 849/2579/603 1315/2580/604
f 1578/2577/601 2290/2576/600 1315/2580/604 962/2559/605
f 868/2295/476 1399/2581/625 2291/2582/626 1328/2583/627
f 1399/2581/625 867/2503/591 1310/2584/628 2291/2582/626
f 2291/2582/626 1310/2584/628 852/2585/629 1319/2586/630
f 1328/2583/627 2291/2582/626 1319/2586/630 851/2587/631
f 864/1942/290 1407/2588/489 2292/2589/632 1323/2527/602
f 1407/2588/489 863/2302/475 1314/2590/633 2292/2589/632
f 2292/2589/632 1314/2590/633 848/2591/634 1299/2592/635
f 1323/2527/602 2292/2589/632 1299/2592/635 847/2528/603
f 975/2593/636 1425/2594/637 2293/2595/638 1577/2596/639
f 1425/2594/637 884/2597/519 1309/2598/640 2293/2595/638
f 2293/2595/638 1309/2598/640 853/2564/618 1326/2561/617
f 1577/2596/639 2293/2595/638 1326/2561/617 966/2560/616
f 878/2599/641 1383/2600/642 2294/2601/643 1308/2602/644
f 1383/2603/645 877/2604/646 1327/2605/647 2294/2606/648
f 2294/2607/648 1327/2608/647 860/2100/379 1302/2099/378
f 1308/2609/644 2294/2607/643 1302/2099/378 859/2098/377
f 976/2297/292 1426/2296/291 2295/2610/600 1576/2611/601
f 1426/2296/291 868/2295/476 1328/2583/627 2295/2610/600
f 2295/2610/600 1328/2583/627 851/2587/631 1294/2612/604
f 1576/2611/601 2295/2610/600 1294/2612/604 961/2568/605
f 969/1936/284 1419/2613/596 2296/2614/597 1575/2615/598
f 1419/2616/596 878/2599/641 1308/2602/644 2296/2617/597
f 2296/2614/597 1308/2609/644 859/2098/377 1318/2095/374
f 1575/2615/598 2296/2614/597 1318/2095/374 965/2094/373
f 884/2382/519 1392/2425/548 2297/2618/649 1309/2619/640
f 1392/2423/546 883/2369/508 1307/2620/650 2297/2621/651
f 2297/2622/651 1307/2623/650 854/2566/614 1320/2565/619
f 1309/2598/640 2297/2622/649 1320/2565/619 853/2564/618
f 970/1935/283 1420/1934/282 2298/2624/652 1574/2625/653
f 1420/1934/282 862/1933/281 1313/2533/608 2298/2624/652
f 2298/2624/652 1313/2533/608 845/2537/612 1333/2626/654
f 1574/2625/653 2298/2624/652 1333/2626/654 967/2102/381
f 880/2542/577 1386/2627/620 2299/2628/621 1325/2543/599
f 1386/2629/622 879/2630/568 1312/2631/623 2299/2632/624
f 2299/2633/624 1312/2634/623 858/2552/614 1322/2551/613
f 1325/2545/599 2299/2633/621 1322/2551/613 857/2546/377
f 866/2304/290 1403/2338/489 2300/2635/632 1329/2578/602
f 1403/2338/489 865/2293/475 1330/2636/633 2300/2635/632
f 2300/2635/632 1330/2636/633 850/2637/634 1331/2638/635
f 1329/2578/602 2300/2635/632 1331/2638/635 849/2579/603
f 918/2639/518 1471/2640/517 2301/2641/655 1470/2642/656
f 1471/2640/517 919/2643/516 1472/2644/657 2301/2641/655
f 2301/2641/655 1472/2644/657 920/2645/658 1473/2646/659
f 1470/2642/656 2301/2641/655 1473/2646/659 917/2647/660
f 922/2485/518 1475/2484/517 2302/2648/655 1474/2649/656
f 1475/2484/517 923/2463/516 1476/2461/576 2302/2648/655
f 2302/2648/655 1476/2461/576 924/2438/557 1477/2437/555
f 1474/2649/656 2302/2648/655 1477/2437/555 921/2436/539
f 926/2381/518 1479/2380/517 2303/2650/655 1478/2651/656
f 1479/2380/517 927/2379/516 1480/2652/576 2303/2650/655
f 2303/2650/655 1480/2652/576 928/2653/557 1481/2654/555
f 1478/2651/656 2303/2650/655 1481/2654/555 925/2467/539
f 930/2445/564 1483/2655/661 2304/2656/655 1482/2657/656
f 1483/2655/661 931/2658/662 1484/2659/663 2304/2656/655
f 2304/2656/655 1484/2659/663 932/2660/557 1485/2661/555
f 1482/2657/656 2304/2656/655 1485/2661/555 929/2416/539
f 934/2662/545 1487/2663/544 2305/2664/664 1486/2665/665
f 1487/2663/544 935/2666/543 1488/2667/666 2305/2664/664
f 2305/2664/664 1488/2667/666 936/2668/667 1489/2669/668
f 1486/2665/665 2305/2664/664 1489/2669/668 933/2670/669
f 938/2671/545 1491/2672/544 2306/2673/664 1490/2674/665
f 1491/2672/544 939/2675/543 1492/2676/666 2306/2673/664
f 2306/2673/664 1492/2676/666 940/2473/505 1493/2472/504
f 1490/2674/665 2306/2673/664 1493/2472/504 937/2471/503
f 942/2422/545 1495/2421/544 2307/2677/664 1494/2678/665
f 1495/2421/544 943/2420/543 1496/2679/666 2307/2677/664
f 2307/2677/664 1496/2679/666 944/2365/505 1497/2364/504
f 1494/2678/665 2307/2677/664 1497/2364/504 941/2363/503
f 946/2390/526 1499/2680/670 2308/2681/664 1498/2682/665
f 1499/2680/670 947/2447/566 1500/2683/666 2308/2681/664
f 2308/2681/664 1500/2683/666 948/2414/505 1501/2684/504
f 1498/2682/665 2308/2681/664 1501/2684/504 945/2375/503
f 935/2666/543 1502/2685/584 2309/2686/671 1488/2667/666
f 1502/2685/584 918/2639/518 1470/2642/656 2309/2686/671
f 2309/2686/671 1470/2642/656 917/2647/660 1503/2687/672
f 1488/2667/666 2309/2686/671 1503/2687/672 936/2668/667
f 939/2675/543 1504/2688/584 2310/2689/671 1492/2676/666
f 1504/2688/584 922/2485/518 1474/2649/656 2310/2689/671
f 2310/2689/671 1474/2649/656 921/2436/539 1505/2690/538
f 1492/2676/666 2310/2689/671 1505/2690/538 940/2473/505
f 943/2420/543 1506/2487/584 2311/2691/671 1496/2679/666
f 1506/2487/584 926/2381/518 1478/2651/656 2311/2691/671
f 2311/2691/671 1478/2651/656 925/2467/539 1507/2466/538
f 1496/2679/666 2311/2691/671 1507/2466/538 944/2365/505
f 947/2447/566 1508/2446/565 2312/2692/671 1500/2683/666
f 1508/2446/565 930/2445/564 1482/2657/656 2312/2692/671
f 2312/2692/671 1482/2657/656 929/2416/539 1509/2415/538
f 1500/2683/666 2312/2692/671 1509/2415/538 948/2414/505
f 950/2693/673 1511/2694/674 2313/2695/675 1510/2696/676
f 1511/2694/674 934/2662/545 1486/2665/665 2313/2695/675
f 2313/2695/675 1486/2665/665 933/2670/669 1512/2697/677
f 1510/2696/676 2313/2695/675 1512/2697/677 949/2698/678
f 952/2699/582 1514/2700/674 2314/2701/675 1513/2702/679
f 1514/2700/674 938/2671/545 1490/2674/665 2314/2701/675
f 2314/2701/675 1490/2674/665 937/2471/503 1515/2703/680
f 1513/2702/679 2314/2701/675 1515/2703/680 951/2704/570
f 954/2705/582 1517/2479/674 2315/2706/675 1516/2707/679
f 1517/2479/674 942/2422/545 1494/2678/665 2315/2706/675
f 2315/2706/675 1494/2678/665 941/2363/503 1518/2455/680
f 1516/2707/679 2315/2706/675 1518/2455/680 953/2708/570
f 956/2429/528 1520/2391/527 2316/2709/675 1519/2430/551
f 1520/2391/527 946/2390/526 1498/2682/665 2316/2709/675
f 2316/2709/675 1498/2682/665 945/2375/503 1521/2374/680
f 1519/2430/551 2316/2709/675 1521/2374/680 955/2432/510
f 913/2026/328 1345/2710/571 2317/2711/572 1531/2712/572
f 1345/2710/573 914/2127/393 1533/2713/574 2317/2711/574
f 2317/2714/575 1533/2715/556 928/2653/557 1480/2652/576
f 1531/2378/515 2317/2714/575 1480/2652/576 927/2379/516
f 914/2069/359 1346/2068/358 2318/2716/553 1533/2715/553
f 1346/2068/358 905/2067/357 1343/2465/537 2318/2716/554
f 2318/2716/554 1343/2465/537 925/2467/539 1481/2654/555
f 1533/2715/556 2318/2716/554 1481/2654/555 928/2653/557
f 892/2387/524 1372/2717/681 2319/2718/682 1530/2388/525
f 1372/2717/681 899/2439/558 1524/2442/561 2319/2718/682
f 2319/2718/682 1524/2442/561 947/2447/566 1499/2680/670
f 1530/2388/525 2319/2718/682 1499/2680/670 946/2390/526
f 877/2604/646 1383/2603/645 2320/2719/683 1535/2720/684
f 1383/2600/642 878/2599/641 1534/2721/685 2320/2722/686
f 2320/2723/687 1534/2724/685 950/2693/673 1510/2696/676
f 1535/2725/684 2320/2723/688 1510/2696/676 949/2698/678
f 878/2599/641 1384/2726/578 2321/2727/579 1534/2721/685
f 1384/2193/429 886/2134/398 1536/2728/541 2321/2729/579
f 2321/2729/579 1536/2728/541 934/2662/545 1511/2694/581
f 1534/2721/685 2321/2727/579 1511/2730/581 950/2731/673
f 886/2134/398 1360/2137/401 2322/2732/540 1536/2728/541
f 1360/2137/401 893/2142/406 1537/2733/542 2322/2732/540
f 2322/2732/540 1537/2733/542 935/2666/543 1487/2663/544
f 1536/2728/541 2322/2732/540 1487/2663/544 934/2662/545
f 908/2443/562 1348/2734/689 2323/2735/690 1523/2444/563
f 1348/2734/689 915/2736/691 1538/2737/692 2323/2735/692
f 2323/2735/690 1538/2737/693 931/2658/662 1483/2655/661
f 1523/2444/563 2323/2735/690 1483/2655/661 930/2445/564
f 900/2158/404 1374/2157/403 2324/2738/500 1528/2413/501
f 1374/2157/403 891/2156/402 1532/2367/502 2324/2738/500
f 2324/2738/500 1532/2367/502 945/2375/503 1501/2684/504
f 1528/2413/501 2324/2738/500 1501/2684/504 948/2414/505
f 885/1915/265 1385/1914/264 2325/2739/694 1539/2740/695
f 1385/2741/696 877/2604/646 1535/2720/684 2325/2742/694
f 2325/2742/694 1535/2720/684 949/2743/678 1512/2744/677
f 1539/2740/695 2325/2739/694 1512/2697/677 933/2670/669
f 915/2745/697 1349/2746/698 2326/2747/699 1538/2748/699
f 1349/2746/700 916/2028/330 1540/2749/701 2326/2747/701
f 2326/2750/702 1540/2751/703 932/2660/557 1484/2659/663
f 1538/2737/693 2326/2750/702 1484/2659/663 931/2658/662
f 893/2142/406 1375/2174/420 2327/2752/583 1537/2733/542
f 1375/2174/420 902/2054/353 1541/2753/513 2327/2752/583
f 2327/2752/583 1541/2753/513 918/2639/518 1502/2685/584
f 1537/2733/542 2327/2752/583 1502/2685/584 935/2666/543
f 902/2054/353 1336/2057/356 2328/2754/512 1541/2753/513
f 1336/2057/356 909/2062/361 1542/2755/514 2328/2754/514
f 2328/2754/512 1542/2755/704 919/2643/516 1471/2640/517
f 1541/2753/513 2328/2754/512 1471/2640/517 918/2639/518
f 879/2630/568 1386/2629/622 2329/2756/705 1544/2757/569
f 1386/2627/620 880/2542/577 1543/2758/580 2329/2759/706
f 2329/2760/707 1543/2761/580 952/2699/582 1513/2702/679
f 1544/2762/569 2329/2760/708 1513/2702/679 951/2704/570
f 894/1971/301 1362/1970/300 2330/2763/709 1545/2764/710
f 1362/1970/300 885/1915/265 1539/2740/695 2330/2763/709
f 2330/2763/709 1539/2740/695 933/2670/669 1489/2669/668
f 1545/2764/710 2330/2763/709 1489/2669/668 936/2668/667
f 916/2078/359 1350/2077/358 2331/2765/553 1540/2751/553
f 1350/2077/358 907/2076/357 1529/2412/537 2331/2765/554
f 2331/2765/554 1529/2412/537 929/2416/539 1485/2661/555
f 1540/2751/703 2331/2765/554 1485/2661/555 932/2660/557
f 901/2019/321 1376/2018/320 2332/2766/711 1546/2767/712
f 1376/2018/320 894/1971/301 1545/2764/710 2332/2766/711
f 2332/2766/711 1545/2764/710 936/2668/667 1503/2687/672
f 1546/2767/712 2332/2766/711 1503/2687/672 917/2647/660
f 909/2116/392 1337/2768/713 2333/2769/714 1542/2770/714
f 1337/2768/715 910/2109/388 1547/2771/716 2333/2769/716
f 2333/2772/717 1547/2773/718 920/2645/658 1472/2644/657
f 1542/2755/704 2333/2772/717 1472/2644/657 919/2643/516
f 880/2542/577 1387/2774/578 2334/2775/579 1543/2758/580
f 1387/2199/429 888/2143/398 1548/2776/541 2334/2777/579
f 2334/2777/579 1548/2776/541 938/2671/545 1514/2700/581
f 1543/2758/580 2334/2775/579 1514/2778/581 952/2779/582
f 895/2151/406 1377/2177/420 2335/2780/583 1549/2781/542
f 1377/2177/420 904/2063/353 1367/2483/513 2335/2780/583
f 2335/2780/583 1367/2483/513 922/2485/518 1504/2688/584
f 1549/2781/542 2335/2780/583 1504/2688/584 939/2675/543
f 910/2034/336 1338/2033/335 2336/2782/719 1547/2773/719
f 1338/2033/335 901/2019/321 1546/2767/712 2336/2782/720
f 2336/2782/720 1546/2767/712 917/2647/660 1473/2646/659
f 1547/2773/718 2336/2782/720 1473/2646/659 920/2645/658
f 887/2138/402 1388/2195/431 2337/2783/567 1361/2470/502
f 1388/2784/507 879/2630/568 1544/2757/569 2337/2785/567
f 2337/2785/567 1544/2757/569 951/2786/570 1515/2787/511
f 1361/2470/502 2337/2783/567 1515/2703/511 937/2471/503
f 888/2143/398 1364/2146/401 2338/2788/540 1548/2776/541
f 1364/2146/401 895/2151/406 1549/2781/542 2338/2788/540
f 2338/2788/540 1549/2781/542 939/2675/543 1491/2672/544
f 1548/2776/541 2338/2788/540 1491/2672/544 938/2671/545
f 903/2058/357 1378/2175/421 2339/2789/536 1525/2435/537
f 1378/2175/421 896/2140/404 1359/2469/501 2339/2789/536
f 2339/2789/536 1359/2469/501 940/2473/505 1505/2690/538
f 1525/2435/537 2339/2789/536 1505/2690/538 921/2436/539
f 881/2450/568 1389/2571/622 2340/2790/705 1335/2451/569
f 1389/2569/620 882/2474/577 1363/2477/580 2340/2791/706
f 2340/2792/707 1363/2793/580 954/2705/582 1516/2707/679
f 1335/2794/569 2340/2792/708 1516/2707/679 953/2708/570
f 877/2795/646 1567/2796/721 2341/2797/722 1327/2608/647
f 1567/2796/721 970/1935/283 1574/2625/653 2341/2797/722
f 2341/2797/722 1574/2625/653 967/2102/381 1560/2101/380
f 1327/2608/647 2341/2797/722 1560/2101/380 860/2100/379
f 861/1940/288 1566/1937/285 2342/2798/723 1324/2534/609
f 1566/1937/285 969/1936/284 1575/2615/598 2342/2798/723
f 2342/2798/723 1575/2615/598 965/2094/373 1558/2799/724
f 1324/2534/609 2342/2798/723 1558/2799/724 846/2535/610
f 883/2369/508 1573/2800/725 2343/2801/726 1307/2620/650
f 1573/2802/725 976/2297/292 1576/2611/601 2343/2803/726
f 2343/2803/726 1576/2611/601 961/2568/605 1554/2567/615
f 1307/2623/650 2343/2803/726 1554/2567/615 854/2566/614
f 867/2503/591 1572/2804/727 2344/2805/728 1310/2584/628
f 1572/2804/727 975/2593/636 1577/2596/639 2344/2805/728
f 2344/2805/728 1577/2596/639 966/2560/616 1559/2806/729
f 1310/2584/628 2344/2805/728 1559/2806/729 852/2585/629
f 881/2450/568 1571/2807/725 2345/2808/726 1291/2572/623
f 1571/2809/725 974/2306/292 1578/2577/601 2345/2810/726
f 2345/2810/726 1578/2577/601 962/2559/605 1555/2558/615
f 1291/2575/623 2345/2810/726 1555/2558/615 856/2557/614
f 852/2585/629 1559/2806/729 2346/2811/730 1319/2586/630
f 1559/2806/729 966/2560/616 1579/2563/376 2346/2811/730
f 2346/2811/730 1579/2563/376 961/2568/605 1294/2612/604
f 1319/2586/630 2346/2811/730 1294/2612/604 851/2587/631
f 850/2637/634 1556/2812/724 2347/2813/730 1331/2638/635
f 1556/2812/724 963/2524/373 1580/2555/376 2347/2813/730
f 2347/2813/730 1580/2555/376 962/2559/605 1315/2580/604
f 1331/2638/635 2347/2813/730 1315/2580/604 849/2579/603
f 848/2591/634 1557/2814/724 2348/2815/730 1299/2592/635
f 1557/2814/724 964/2548/373 1581/2550/376 2348/2815/730
f 2348/2815/730 1581/2550/376 968/2530/605 1334/2529/604
f 1299/2592/635 2348/2815/730 1334/2529/604 847/2528/603
f 863/2302/475 1568/2299/285 2349/2816/723 1314/2590/633
f 1568/2299/285 971/2298/284 1582/2540/598 2349/2816/723
f 2349/2816/723 1582/2540/598 964/2548/373 1557/2814/724
f 1314/2590/633 2349/2816/723 1557/2814/724 848/2591/634
f 879/2630/568 1569/2817/725 2350/2818/726 1312/2631/623
f 1569/2819/725 972/1944/292 1583/2526/601 2350/2820/726
f 2350/2820/726 1583/2526/601 968/2530/605 1561/2553/615
f 1312/2634/623 2350/2820/726 1561/2553/615 858/2552/614
f 865/2293/475 1570/2290/285 2351/2821/723 1330/2636/633
f 1570/2290/285 973/2289/284 1584/2517/598 2351/2821/723
f 2351/2821/723 1584/2517/598 963/2524/373 1556/2812/724
f 1330/2636/633 2351/2821/723 1556/2812/724 850/2637/634
f 875/2822/731 1565/2823/451 2352/2824/450 1413/2825/477
f 1413/2825/477 2352/2824/450 1418/2324/450 876/2323/477
f 873/2320/477 1564/2319/450 2353/2826/450 1409/2488/477
f 1409/2488/477 2353/2826/450 1417/2318/450 874/2317/477
f 871/2314/477 1563/2313/450 2354/2827/450 1405/2828/477
f 1405/2828/477 2354/2827/450 1416/2312/450 872/2311/477
f 869/2308/477 1562/2307/450 2355/2829/450 1401/2493/477
f 1401/2493/477 2355/2829/450 1415/2270/449 870/2269/459
f 990/1892/244 1629/2830/455 2356/2831/732 1446/1893/245
f 1629/2830/455 995/2325/454 1585/2328/479 2356/2831/732
f 2356/2832/733 1585/2333/483 960/1918/268 1276/2833/734
f 1446/1895/247 2356/2832/733 1276/2833/734 828/1896/248
f 880/2834/577 1421/2538/596 2357/2835/735 1437/2836/736
f 1421/2538/596 971/2298/284 1586/2301/287 2357/2835/735
f 2357/2835/735 1586/2301/287 974/2306/292 1571/2809/725
f 1437/2836/737 2357/2835/735 1571/2809/725 881/2837/568
f 882/2838/577 1423/2515/596 2358/2839/735 1440/2840/736
f 1423/2515/596 973/2289/284 1587/2292/287 2358/2839/735
f 2358/2839/735 1587/2292/287 976/2297/292 1573/2802/725
f 1440/2840/737 2358/2839/735 1573/2802/725 883/2841/508
f 979/2842/432 1606/2843/738 2359/2844/739 1597/2845/433
f 1606/2843/738 985/2271/460 1588/2274/463 2359/2844/739
f 2359/2846/740 1588/2279/468 958/1900/252 1274/2847/741
f 1597/2212/436 2359/2846/740 1274/2847/741 826/1955/294
f 846/2535/610 1558/2799/724 2360/2848/730 1332/2536/611
f 1558/2799/724 965/2094/373 1589/2097/376 2360/2848/730
f 2360/2848/730 1589/2097/376 967/2102/381 1333/2626/654
f 1332/2536/611 2360/2848/730 1333/2626/654 845/2537/612
f 878/2849/641 1419/2613/596 2361/2850/735 1434/2851/736
f 1419/2613/596 969/1936/284 1590/1939/287 2361/2850/735
f 2361/2850/735 1590/1939/287 972/1944/292 1569/2819/725
f 1434/2851/737 2361/2850/735 1569/2819/725 879/2852/568
f 987/2853/259 1628/2854/742 2362/2855/743 1617/2856/744
f 1628/2854/742 996/1927/275 1591/1930/278 2362/2855/743
f 2362/2855/743 1591/1930/278 970/1935/283 1567/2796/721
f 1617/2856/744 2362/2855/743 1567/2796/721 877/2795/646
f 828/1896/248 1276/2833/734 2363/2857/16 1277/1947/16
f 1276/2833/734 960/1918/268 1592/1921/16 2363/2857/16
f 2363/2857/16 1592/1921/16 957/1926/274 1550/2858/745
f 1277/1947/16 2363/2857/16 1550/2858/745 825/1948/293
f 826/1955/294 1274/2847/741 2364/2859/21 1278/1956/21
f 1274/2847/741 958/1900/252 1593/1903/21 2364/2859/21
f 2364/2859/21 1593/1903/21 959/1908/258 1275/2860/746
f 1278/1956/21 2364/2859/21 1275/2860/746 827/1957/295
f 827/1957/295 1275/2860/746 2365/2861/747 1598/2862/748
f 1275/2860/746 959/1908/258 1604/2863/749 2365/2861/747
f 2365/2864/750 1604/2865/751 986/2866/446 1605/2867/445
f 1598/2868/752 2365/2864/750 1605/2867/445 980/2869/444
f 884/2597/519 1425/2594/637 2366/2870/753 1445/2871/754
f 1425/2594/637 975/2593/636 1603/2872/755 2366/2870/753
f 2366/2870/753 1603/2872/755 985/2271/460 1606/2843/738
f 1445/2871/754 2366/2870/753 1606/2843/738 979/2842/432
f 819/2873/756 1267/2874/757 2367/2875/758 1427/2876/756
f 1267/2874/757 823/2877/759 1594/2878/759 2367/2875/758
f 824/1906/256 1268/1905/255 2368/2879/760 1443/2880/761
f 1268/1905/255 820/1904/254 1596/2278/467 2368/2879/760
f 2368/2879/760 1596/2278/467 978/2881/762 1607/2882/763
f 1443/2880/761 2368/2879/760 1607/2882/763 977/2883/764
f 975/2593/636 1572/2804/727 2369/2884/765 1603/2872/755
f 1572/2804/727 867/2503/591 1444/2500/588 2369/2884/765
f 2369/2884/765 1444/2500/588 978/2275/464 1608/2272/461
f 1603/2872/755 2369/2884/765 1608/2272/461 985/2271/460
f 998/1959/297 1640/1958/296 2370/2885/766 1669/2886/767
f 1640/1958/296 827/1957/295 1598/2862/748 2370/2885/766
f 2370/2887/768 1598/2868/752 980/2869/444 1663/2888/443
f 1669/2889/769 2370/2887/768 1663/2888/443 1017/2890/442
f 959/1908/258 1552/1907/257 2371/2891/770 1604/2863/749
f 1552/1907/257 824/1906/256 1443/2880/761 2371/2891/770
f 2371/2891/771 1443/2880/771 977/2883/771 1610/2892/771
f 1604/2865/751 2371/2893/772 1610/2265/447 986/2866/446
f 884/2894/773 1445/2895/774 2372/2896/775 1393/2386/523
f 1445/2895/774 979/2208/432 1611/2211/435 2372/2896/775
f 2372/2896/775 1611/2211/435 981/2161/407 1451/2897/776
f 1393/2386/523 2372/2896/775 1451/2897/776 892/2387/524
f 819/2873/756 1427/2876/756 2373/2898/777 1281/2899/777
f 1281/2899/777 2373/2898/777 1428/2900/778 829/2901/778
f 899/2439/558 1457/2902/779 2374/2903/780 1381/2440/559
f 1457/2902/779 982/2172/781 1612/2904/782 2374/2903/780
f 2374/2903/780 1612/2904/782 983/2905/783 1463/2906/784
f 1381/2440/559 2374/2903/780 1463/2906/784 908/2443/562
f 892/2387/524 1451/2897/776 2375/2907/785 1372/2717/681
f 1451/2897/776 981/2161/407 1613/2164/410 2375/2907/785
f 2375/2907/785 1613/2164/410 982/2172/781 1457/2902/779
f 1372/2717/681 2375/2907/785 1457/2902/779 899/2439/558
f 908/2443/562 1463/2906/784 2376/2908/786 1348/2734/689
f 1463/2906/784 983/2905/783 1614/2909/787 2376/2908/786
f 2376/2908/786 1614/2909/787 984/2910/788 1469/2911/789
f 1348/2734/689 2376/2908/786 1469/2911/789 915/2736/691
f 1015/2406/533 1657/2912/790 2377/2913/791 1668/2914/792
f 1657/2912/790 915/2745/697 1469/2915/793 2377/2913/791
f 2377/2913/791 1469/2915/793 984/2041/343 1664/2038/340
f 1668/2914/792 2377/2913/791 1664/2038/340 1018/2037/339
f 833/2916/794 1452/2917/794 2378/2918/795 1297/2919/796
f 1297/2919/796 2378/2918/795 1458/2920/797 837/2921/797
f 837/2921/797 1458/2920/797 2379/2922/798 1305/2923/799
f 1305/2923/799 2379/2922/798 1464/2924/800 841/2925/800
f 829/2901/778 1428/2900/778 2380/2926/801 1288/2927/801
f 1288/2927/801 2380/2926/801 1452/2917/794 833/2916/794
f 825/1948/293 1550/2858/745 2381/2928/802 1431/2929/803
f 1550/2858/745 957/1926/274 1627/2930/804 2381/2928/802
f 2381/2931/805 1627/2932/806 996/1927/275 1628/2854/742
f 1431/2933/807 2381/2931/805 1628/2854/742 987/2853/259
f 863/2302/475 1407/2588/489 2382/2934/490 1412/2355/491
f 1407/2588/489 864/1942/290 1414/2935/492 2382/2934/490
f 2382/2936/490 1414/2937/492 1030/2938/493 1698/2939/494
f 1412/2357/491 2382/2936/490 1698/2939/494 1029/2358/495
f 1565/2823/451 875/2822/731 1433/2940/808 2383/2941/452
f 2383/2941/452 1433/2940/808 989/2942/809 1631/2326/453
f 1008/2006/316 1301/2005/315 2384/2943/810 1667/2944/811
f 1301/2005/315 844/2004/314 1465/2945/812 2384/2943/810
f 2384/2946/813 1465/2947/814 994/2107/386 1665/2104/383
f 1667/2948/815 2384/2946/813 1665/2104/383 1019/2103/382
f 840/2002/312 1459/2949/816 2385/2950/817 1303/2003/313
f 1459/2949/816 993/2951/818 1633/2952/819 2385/2950/817
f 2385/2950/817 1633/2952/819 994/2953/820 1465/2945/812
f 1303/2003/313 2385/2950/817 1465/2945/812 844/2004/314
f 836/1995/311 1453/2954/821 2386/2955/822 1296/2015/317
f 1453/2954/823 992/2956/824 1634/2957/825 2386/2955/822
f 2386/2955/822 1634/2957/825 993/2951/818 1459/2949/816
f 1296/2015/317 2386/2955/822 1459/2949/816 840/2002/312
f 832/1977/305 1447/2958/826 2387/2959/827 1290/1994/310
f 1447/2960/828 991/1917/267 1635/1969/299 2387/2961/829
f 2387/2961/829 1635/1969/299 992/1973/824 1453/2962/823
f 1290/1994/310 2387/2959/827 1453/2954/821 836/1995/311
f 957/1926/274 1265/1925/273 2388/2963/830 1627/2930/804
f 1265/1925/273 818/1924/272 1618/2337/488 2388/2963/830
f 2388/2964/831 1618/2965/832 988/1931/279 1636/1928/276
f 1627/2932/806 2388/2964/831 1636/1928/276 996/1927/275
f 825/1948/293 1431/2929/803 2389/2966/833 1283/1976/304
f 1431/2967/807 987/1909/259 1637/1912/262 2389/2968/834
f 2389/2968/834 1637/1912/262 991/1917/267 1447/2960/828
f 1283/1976/304 2389/2966/833 1447/2958/826 832/1977/305
f 842/2969/835 1650/2970/836 2391/2971/837 1625/2972/838
f 1650/2970/836 1008/2006/316 1667/2944/811 2391/2971/837
f 2391/2973/839 1667/2948/815 1019/2103/382 1632/2974/840
f 1357/2407/534 1015/2406/533 1668/2914/792 2392/2975/841
f 2392/2975/841 1668/2914/792 1018/2037/339 1615/2976/842
f 823/2977/843 1269/2978/844 2393/2979/845 1594/2980/846
f 1269/2978/844 998/1959/297 1669/2886/767 2393/2979/845
f 2393/2981/847 1669/2889/769 1017/2890/442 1609/2982/441
f 915/2745/697 1657/2912/790 2394/2983/848 1349/2746/698
f 1657/2912/790 1015/2406/533 1670/2409/535 2394/2983/848
f 2394/2983/848 1670/2409/535 1016/2030/332 1358/2029/331
f 1349/2746/700 2394/2983/848 1358/2029/331 916/2028/330
f 913/2026/328 1655/2023/325 2395/2984/849 1345/2710/571
f 1655/2023/325 1013/2022/324 1671/2404/532 2395/2984/849
f 2395/2984/849 1671/2404/532 1014/2129/332 1356/2128/394
f 1345/2710/573 2395/2984/849 1356/2128/394 914/2127/393
f 911/2125/328 1653/2122/325 2396/2985/849 1341/2456/571
f 1653/2122/325 1011/2121/324 1672/2400/532 2396/2985/849
f 2396/2985/849 1672/2400/532 1012/2120/332 1354/2119/394
f 1341/2456/573 2396/2985/849 1354/2119/394 912/2118/393
f 909/2116/392 1651/2113/391 2397/2986/850 1337/2768/713
f 1651/2113/391 1009/2112/324 1673/2396/530 2397/2986/850
f 2397/2986/850 1673/2396/530 1010/2111/390 1352/2110/389
f 1337/2768/715 2397/2986/850 1352/2110/389 910/2109/388
f 1353/2398/529 1011/2121/324 1674/2124/327 2401/2987/529
f 2401/2987/529 1674/2124/327 1014/2129/332 1656/2405/529
f 1351/2394/529 1009/2112/324 1675/2115/327 2402/2988/529
f 2402/2988/529 1675/2115/327 1012/2120/332 1654/2401/529
f 1632/2974/840 1019/2103/382 1676/2106/385 2403/2989/851
f 2403/2989/851 1676/2106/385 1010/2111/390 1652/2397/531
f 839/2085/366 1647/2990/21 2404/2991/21 1306/2086/367
f 1647/2990/21 1005/2012/21 1677/2050/21 2404/2991/21
f 2404/2991/21 1677/2050/21 1007/2048/350 1649/2046/348
f 1306/2086/367 2404/2991/21 1649/2046/348 843/2045/347
f 1615/2976/842 1018/2037/339 1678/2040/342 2405/2992/852
f 2405/2993/853 1678/2047/349 1007/2048/350 1300/2053/352
f 1464/2994/854 2405/2993/853 1300/2053/352 841/2052/351
f 1355/2402/529 1013/2022/324 1679/2025/327 2406/2995/529
f 2406/2995/529 1679/2025/327 1016/2030/332 1658/2410/529
f 834/2996/16 1646/2997/16 2407/2998/16 1298/2999/16
f 1646/2997/16 1004/1997/16 1680/2014/16 2407/2998/16
f 2407/2998/16 1680/2014/16 1006/1998/16 1648/3000/16
f 1298/2999/16 2407/2998/16 1648/3000/16 838/3001/16
f 835/2169/415 1645/3002/21 2408/3003/21 1295/2185/424
f 1645/3002/21 1003/1991/21 1681/2008/21 2408/3003/21
f 2408/3003/21 1681/2008/21 1005/2012/21 1647/2990/21
f 1295/2185/424 2408/3003/21 1647/2990/21 839/2085/366
f 838/3001/16 1648/3000/16 2409/3004/16 1304/3005/16
f 1648/3000/16 1006/1998/16 1682/2001/16 2409/3004/16
f 2409/3004/16 1682/2001/16 1008/2006/316 1650/2970/836
f 1304/3005/16 2409/3004/16 1650/2970/836 842/2969/835
f 830/3006/16 1644/3007/16 2410/3008/16 1287/3009/16
f 1644/3007/16 1002/1979/16 1683/1993/16 2410/3008/16
f 2410/3008/16 1683/1993/16 1004/1997/16 1646/2997/16
f 1287/3009/16 2410/3008/16 1646/2997/16 834/2996/16
f 831/2166/412 1643/3010/21 2411/3011/21 1289/2167/413
f 1643/3010/21 1001/1967/21 1684/1987/21 2411/3011/21
f 2411/3011/21 1684/1987/21 1003/1991/21 1645/3002/21
f 1289/2167/413 2411/3011/21 1645/3002/21 835/2169/415
f 817/3012/16 1642/3013/16 2412/3014/16 1284/3015/16
f 1642/3013/16 1000/1950/16 1685/1975/16 2412/3014/16
f 2412/3014/16 1685/1975/16 1002/1979/16 1644/3007/16
f 1284/3015/16 2412/3014/16 1644/3007/16 830/3006/16
f 826/1955/294 1639/1952/21 2413/3016/21 1282/2213/437
f 1639/1952/21 997/1951/21 1686/1962/21 2413/3016/21
f 2413/3016/21 1686/1962/21 1001/1967/21 1643/3010/21
f 1282/2213/437 2413/3016/21 1643/3010/21 831/2166/412
f 819/1963/21 1266/1960/21 2414/3017/21 1267/3018/21
f 1266/1960/21 997/1951/21 1687/1954/21 2414/3017/21
f 2414/3017/21 1687/1954/21 998/1959/297 1269/2978/844
f 1267/3018/21 2414/3017/21 1269/2978/844 823/2977/843
f 821/3019/855 1270/3020/856 2416/3021/16 1271/3022/16
f 1270/3020/856 999/1899/251 1688/1946/16 2416/3021/16
f 2416/3021/16 1688/1946/16 1000/1950/16 1642/3013/16
f 1271/3022/16 2416/3021/16 1642/3013/16 817/3012/16
f 1638/3023/456 1020/1888/240 1689/1891/243 2417/3024/857
f 2417/3025/858 1689/1898/250 999/1899/251 1270/3020/856
f 1430/3026/859 2417/3025/858 1270/3020/856 821/3019/855
f 1040/3027/860 1716/3028/861 2418/3029/862 1715/3030/863
f 1716/3028/861 1039/2510/595 1714/2508/594 2418/3029/862
f 2418/3029/862 1714/2508/594 1021/2507/593 1693/3031/864
f 1715/3030/863 2418/3029/862 1693/3031/864 1024/3032/865
f 1031/3033/866 1699/3034/867 2419/3035/867 1709/3036/866
f 1699/3034/867 1030/2938/493 1708/3037/499 2419/3035/867
f 2419/3035/867 1708/3037/499 1033/3038/868 1705/3039/867
f 1709/3036/866 2419/3035/867 1705/3039/867 1036/3040/866
f 1027/3041/866 1695/3042/867 2420/3043/867 1711/3044/866
f 1695/3042/867 1026/2344/493 1710/2359/499 2420/3043/867
f 2420/3043/867 1710/2359/499 1029/2358/495 1701/3045/867
f 1711/3044/866 2420/3043/867 1701/3045/867 1032/3046/866
f 1023/3047/866 1691/3048/867 2421/3049/867 1713/3050/866
f 1691/3048/867 1022/3051/869 1712/3052/499 2421/3049/867
f 2421/3049/867 1712/3052/499 1025/2347/495 1697/3053/867
f 1713/3050/866 2421/3049/867 1697/3053/867 1028/3054/866
f 1022/3051/869 1691/3048/867 2422/3055/867 1690/3056/870
f 1691/3048/867 1023/3047/866 1692/3057/866 2422/3055/867
f 2422/3055/867 1692/3057/866 1024/3032/865 1693/3031/864
f 1690/3056/870 2422/3055/867 1693/3031/864 1021/2507/593
f 1026/2344/493 1695/3042/867 2423/3058/867 1694/2345/494
f 1695/3042/867 1027/3041/866 1696/3059/866 2423/3058/867
f 2423/3058/867 1696/3059/866 1028/3054/866 1697/3053/867
f 1694/2345/494 2423/3058/867 1697/3053/867 1025/2347/495
f 1030/2938/493 1699/3034/867 2424/3060/867 1698/2939/494
f 1699/3034/867 1031/3033/866 1700/3061/866 2424/3060/867
f 2424/3060/867 1700/3061/866 1032/3046/866 1701/3045/867
f 1698/2939/494 2424/3060/867 1701/3045/867 1029/2358/495
f 1034/2288/474 1703/3062/871 2425/3063/867 1702/3064/872
f 1703/3062/871 1035/3065/873 1704/3066/866 2425/3063/867
f 2425/3063/867 1704/3066/866 1036/3040/866 1705/3039/867
f 1702/3064/872 2425/3063/867 1705/3039/867 1033/3038/868
f 1035/3065/873 1703/3062/871 2426/3067/874 1707/3068/875
f 1703/3062/871 1034/2288/474 1706/2286/473 2426/3067/874
f 2426/3067/874 1706/2286/473 1037/2285/472 1717/3069/876
f 1707/3068/875 2426/3067/874 1717/3069/876 1038/3070/877
f 861/1940/288 1411/2531/606 2427/3071/878 1724/3072/879
f 1411/2531/606 862/1933/281 1723/2281/470 2427/3071/878
f 2427/3073/878 1723/2287/470 1034/2288/474 1702/3064/872
f 1724/3074/879 2427/3073/878 1702/3064/872 1033/3038/868
f 870/2269/459 1595/2267/458 2428/3075/880 1402/2496/585
f 1595/2267/458 977/2266/457 1725/3076/881 2428/3075/882
f 2428/3075/882 1725/3076/881 1040/3077/883 1715/3078/884
f 1402/2496/586 2428/3075/882 1715/3078/884 1024/2497/587
f 989/2942/809 1433/2940/808 2429/3079/885 1727/3080/886
f 1433/2940/808 875/2822/731 1726/3081/887 2429/3079/888
f 2429/3079/885 1726/3081/889 1035/3082/890 1707/3083/891
f 1727/3080/886 2429/3079/885 1707/3083/891 1038/3084/892
f 868/2295/476 1441/2294/289 2430/3085/498 1728/3086/893
f 1441/2294/289 865/2293/475 1721/2340/491 2430/3085/498
f 2430/3087/498 1721/2346/491 1025/2347/495 1712/3052/499
f 1728/3088/893 2430/3087/498 1712/3052/499 1022/3051/869
f 977/2883/764 1607/2882/763 2431/3089/894 1725/3090/895
f 1607/2882/763 978/2881/762 1404/3091/896 2431/3089/894
f 2431/3089/894 1404/3091/896 1039/3092/897 1716/3093/898
f 1725/3090/895 2431/3089/894 1716/3093/898 1040/3094/899
f 871/2314/477 1405/2828/477 2432/3095/496 1720/2350/496
f 1405/2828/477 872/2311/477 1729/3096/496 2432/3095/496
f 2432/3095/497 1729/3096/497 1028/3097/497 1696/3098/497
f 1720/2350/497 2432/3095/497 1696/3098/497 1027/2351/497
f 875/2822/731 1413/2825/477 2433/3099/496 1726/3081/887
f 1413/2825/477 876/2323/477 1408/2512/496 2433/3099/496
f 2433/3099/497 1408/2512/497 1036/2514/497 1704/3100/497
f 1726/3081/889 2433/3099/497 1704/3100/497 1035/3082/890
f 872/2311/477 1442/2309/477 2434/3101/496 1729/3096/496
f 1442/2309/477 869/2308/477 1400/2495/496 2434/3101/496
f 2434/3101/497 1400/2495/497 1023/2499/497 1713/3102/497
f 1729/3096/497 2434/3101/497 1713/3102/497 1028/3097/497
f 864/1942/290 1435/1941/289 2435/3103/498 1414/2935/492
f 1435/1941/289 861/1940/288 1724/3072/879 2435/3103/498
f 2435/3104/498 1724/3074/879 1033/3038/868 1708/3037/499
f 1414/2937/492 2435/3104/498 1708/3037/499 1030/2938/493
f 988/2336/487 1630/2334/485 2436/3105/900 1722/3106/901
f 1630/2334/485 989/2330/484 1727/3107/902 2436/3105/900
f 2436/3105/900 1727/3107/902 1038/3108/903 1717/3109/904
f 1722/3106/901 2436/3105/900 1717/3109/904 1037/3110/905
f 867/2503/591 1399/2581/625 2437/3111/906 1406/2504/592
f 1399/2581/625 868/2295/476 1728/3086/893 2437/3111/906
f 2437/3112/906 1728/3088/893 1022/3051/869 1690/3056/870
f 1406/2506/592 2437/3112/906 1690/3056/870 1021/2507/593
f 1244/2224/442 2154/3113/769 2438/3114/768 2131/2225/443
f 2154/3115/767 1223/3116/297 2106/3117/296 2438/3118/766
f 2438/3118/766 2106/3117/296 1052/3119/295 1911/3120/748
f 2131/2225/443 2438/3114/768 1911/3121/752 1214/2226/444
f 1182/3122/274 2058/3123/16 2439/3124/16 2016/3125/273
f 2058/3123/16 1183/3126/268 2017/3127/269 2439/3124/16
f 2439/3124/16 2017/3127/269 1048/3128/270 1733/3129/271
f 2016/3125/273 2439/3124/16 1733/3129/271 1044/3130/272
f 1211/3131/432 2102/3132/435 2440/3133/775 2082/3134/774
f 2102/3132/435 1215/3135/407 2085/3136/776 2440/3133/775
f 2440/3133/775 2085/3136/776 1109/3137/524 1850/3138/523
f 2082/3134/774 2440/3133/775 1850/3138/523 1101/3139/773
f 1184/3140/258 2057/3141/21 2441/3142/21 2018/3143/257
f 2057/3141/21 1181/3144/252 1730/3145/253 2441/3142/21
f 2441/3142/21 1730/3145/253 1042/3146/254 1737/3147/255
f 2018/3143/257 2441/3142/21 1737/3147/255 1046/3148/256
f 1220/3149/460 2056/3150/755 2442/3151/765 2101/3152/461
f 2056/3150/755 1194/3153/636 1885/3154/727 2442/3151/765
f 2442/3151/765 1885/3154/727 1086/3155/591 1897/3156/588
f 2101/3152/461 2442/3151/765 1897/3156/588 1212/3157/464
f 1193/3158/292 2055/3159/287 2443/3160/286 2031/3161/291
f 2055/3159/287 1196/3162/284 1887/3163/285 2443/3160/286
f 2443/3160/286 1887/3163/285 1088/3164/907 1900/3165/289
f 2031/3161/291 2443/3160/286 1900/3165/289 1085/3166/476
f 1223/3116/297 2153/3167/21 2444/3168/21 2106/3117/296
f 2153/3167/21 1224/3169/21 1738/3170/21 2444/3168/21
f 2444/3168/21 1738/3170/21 1049/3171/294 1742/3172/21
f 2106/3117/296 2444/3168/21 1742/3172/21 1052/3119/295
f 1221/3173/16 2152/3174/16 2445/3175/16 2104/3176/16
f 2152/3174/16 1222/3177/251 2105/3178/249 2445/3175/16
f 2445/3175/16 2105/3178/249 1051/3179/248 1743/3180/16
f 2104/3176/16 2445/3175/16 1743/3180/16 1050/3181/293
f 1221/3173/16 2151/3182/16 2446/3183/16 1731/3184/16
f 2151/3182/16 1225/3185/16 1744/3186/16 2446/3183/16
f 2446/3183/16 1744/3186/16 1053/3187/16 1746/3188/16
f 1731/3184/16 2446/3183/16 1746/3188/16 1043/3189/16
f 1215/3135/407 2100/3190/410 2447/3191/785 2085/3136/776
f 2100/3190/410 1216/3192/781 2087/3193/779 2447/3191/785
f 2447/3191/785 2087/3193/779 1118/3194/558 1827/3195/681
f 2085/3136/776 2447/3191/785 1827/3195/681 1109/3137/524
f 1224/3169/21 2150/3196/21 2448/3197/21 1738/3170/21
f 2150/3196/21 1226/3198/21 1745/3199/21 2448/3197/21
f 2448/3197/21 1745/3199/21 1056/3200/412 1748/3201/437
f 1738/3170/21 2448/3197/21 1748/3201/437 1049/3171/294
f 1894/3202/756 1041/3203/756 1736/3204/908 2449/3205/758
f 2449/3205/758 1736/3204/908 1045/3206/759 1895/3207/759
f 1225/3185/16 2149/3208/16 2450/3209/16 1744/3186/16
f 2149/3208/16 1227/3210/16 1750/3211/16 2450/3209/16
f 2450/3209/16 1750/3211/16 1057/3212/16 1753/3213/16
f 1744/3186/16 2450/3209/16 1753/3213/16 1053/3187/16
f 1226/3198/21 2148/3214/21 2451/3215/21 1745/3199/21
f 2148/3214/21 1228/3216/21 1751/3217/21 2451/3215/21
f 2451/3215/21 1751/3217/21 1060/3218/415 1755/3219/413
f 1745/3199/21 2451/3215/21 1755/3219/413 1056/3200/412
f 1230/3220/21 2147/3221/21 2452/3222/21 1758/3223/21
f 2147/3221/21 1232/3224/350 1766/3225/348 2452/3222/21
f 2452/3222/21 1766/3225/348 1068/3226/347 1768/3227/367
f 1758/3223/21 2452/3222/21 1768/3227/367 1064/3228/366
f 1227/3210/16 2146/3229/16 2453/3230/16 1750/3211/16
f 2146/3229/16 1229/3231/16 1757/3232/16 2453/3230/16
f 2453/3230/16 1757/3232/16 1061/3233/16 1762/3234/16
f 1750/3211/16 2453/3230/16 1762/3234/16 1057/3212/16
f 1228/3216/21 2145/3235/21 2454/3236/21 1751/3217/21
f 2145/3235/21 1230/3220/21 1758/3223/21 2454/3236/21
f 2454/3236/21 1758/3223/21 1064/3228/366 1761/3237/424
f 1751/3217/21 2454/3236/21 1761/3237/424 1060/3218/415
f 1216/3192/781 2099/3238/782 2455/3239/780 2087/3193/779
f 2099/3238/782 1217/3240/783 2089/3241/784 2455/3239/780
f 2455/3239/780 2089/3241/784 1125/3242/562 1841/3243/559
f 2087/3193/779 2455/3239/780 1841/3243/559 1118/3194/558
f 1237/3244/332 2144/3245/327 2456/3246/326 2120/3247/394
f 2144/3245/327 1240/3248/324 1823/3249/391 2456/3246/326
f 2456/3246/326 1823/3249/391 1140/3250/392 1933/3251/329
f 2120/3247/394 2456/3246/326 1933/3251/329 1137/3252/393
f 1217/3240/783 2098/3253/909 2457/3254/786 2089/3241/784
f 2098/3253/909 1218/3255/788 2091/3256/789 2457/3254/786
f 2457/3254/786 2091/3256/789 1134/3257/691 1803/3258/689
f 2089/3241/784 2457/3254/786 1803/3258/689 1125/3242/562
f 1242/3259/382 2143/3260/815 2458/3261/813 2129/3262/383
f 2143/3263/811 1231/3264/316 2114/3265/315 2458/3266/810
f 2458/3266/810 2114/3265/315 1067/3267/314 2067/3268/812
f 2129/3262/383 2458/3261/813 2067/3269/814 1208/3270/386
f 1229/3231/16 2142/3271/16 2459/3272/16 1757/3232/16
f 2142/3271/16 1231/3264/316 1765/3273/836 2459/3272/16
f 2459/3272/16 1765/3273/836 1065/3274/835 1770/3275/16
f 1757/3232/16 2459/3272/16 1770/3275/16 1061/3233/16
f 1126/3276/357 1801/3277/358 2460/3278/355 1925/3279/354
f 1801/3277/358 1133/3280/359 1931/3281/360 2460/3278/355
f 2460/3278/355 1931/3281/360 1136/3282/361 1807/3283/356
f 1925/3279/354 2460/3278/355 1807/3283/356 1127/3284/353
f 1128/3285/357 1805/3286/358 2461/3287/355 1926/3288/354
f 1805/3286/358 1135/3289/359 1932/3290/360 2461/3287/355
f 2461/3287/355 1932/3290/360 1138/3291/361 1811/3292/356
f 1926/3288/354 2461/3287/355 1811/3292/356 1129/3293/353
f 1130/3294/357 1809/3295/358 2462/3296/355 1927/3297/354
f 1809/3295/358 1137/3298/359 1933/3299/360 2462/3296/355
f 2462/3296/355 1933/3299/360 1140/3300/361 1815/3301/356
f 1927/3297/354 2462/3296/355 1815/3301/356 1131/3302/353
f 1207/3303/818 2079/3304/819 2463/3305/817 2066/3306/816
f 2079/3304/819 1208/3307/820 2067/3268/812 2463/3305/817
f 2463/3305/817 2067/3268/812 1067/3267/314 1771/3308/313
f 2066/3306/816 2463/3305/817 1771/3308/313 1063/3309/312
f 2464/3310/798 2090/3311/800 1066/3312/800 1769/3313/799
f 2088/3314/797 2464/3310/798 1769/3313/799 1062/3315/797
f 1189/3316/605 2054/3317/376 2465/3318/375 1783/3319/615
f 2054/3317/376 1191/3320/910 2025/3321/617 2465/3318/375
f 2465/3318/375 2025/3321/617 1084/3322/618 1767/3323/619
f 1783/3319/615 2465/3318/375 1767/3323/619 1083/3324/614
f 1243/3325/339 2141/3326/792 2466/3327/791 2130/3328/340
f 2141/3326/792 1234/3329/533 1817/3330/790 2466/3327/791
f 2466/3327/791 1817/3330/790 1134/3331/697 2091/3332/793
f 2130/3328/340 2466/3327/791 2091/3332/793 1218/3333/343
f 1233/3334/332 2140/3335/327 2467/3336/326 2116/3337/331
f 2140/3335/327 1236/3338/324 1819/3339/325 2467/3336/326
f 2467/3336/326 1819/3339/325 1136/3340/328 1931/3341/329
f 2116/3337/331 2467/3336/326 1931/3341/329 1133/3342/330
f 1235/3343/332 2139/3344/327 2468/3345/326 2118/3346/394
f 2139/3344/327 1238/3347/324 1821/3348/325 2468/3345/326
f 2468/3345/326 1821/3348/325 1138/3349/328 1932/3350/329
f 2118/3346/394 2468/3345/326 1932/3350/329 1135/3351/393
f 2469/3352/795 2088/3314/797 1062/3315/797 1763/3353/796
f 2086/3354/794 2469/3352/795 1763/3353/796 1058/3355/794
f 1110/3356/402 1825/3357/403 2470/3358/400 1913/3359/399
f 1825/3357/403 1117/3360/404 1919/3361/405 2470/3358/400
f 2470/3358/400 1919/3361/405 1120/3362/406 1831/3363/401
f 1913/3359/399 2470/3358/400 1831/3363/401 1111/3364/398
f 1112/3365/402 1829/3366/403 2471/3367/400 1914/3368/399
f 1829/3366/403 1119/3369/404 1920/3370/405 2471/3367/400
f 2471/3367/400 1920/3370/405 1122/3371/406 1835/3372/401
f 1914/3368/399 2471/3367/400 1835/3372/401 1113/3373/398
f 1114/3374/402 1833/3375/403 2472/3376/400 1915/3377/399
f 1833/3375/403 1121/3378/404 1921/3379/405 2472/3376/400
f 2472/3376/400 1921/3379/405 1124/3380/406 1839/3381/401
f 1915/3377/399 2472/3376/400 1839/3381/401 1115/3382/398
f 1205/3383/267 2078/3384/299 2473/3385/829 2064/3386/828
f 2078/3384/299 1206/3387/824 2065/3388/823 2473/3385/829
f 2473/3389/827 2065/3390/821 1059/3391/311 1754/3392/310
f 2064/3393/826 2473/3389/827 1754/3392/310 1055/3394/305
f 1117/3360/404 1840/3395/421 2474/3396/419 1919/3361/405
f 1840/3395/421 1126/3276/357 1925/3279/354 2474/3396/419
f 2474/3396/419 1925/3279/354 1127/3284/353 1843/3397/420
f 1919/3361/405 2474/3396/419 1843/3397/420 1120/3362/406
f 1119/3369/404 1842/3398/421 2475/3399/419 1920/3370/405
f 1842/3398/421 1128/3285/357 1926/3288/354 2475/3399/419
f 2475/3399/419 1926/3288/354 1129/3293/353 1845/3400/420
f 1920/3370/405 2475/3399/419 1845/3400/420 1122/3371/406
f 1121/3378/404 1844/3401/421 2476/3402/419 1921/3379/405
f 1844/3401/421 1130/3294/357 1927/3297/354 2476/3402/419
f 2476/3402/419 1927/3297/354 1131/3302/353 1847/3403/420
f 1921/3379/405 2476/3402/419 1847/3403/420 1124/3380/406
f 1206/3404/824 2077/3405/825 2477/3406/822 2065/3390/823
f 2077/3405/825 1207/3303/818 2066/3306/816 2477/3406/822
f 2477/3406/822 2066/3306/816 1063/3309/312 1760/3407/317
f 2065/3390/821 2477/3406/822 1760/3407/317 1059/3391/311
f 2478/3408/777 2081/3409/778 1054/3410/778 1749/3411/777
f 1894/3202/756 2478/3408/777 1749/3411/777 1041/3203/756
f 1102/3412/430 1849/3413/431 2479/3414/428 1899/3415/430
f 1849/3413/431 1110/3356/402 1913/3359/399 2479/3414/428
f 2479/3414/428 1913/3359/399 1111/3364/398 1853/3416/429
f 1899/3415/427 2479/3414/428 1853/3416/429 1103/3417/427
f 1104/3418/430 1852/3419/431 2480/3420/428 1902/3421/430
f 1852/3419/431 1112/3365/402 1914/3368/399 2480/3420/428
f 2480/3420/428 1914/3368/399 1113/3373/398 1856/3422/429
f 1902/3421/427 2480/3420/428 1856/3422/429 1105/3423/427
f 1106/3424/430 1855/3425/431 2481/3426/428 1905/3427/430
f 1855/3425/431 1114/3374/402 1915/3377/399 2481/3426/428
f 2481/3426/428 1915/3377/399 1115/3382/398 1859/3428/429
f 1905/3427/427 2481/3426/428 1859/3428/429 1107/3429/427
f 1203/3430/259 2076/3431/262 2482/3432/834 2062/3433/807
f 2076/3431/262 1205/3383/267 2064/3386/828 2482/3432/834
f 2482/3434/833 2064/3393/826 1055/3394/305 1747/3435/304
f 2062/3436/803 2482/3434/833 1747/3435/304 1050/3181/293
f 2483/3437/801 2086/3354/794 1058/3355/794 1752/3438/801
f 2081/3409/778 2483/3437/801 1752/3438/801 1054/3410/778
f 2484/2246/452 1880/2245/451 1094/3439/731 2060/3440/808
f 2075/2247/453 2484/2246/452 2060/3440/808 1201/3441/809
f 1209/3442/275 2053/3443/806 2485/3444/831 2073/3445/276
f 2053/3446/911 1182/3122/274 2016/3125/273 2485/3447/830
f 2485/3447/830 2016/3125/273 1044/3130/272 2061/3448/488
f 2073/3445/276 2485/3444/831 2061/3449/832 1202/3450/279
f 1086/3155/591 2188/3451/592 2486/3452/589 1897/3156/588
f 2188/3453/592 1258/3454/593 2171/3455/594 2486/3456/589
f 2486/3456/589 2171/3455/594 1261/3457/595 2187/3458/590
f 1897/3156/588 2486/3452/589 2187/3459/590 1212/3157/464
f 1197/3460/292 2052/3461/287 2487/3462/286 2035/3463/291
f 2052/3461/287 1200/3464/284 1891/3465/285 2487/3462/286
f 2487/3462/286 1891/3465/285 1092/3466/288 1906/3467/289
f 2035/3463/291 2487/3462/286 1906/3467/289 1089/3468/290
f 1195/3469/292 2051/3470/287 2488/3471/286 2033/3472/291
f 2051/3470/287 1198/3473/284 1889/3474/285 2488/3471/286
f 2488/3471/286 1889/3474/285 1090/3475/907 1903/3476/289
f 2033/3472/291 2488/3471/286 1903/3476/289 1087/3477/290
f 2489/2242/450 1881/2241/450 1096/3478/477 1907/3479/477
f 2027/2243/450 2489/2242/450 1907/3479/477 1093/3480/477
f 2490/2238/450 1882/2237/450 1098/3481/477 1904/3482/477
f 2028/2239/450 2490/2238/450 1904/3482/477 1095/3483/477
f 2491/2234/450 1883/2233/450 1100/3484/477 1901/3485/477
f 2029/2235/450 2491/2234/450 1901/3485/477 1097/3486/477
f 1219/2228/446 2050/3487/751 2492/3488/772 2096/2229/447
f 2050/3489/749 1184/3140/258 2018/3143/257 2492/3490/770
f 2492/3490/770 2018/3143/257 1046/3148/256 2084/3491/761
f 2096/3492/912 2492/3490/912 2084/3491/912 1213/3493/912
f 1213/3493/764 2084/3491/761 2493/3494/760 2095/3495/763
f 2084/3491/761 1046/3148/256 1737/3147/255 2493/3494/760
f 2493/3494/760 1737/3147/255 1042/3146/254 2083/3496/467
f 2095/3495/763 2493/3494/760 2083/3496/467 1212/3497/762
f 1089/3468/290 2186/3498/492 2494/3499/490 1868/3500/489
f 2186/3501/492 1249/3502/493 2159/3503/494 2494/3504/490
f 2494/3504/490 2159/3503/494 1250/3505/495 2184/3506/491
f 1868/3500/489 2494/3499/490 2184/3507/491 1090/3475/907
f 1098/3481/477 2183/3508/496 2495/3509/496 1904/3482/477
f 2183/3508/497 1256/3510/497 2176/3511/497 2495/3509/497
f 2495/3509/497 2176/3511/497 1251/3512/497 2185/3513/497
f 1904/3482/477 2495/3509/496 2185/3513/496 1095/3483/477
f 1090/3475/907 2184/3507/491 2496/3514/498 1903/3476/289
f 2184/3506/491 1250/3505/495 2175/3515/499 2496/3516/498
f 2496/3516/498 2175/3515/499 1253/3517/493 1877/3518/492
f 1903/3476/289 2496/3514/498 1877/3519/492 1087/3477/290
f 1122/3371/406 1812/3520/542 2497/3521/540 1835/3372/401
f 1812/3520/542 1168/3522/543 1962/3523/544 2497/3521/540
f 2497/3521/540 1962/3523/544 1165/3524/545 1987/3525/541
f 1835/3372/401 2497/3521/540 1987/3525/541 1113/3373/398
f 1115/3382/398 1997/3526/541 2498/3527/579 1859/3428/429
f 1997/3526/541 1169/3528/545 1986/3529/581 2498/3527/579
f 2498/3530/579 1986/3531/581 1179/3532/673 1992/3533/685
f 1859/3534/578 2498/3530/579 1992/3533/685 1107/3535/641
f 1130/3294/357 1838/3536/537 2499/3537/554 1809/3295/358
f 1838/3536/537 1150/3538/539 1944/3539/555 2499/3537/554
f 2499/3537/554 1944/3539/555 1151/3540/557 1996/3541/556
f 1809/3295/358 2499/3537/553 1996/3541/553 1137/3298/359
f 1108/3542/646 1991/3543/684 2500/3544/913 1858/3545/914
f 1991/3543/684 1180/3546/678 1985/3547/677 2500/3544/913
f 2500/3548/913 1985/3549/677 1170/3550/669 1995/3551/695
f 1858/3552/264 2500/3548/913 1995/3551/695 1116/3553/265
f 1233/3334/332 2138/3554/535 2501/3555/529 1816/3556/529
f 2138/3554/535 1234/3329/533 2117/3557/534 2501/3555/529
f 1235/3343/332 2137/3558/532 2502/3559/529 1818/3560/529
f 2137/3558/532 1236/3338/324 2119/3561/529 2502/3559/529
f 1237/3244/332 2136/3562/532 2503/3563/529 1820/3564/529
f 2136/3562/532 1238/3347/324 2121/3565/529 2503/3563/529
f 1239/3566/390 2135/3567/530 2504/3568/529 1822/3569/531
f 2135/3567/530 1240/3248/324 2123/3570/529 2504/3568/529
f 1131/3302/353 1994/3571/513 2505/3572/583 1847/3403/420
f 1994/3571/513 1153/3573/518 1974/3574/584 2505/3572/583
f 2505/3572/583 1974/3574/584 1172/3575/543 1993/3576/542
f 1847/3403/420 2505/3572/583 1993/3576/542 1124/3380/406
f 1114/3374/402 1830/3577/502 2506/3578/500 1833/3375/403
f 1830/3577/502 1166/3579/503 1960/3580/504 2506/3578/500
f 2506/3578/500 1960/3580/504 1167/3581/505 1836/3582/501
f 1833/3375/403 2506/3578/500 1836/3582/501 1121/3378/404
f 1107/3535/641 1992/3533/685 2507/3583/686 1857/3584/642
f 1992/3585/685 1179/3586/673 1984/3587/676 2507/3588/687
f 2507/3588/688 1984/3587/676 1180/3589/678 1991/3590/684
f 1857/3591/645 2507/3592/683 1991/3543/684 1108/3542/646
f 1136/3282/361 1804/3593/514 2508/3594/514 1807/3283/356
f 1804/3593/515 1148/3595/516 1942/3596/517 2508/3594/512
f 2508/3594/512 1942/3596/517 1145/3597/518 1990/3598/513
f 1807/3283/356 2508/3594/512 1990/3598/513 1127/3284/353
f 1123/3599/301 1989/3600/710 2509/3601/711 1846/3602/320
f 1989/3600/710 1171/3603/667 1973/3604/672 2509/3601/711
f 2509/3601/711 1973/3604/672 1154/3605/660 1988/3606/712
f 1846/3602/320 2509/3601/711 1988/3606/712 1132/3607/321
f 1113/3373/398 1987/3525/541 2510/3608/579 1856/3422/429
f 1987/3525/541 1165/3524/545 1983/3609/581 2510/3608/579
f 2510/3610/579 1983/3611/581 1177/3612/582 1800/3613/580
f 1856/3614/578 2510/3610/579 1800/3613/580 1105/3615/577
f 1135/3351/393 1834/3616/574 2511/3617/574 1806/3618/573
f 1834/3619/556 1147/3620/557 1941/3621/576 2511/3622/575
f 2511/3622/575 1941/3621/576 1148/3595/516 1804/3593/515
f 1806/3618/571 2511/3617/572 1804/3623/572 1136/3340/328
f 1129/3293/353 1808/3624/513 2512/3625/583 1845/3400/420
f 1808/3624/513 1149/3626/518 1972/3627/584 2512/3625/583
f 2512/3625/583 1972/3627/584 1168/3522/543 1812/3520/542
f 1845/3400/420 2512/3625/583 1812/3520/542 1122/3371/406
f 1120/3362/406 1824/3628/542 2513/3629/540 1831/3363/401
f 1824/3628/542 1164/3630/543 1958/3631/544 2513/3629/540
f 2513/3629/540 1958/3631/544 1161/3632/545 1826/3633/541
f 1831/3363/401 2513/3629/540 1826/3633/541 1111/3364/398
f 1106/3634/568 1828/3635/569 2514/3636/506 1855/3637/507
f 1828/3635/569 1178/3638/570 1982/3639/511 2514/3636/506
f 2514/3640/506 1982/3641/511 1166/3579/503 1830/3577/502
f 1855/3425/431 2514/3640/506 1830/3577/502 1114/3374/402
f 1128/3285/357 1832/3642/537 2515/3643/554 1805/3286/358
f 1832/3642/537 1146/3644/539 1940/3645/555 2515/3643/554
f 2515/3643/554 1940/3645/555 1147/3620/557 1834/3619/556
f 1805/3286/358 2515/3643/553 1834/3619/553 1135/3289/359
f 1121/3378/404 1836/3582/501 2516/3646/536 1844/3401/421
f 1836/3582/501 1167/3581/505 1971/3647/538 2516/3646/536
f 2516/3646/536 1971/3647/538 1150/3538/539 1838/3536/537
f 1844/3401/421 2516/3646/536 1838/3536/537 1130/3294/357
f 1097/3486/477 1875/3648/496 2521/3649/496 1874/3650/477
f 1875/3648/497 1255/3651/497 2165/3652/497 2521/3649/497
f 2521/3649/497 2165/3652/497 1256/3510/497 2183/3508/497
f 1874/3650/477 2521/3649/496 2183/3508/496 1098/3481/477
f 1093/3480/477 1865/3653/496 2522/3654/496 1866/3655/477
f 1865/3653/497 1247/3656/497 2157/3657/497 2522/3654/497
f 2522/3654/497 2157/3657/497 1248/3658/890 1867/3659/889
f 1866/3655/477 2522/3654/496 1867/3659/887 1094/3439/731
f 1202/3450/279 1869/3660/471 2523/3661/469 1909/3662/280
f 1869/3663/471 1263/3664/472 2179/3665/473 2523/3666/469
f 2523/3666/469 2179/3665/473 1245/3667/474 1871/3668/470
f 1909/3662/280 2523/3661/469 1871/3669/470 1091/3670/281
f 1100/3484/477 1873/3671/496 2524/3672/496 1901/3485/477
f 1873/3671/497 1260/3673/497 2174/3674/497 2524/3672/497
f 2524/3672/497 2174/3674/497 1255/3651/497 1875/3648/497
f 1901/3485/477 2524/3672/496 1875/3648/496 1097/3486/477
f 1197/3460/292 2049/3675/601 2525/3676/726 1888/3677/725
f 2049/3675/601 1187/3678/605 1781/3679/615 2525/3676/726
f 2525/3676/726 1781/3679/615 1079/3680/614 1776/3681/623
f 1888/3682/725 2525/3683/726 1776/3684/623 1106/3634/568
f 1196/3162/284 2048/3685/598 2526/3686/723 1887/3163/285
f 2048/3685/598 1192/3687/373 1799/3688/724 2526/3686/723
f 2526/3686/723 1799/3688/724 1071/3689/634 1788/3690/633
f 1887/3163/285 2526/3686/723 1788/3690/633 1088/3164/907
f 1086/3155/591 1778/3691/628 2527/3692/626 1876/3693/625
f 1778/3691/628 1069/3694/629 1797/3695/630 2527/3692/626
f 2527/3692/626 1797/3695/630 1070/3696/631 1789/3697/627
f 1876/3693/625 2527/3692/626 1789/3697/627 1085/3166/476
f 1195/3469/292 2047/3698/601 2528/3699/726 1886/3700/725
f 2047/3698/601 1188/3701/605 1782/3702/615 2528/3699/726
f 2528/3699/726 1782/3702/615 1081/3703/614 1790/3704/623
f 1886/3705/725 2528/3706/726 1790/3707/623 1104/3708/568
f 1188/3701/605 2046/3709/376 2529/3710/375 1782/3702/615
f 2046/3709/376 1192/3687/373 2026/3711/374 2529/3710/375
f 2529/3710/375 2026/3711/374 1082/3712/377 1787/3713/613
f 1782/3702/615 2529/3710/375 1787/3713/613 1081/3703/614
f 1187/3678/605 2045/3714/376 2530/3715/375 1781/3679/615
f 2045/3714/376 1186/3716/373 2020/3717/374 2530/3715/375
f 2530/3715/375 2020/3717/374 1080/3718/377 1786/3719/613
f 1781/3679/615 2530/3715/375 1786/3719/613 1079/3680/614
f 1190/3720/915 2044/3721/376 2531/3722/375 1791/3723/380
f 2044/3721/376 1185/3724/373 2019/3725/374 2531/3722/375
f 2531/3722/375 2019/3725/374 1078/3726/377 1785/3727/378
f 1791/3723/380 2531/3722/375 1785/3727/378 1077/3728/379
f 1106/3634/568 1776/3684/623 2532/3729/624 1854/3730/622
f 1776/3681/623 1079/3680/614 1786/3719/613 2532/3731/624
f 2532/3731/621 1786/3719/613 1080/3718/377 1756/3732/599
f 1854/3733/620 2532/3734/621 1756/3735/599 1105/3615/577
f 1198/3473/284 2043/3736/598 2533/3737/723 1889/3474/285
f 2043/3736/598 1186/3716/373 1780/3738/724 2533/3737/723
f 2533/3737/723 1780/3738/724 1073/3739/634 1794/3740/633
f 1889/3474/285 2533/3737/723 1794/3740/633 1090/3475/907
f 1092/3466/288 1793/3741/609 2534/3742/607 1864/3743/606
f 1793/3741/609 1075/3744/610 1784/3745/611 2534/3742/607
f 2534/3742/607 1784/3745/611 1076/3746/612 1775/3747/608
f 1864/3743/606 2534/3742/607 1775/3747/608 1091/3670/281
f 1088/3164/907 1788/3690/633 2535/3748/632 1872/3749/489
f 1788/3690/633 1071/3689/634 1764/3750/635 2535/3748/632
f 2535/3748/632 1764/3750/635 1072/3751/603 1779/3752/602
f 1872/3749/489 2535/3748/632 1779/3752/602 1087/3477/290
f 1199/3753/283 2042/3754/653 2536/3755/722 1890/3756/721
f 2042/3754/653 1190/3720/915 1791/3723/380 2536/3755/722
f 2536/3755/722 1791/3723/380 1077/3728/379 1774/3757/647
f 1890/3756/721 2536/3755/722 1774/3757/647 1108/3758/646
f 1102/3759/508 1773/3760/650 2537/3761/651 1848/3762/546
f 1773/3763/650 1083/3324/614 1767/3323/619 2537/3764/651
f 2537/3764/649 1767/3323/619 1084/3322/618 1792/3765/916
f 1848/3766/548 2537/3767/649 1792/3768/916 1101/3769/519
f 1200/3464/284 2041/3770/598 2538/3771/723 1891/3465/285
f 2041/3770/598 1185/3724/373 1759/3772/724 2538/3771/723
f 2538/3771/723 1759/3772/724 1075/3744/610 1793/3741/609
f 1891/3465/285 2538/3771/723 1793/3741/609 1092/3466/288
f 1193/3158/292 2040/3773/601 2539/3774/726 1884/3775/725
f 2040/3773/601 1189/3316/605 1783/3319/615 2539/3774/726
f 2539/3774/726 1783/3319/615 1083/3324/614 1773/3763/650
f 1884/3776/725 2539/3777/726 1773/3760/650 1102/3759/508
f 1108/3542/646 1774/3778/647 2540/3779/648 1857/3591/645
f 1774/3757/647 1077/3728/379 1785/3727/378 2540/3780/648
f 2540/3780/643 1785/3727/378 1078/3726/377 1772/3781/644
f 1857/3584/642 2540/3782/643 1772/3783/644 1107/3535/641
f 1194/3153/636 2039/3784/639 2541/3785/728 1885/3154/727
f 2039/3784/639 1191/3320/910 1798/3786/729 2541/3785/728
f 2541/3785/728 1798/3786/729 1069/3694/629 1778/3691/628
f 1885/3154/727 2541/3785/728 1778/3691/628 1086/3155/591
f 1104/3708/568 1790/3707/623 2542/3787/624 1851/3788/622
f 1790/3704/623 1081/3703/614 1787/3713/613 2542/3789/624
f 2542/3789/621 1787/3713/613 1082/3712/377 1777/3790/599
f 1851/3791/620 2542/3792/621 1777/3793/599 1103/3794/577
f 1090/3475/907 1794/3740/633 2543/3795/632 1868/3500/489
f 1794/3740/633 1073/3739/634 1796/3796/635 2543/3795/632
f 2543/3795/632 1796/3796/635 1074/3797/603 1795/3798/602
f 1868/3500/489 2543/3795/632 1795/3798/602 1089/3468/290
f 1142/3799/539 1935/3800/656 2544/3801/655 1936/3802/555
f 1935/3800/656 1141/3803/564 1938/3804/661 2544/3801/655
f 2544/3801/655 1938/3804/661 1144/3805/917 1937/3806/663
f 1936/3802/555 2544/3801/655 1937/3806/663 1143/3807/557
f 1146/3644/539 1939/3808/656 2545/3809/655 1940/3645/555
f 1939/3808/656 1145/3597/518 1942/3596/517 2545/3809/655
f 2545/3809/655 1942/3596/517 1148/3595/516 1941/3621/576
f 1940/3645/555 2545/3809/655 1941/3621/576 1147/3620/557
f 1150/3538/539 1943/3810/656 2546/3811/655 1944/3539/555
f 1943/3810/656 1149/3626/518 1946/3812/517 2546/3811/655
f 2546/3811/655 1946/3812/517 1152/3813/516 1945/3814/576
f 1944/3539/555 2546/3811/655 1945/3814/576 1151/3540/557
f 1154/3605/660 1947/3815/656 2547/3816/655 1948/3817/659
f 1947/3815/656 1153/3573/518 1950/3818/517 2547/3816/655
f 2547/3816/655 1950/3818/517 1156/3819/516 1949/3820/657
f 1948/3817/659 2547/3816/655 1949/3820/657 1155/3821/658
f 1158/3822/918 1951/3823/665 2548/3824/664 1952/3825/504
f 1951/3823/665 1157/3826/526 1954/3827/670 2548/3824/664
f 2548/3824/664 1954/3827/670 1160/3828/566 1953/3829/666
f 1952/3825/504 2548/3824/664 1953/3829/666 1159/3830/505
f 1162/3831/918 1955/3832/665 2549/3833/664 1956/3834/504
f 1955/3832/665 1161/3632/545 1958/3631/544 2549/3833/664
f 2549/3833/664 1958/3631/544 1164/3630/543 1957/3835/666
f 1956/3834/504 2549/3833/664 1957/3835/666 1163/3836/505
f 1166/3579/503 1959/3837/665 2550/3838/664 1960/3580/504
f 1959/3837/665 1165/3524/545 1962/3523/544 2550/3838/664
f 2550/3838/664 1962/3523/544 1168/3522/543 1961/3839/666
f 1960/3580/504 2550/3838/664 1961/3839/666 1167/3581/505
f 1170/3550/669 1963/3840/665 2551/3841/664 1964/3842/668
f 1963/3840/665 1169/3528/545 1966/3843/544 2551/3841/664
f 2551/3841/664 1966/3843/544 1172/3575/543 1965/3844/666
f 1964/3842/668 2551/3841/664 1965/3844/666 1171/3603/667
f 1159/3830/505 1953/3829/666 2552/3845/671 1967/3846/538
f 1953/3829/666 1160/3828/566 1968/3847/565 2552/3845/671
f 2552/3845/671 1968/3847/565 1141/3803/564 1935/3800/656
f 1967/3846/538 2552/3845/671 1935/3800/656 1142/3799/539
f 1163/3836/505 1957/3835/666 2553/3848/671 1969/3849/538
f 1957/3835/666 1164/3630/543 1970/3850/584 2553/3848/671
f 2553/3848/671 1970/3850/584 1145/3597/518 1939/3808/656
f 1969/3849/538 2553/3848/671 1939/3808/656 1146/3644/539
f 1167/3581/505 1961/3839/666 2554/3851/671 1971/3647/538
f 1961/3839/666 1168/3522/543 1972/3627/584 2554/3851/671
f 2554/3851/671 1972/3627/584 1149/3626/518 1943/3810/656
f 1971/3647/538 2554/3851/671 1943/3810/656 1150/3538/539
f 1171/3603/667 1965/3844/666 2555/3852/671 1973/3604/672
f 1965/3844/666 1172/3575/543 1974/3574/584 2555/3852/671
f 2555/3852/671 1974/3574/584 1153/3573/518 1947/3815/656
f 1973/3604/672 2555/3852/671 1947/3815/656 1154/3605/660
f 1174/3853/510 1975/3854/551 2556/3855/675 1976/3856/680
f 1975/3854/551 1173/3857/528 1977/3858/527 2556/3855/675
f 2556/3855/675 1977/3858/527 1157/3826/526 1951/3823/665
f 1976/3856/680 2556/3855/675 1951/3823/665 1158/3822/918
f 1176/3859/570 1978/3860/679 2557/3861/675 1979/3862/680
f 1978/3860/679 1175/3863/582 1980/3864/674 2557/3861/675
f 2557/3861/675 1980/3864/674 1161/3632/545 1955/3832/665
f 1979/3862/680 2557/3861/675 1955/3832/665 1162/3831/918
f 1178/3865/570 1981/3866/679 2558/3867/675 1982/3641/680
f 1981/3866/679 1177/3868/582 1983/3609/674 2558/3867/675
f 2558/3867/675 1983/3609/674 1165/3524/545 1959/3837/665
f 1982/3641/680 2558/3867/675 1959/3837/665 1166/3579/503
f 1180/3589/678 1984/3587/676 2559/3869/675 1985/3549/677
f 1984/3587/676 1179/3586/673 1986/3529/674 2559/3869/675
f 2559/3869/675 1986/3529/674 1169/3528/545 1963/3840/665
f 1985/3549/677 2559/3869/675 1963/3840/665 1170/3550/669
f 1137/3252/393 1996/3870/574 2560/3871/574 1810/3872/573
f 1996/3541/556 1151/3540/557 1945/3814/576 2560/3873/575
f 2560/3873/575 1945/3814/576 1152/3813/516 1998/3874/515
f 1810/3872/571 2560/3871/572 1998/3875/572 1138/3349/328
f 1138/3291/361 1998/3874/514 2561/3876/514 1811/3292/356
f 1998/3874/515 1152/3813/516 1946/3812/517 2561/3876/512
f 2561/3876/512 1946/3812/517 1149/3626/518 1808/3624/513
f 1811/3292/356 2561/3876/512 1808/3624/513 1129/3293/353
f 1116/3553/265 1995/3551/695 2562/3877/709 1837/3878/300
f 1995/3551/695 1170/3550/669 1964/3842/668 2562/3877/709
f 2562/3877/709 1964/3842/668 1171/3603/667 1989/3600/710
f 1837/3878/300 2562/3877/709 1989/3600/710 1123/3599/301
f 1101/3769/519 2000/3879/522 2563/3880/549 1848/3766/548
f 2000/3881/522 1173/3857/528 1975/3854/551 2563/3882/550
f 2563/3882/552 1975/3854/551 1174/3853/510 1999/3883/509
f 1848/3762/546 2563/3884/547 1999/3885/509 1102/3759/508
f 1102/3759/508 1999/3885/509 2564/3886/506 1849/3887/507
f 1999/3885/509 1174/3888/510 1976/3889/511 2564/3886/506
f 2564/3890/506 1976/3856/511 1158/3822/918 2001/3891/502
f 1849/3413/431 2564/3890/506 2001/3891/502 1110/3356/402
f 1110/3356/402 2001/3891/502 2565/3892/500 1825/3357/403
f 2001/3891/502 1158/3822/918 1952/3825/504 2565/3892/500
f 2565/3892/500 1952/3825/504 1159/3830/505 2002/3893/501
f 1825/3357/403 2565/3892/500 2002/3893/501 1117/3360/404
f 1132/3607/321 1988/3606/712 2566/3894/720 1813/3895/335
f 1988/3606/712 1154/3605/660 1948/3817/659 2566/3894/720
f 2566/3894/720 1948/3817/659 1155/3821/658 2003/3896/718
f 1813/3895/335 2566/3894/719 2003/3896/719 1139/3897/336
f 1124/3380/406 1993/3576/542 2567/3898/540 1839/3381/401
f 1993/3576/542 1172/3575/543 1966/3843/544 2567/3898/540
f 2567/3898/540 1966/3843/544 1169/3528/545 1997/3526/541
f 1839/3381/401 2567/3898/540 1997/3526/541 1115/3382/398
f 1109/3137/524 2004/3899/525 2568/3900/521 1850/3138/523
f 2004/3899/525 1157/3826/526 1977/3858/527 2568/3900/521
f 2568/3901/521 1977/3902/527 1173/3903/528 2000/3879/522
f 1850/3904/919 2568/3901/521 2000/3879/522 1101/3769/519
f 1139/3905/388 2003/3906/716 2569/3907/716 1814/3908/715
f 2003/3896/718 1155/3821/658 1949/3820/657 2569/3909/717
f 2569/3909/717 1949/3820/657 1156/3819/516 2005/3910/704
f 1814/3908/713 2569/3907/714 2005/3911/714 1140/3250/392
f 1117/3360/404 2002/3893/501 2570/3912/536 1840/3395/421
f 2002/3893/501 1159/3830/505 1967/3846/538 2570/3912/536
f 2570/3912/536 1967/3846/538 1142/3799/539 2006/3913/537
f 1840/3395/421 2570/3912/536 2006/3913/537 1126/3276/357
f 1126/3276/357 2006/3913/537 2571/3914/554 1801/3277/358
f 2006/3913/537 1142/3799/539 1936/3802/555 2571/3914/554
f 2571/3914/554 1936/3802/555 1143/3807/557 2007/3915/703
f 1801/3277/358 2571/3914/553 2007/3915/553 1133/3280/359
f 1103/3794/577 2009/3916/580 2572/3917/706 1851/3791/620
f 2009/3918/580 1175/3863/582 1978/3860/679 2572/3919/707
f 2572/3919/708 1978/3860/679 1176/3859/570 2008/3920/569
f 1851/3788/622 2572/3921/705 2008/3922/569 1104/3708/568
f 1118/3194/558 2010/3923/561 2573/3924/682 1827/3195/681
f 2010/3923/561 1160/3828/566 1954/3827/670 2573/3924/682
f 2573/3924/682 1954/3827/670 1157/3826/526 2004/3899/525
f 1827/3195/681 2573/3924/682 2004/3899/525 1109/3137/524
f 1140/3300/361 2005/3910/514 2574/3925/514 1815/3301/356
f 2005/3910/704 1156/3819/516 1950/3818/517 2574/3925/512
f 2574/3925/512 1950/3818/517 1153/3573/518 1994/3571/513
f 1815/3301/356 2574/3925/512 1994/3571/513 1131/3302/353
f 1125/3242/562 2011/3926/563 2575/3927/560 1841/3243/559
f 2011/3926/563 1141/3803/564 1968/3847/565 2575/3927/560
f 2575/3927/560 1968/3847/565 1160/3828/566 2010/3923/561
f 1841/3243/559 2575/3927/560 2010/3923/561 1118/3194/558
f 1133/3342/330 2007/3928/701 2576/3929/701 1802/3930/700
f 2007/3915/703 1143/3807/557 1937/3806/663 2576/3931/702
f 2576/3931/702 1937/3806/663 1144/3805/917 2012/3932/693
f 1802/3930/698 2576/3929/699 2012/3933/699 1134/3331/697
f 1104/3708/568 2008/3922/569 2577/3934/506 1852/3935/507
f 2008/3922/569 1176/3936/570 1979/3937/511 2577/3934/506
f 2577/3938/506 1979/3862/511 1162/3831/918 2013/3939/502
f 1852/3419/431 2577/3938/506 2013/3939/502 1112/3365/402
f 1119/3369/404 2014/3940/501 2578/3941/536 1842/3398/421
f 2014/3940/501 1163/3836/505 1969/3849/538 2578/3941/536
f 2578/3941/536 1969/3849/538 1146/3644/539 1832/3642/537
f 1842/3398/421 2578/3941/536 1832/3642/537 1128/3285/357
f 1134/3257/691 2012/3932/692 2579/3942/692 1803/3258/689
f 2012/3932/693 1144/3805/917 1938/3804/661 2579/3942/690
f 2579/3942/690 1938/3804/661 1141/3803/564 2011/3926/563
f 1803/3258/689 2579/3942/690 2011/3926/563 1125/3242/562
f 1111/3364/398 1826/3633/541 2580/3943/920 1853/3416/429
f 1826/3633/541 1161/3632/545 1980/3864/581 2580/3943/920
f 2580/3944/920 1980/3945/581 1175/3946/582 2009/3916/580
f 1853/3947/578 2580/3944/920 2009/3916/580 1103/3794/577
f 1112/3365/402 2013/3939/502 2581/3948/500 1829/3366/403
f 2013/3939/502 1162/3831/918 1956/3834/504 2581/3948/500
f 2581/3948/500 1956/3834/504 1163/3836/505 2014/3940/501
f 1829/3366/403 2581/3948/500 2014/3940/501 1119/3369/404
f 1127/3284/353 1990/3598/513 2582/3949/583 1843/3397/420
f 1990/3598/513 1145/3597/518 1970/3850/584 2582/3949/583
f 2582/3949/583 1970/3850/584 1164/3630/543 1824/3628/542
f 1843/3397/420 2582/3949/583 1824/3628/542 1120/3362/406
f 1105/3615/577 1800/3613/580 2583/3950/706 1854/3733/620
f 1800/3951/580 1177/3868/582 1981/3866/679 2583/3952/707
f 2583/3952/708 1981/3866/679 1178/3865/570 1828/3953/569
f 1854/3730/622 2583/3954/705 1828/3635/569 1106/3634/568
f 1101/3955/519 1792/3765/916 2584/3956/638 2032/3957/637
f 1792/3765/916 1084/3322/618 2025/3321/617 2584/3956/638
f 2584/3956/638 2025/3321/617 1191/3320/910 2039/3784/639
f 2032/3957/637 2584/3956/638 2039/3784/639 1194/3153/636
f 1085/3166/476 1789/3697/627 2585/3958/600 2031/3161/291
f 1789/3697/627 1070/3696/631 2023/3959/604 2585/3958/600
f 2585/3958/600 2023/3959/604 1189/3316/605 2040/3773/601
f 2031/3161/291 2585/3958/600 2040/3773/601 1193/3158/292
f 1107/3535/641 1772/3783/644 2586/3960/597 2038/3961/596
f 1772/3781/644 1078/3726/377 2019/3725/374 2586/3962/597
f 2586/3962/597 2019/3725/374 1185/3724/373 2041/3770/598
f 2038/3963/596 2586/3962/597 2041/3770/598 1200/3464/284
f 1091/3670/281 1775/3747/608 2587/3964/652 2037/3965/282
f 1775/3747/608 1076/3746/612 2024/3966/654 2587/3964/652
f 2587/3964/652 2024/3966/654 1190/3720/915 2042/3754/653
f 2037/3965/282 2587/3964/652 2042/3754/653 1199/3753/283
f 1105/3615/577 1756/3735/599 2588/3967/597 2036/3968/596
f 1756/3732/599 1080/3718/377 2020/3717/374 2588/3969/597
f 2588/3969/597 2020/3717/374 1186/3716/373 2043/3736/598
f 2036/3970/596 2588/3969/597 2043/3736/598 1198/3473/284
f 1076/3746/612 1784/3745/611 2589/3971/730 2024/3966/654
f 1784/3745/611 1075/3744/610 1759/3772/724 2589/3971/730
f 2589/3971/730 1759/3772/724 1185/3724/373 2044/3721/376
f 2024/3966/654 2589/3971/730 2044/3721/376 1190/3720/915
f 1074/3797/603 1796/3796/635 2590/3972/730 2021/3973/604
f 1796/3796/635 1073/3739/634 1780/3738/724 2590/3972/730
f 2590/3972/730 1780/3738/724 1186/3716/373 2045/3714/376
f 2021/3973/604 2590/3972/730 2045/3714/376 1187/3678/605
f 1072/3751/603 1764/3750/635 2591/3974/730 2022/3975/921
f 1764/3750/635 1071/3689/634 1799/3688/724 2591/3974/730
f 2591/3974/730 1799/3688/724 1192/3687/373 2046/3709/376
f 2022/3975/921 2591/3974/730 2046/3709/376 1188/3701/605
f 1087/3477/290 1779/3752/602 2592/3976/600 2033/3472/291
f 1779/3752/602 1072/3751/603 2022/3975/921 2592/3976/600
f 2592/3976/600 2022/3975/921 1188/3701/605 2047/3698/601
f 2033/3472/291 2592/3976/600 2047/3698/601 1195/3469/292
f 1103/3794/577 1777/3793/599 2593/3977/597 2034/3978/596
f 1777/3790/599 1082/3712/377 2026/3711/374 2593/3979/597
f 2593/3979/597 2026/3711/374 1192/3687/373 2048/3685/598
f 2034/3980/596 2593/3979/597 2048/3685/598 1196/3162/284
f 1089/3468/290 1795/3798/602 2594/3981/600 2035/3463/291
f 1795/3798/602 1074/3797/603 2021/3973/604 2594/3981/600
f 2594/3981/600 2021/3973/604 1187/3678/605 2049/3675/601
f 2035/3463/291 2594/3981/600 2049/3675/601 1197/3460/292
f 1099/3982/459 1878/3983/477 2595/2232/450 2030/2231/449
f 1878/3983/477 1100/3484/477 1883/2233/450 2595/2232/450
f 1097/3486/477 1874/3650/477 2596/2236/450 2029/2235/450
f 1874/3650/477 1098/3481/477 1882/2237/450 2596/2236/450
f 1095/3483/477 1870/3984/477 2597/2240/450 2028/2239/450
f 1870/3984/477 1096/3478/477 1881/2241/450 2597/2240/450
f 1093/3480/477 1866/3655/477 2598/2244/450 2027/2243/450
f 1866/3655/477 1094/3439/731 1880/2245/451 2598/2244/450
f 1214/2226/444 1911/3121/752 2599/3985/750 2094/2227/445
f 1911/3120/748 1052/3119/295 1741/3986/746 2599/3987/747
f 2599/3987/747 1741/3986/746 1184/3140/258 2050/3489/749
f 2094/2227/445 2599/3985/750 2050/3487/751 1219/2228/446
f 1104/3988/568 1902/3989/737 2600/3990/735 1886/3700/725
f 1902/3989/736 1105/3991/577 2036/3970/596 2600/3990/735
f 2600/3990/735 2036/3970/596 1198/3473/284 2051/3470/287
f 1886/3700/725 2600/3990/735 2051/3470/287 1195/3469/292
f 1106/3992/568 1905/3993/737 2601/3994/735 1888/3677/725
f 1905/3993/736 1107/3995/641 2038/3963/596 2601/3994/735
f 2601/3994/735 2038/3963/596 1200/3464/284 2052/3461/287
f 1888/3677/725 2601/3994/735 2052/3461/287 1197/3460/292
f 1203/3996/259 2062/3997/807 2602/3998/805 2071/3999/742
f 2062/3436/803 1050/3181/293 1739/4000/745 2602/4001/802
f 2602/4001/802 1739/4000/745 1182/3122/274 2053/3446/911
f 2071/3999/742 2602/3998/805 2053/3443/806 1209/3442/275
f 1070/3696/631 1797/3695/630 2603/4002/730 2023/3959/604
f 1797/3695/630 1069/3694/629 1798/3786/729 2603/4002/730
f 2603/4002/730 1798/3786/729 1191/3320/910 2054/3317/376
f 2023/3959/604 2603/4002/730 2054/3317/376 1189/3316/605
f 1102/4003/508 1899/4004/737 2604/4005/735 1884/3775/725
f 1899/4004/736 1103/4006/577 2034/3980/596 2604/4005/735
f 2604/4005/735 2034/3980/596 1196/3162/284 2055/3159/287
f 1884/3775/725 2604/4005/735 2055/3159/287 1193/3158/292
f 1211/4007/432 2082/4008/754 2605/4009/753 2093/4010/738
f 2082/4008/754 1101/3955/519 2032/3957/637 2605/4009/753
f 2605/4009/753 2032/3957/637 1194/3153/636 2056/3150/755
f 2093/4010/738 2605/4009/753 2056/3150/755 1220/3149/460
f 1052/3119/295 1742/3172/21 2606/4011/21 1741/3986/746
f 1742/3172/21 1049/3171/294 2015/4012/741 2606/4011/21
f 2606/4011/21 2015/4012/741 1181/3144/252 2057/3141/21
f 1741/3986/746 2606/4011/21 2057/3141/21 1184/3140/258
f 1050/3181/293 1743/3180/16 2607/4013/16 1739/4000/745
f 1743/3180/16 1051/3179/248 1740/4014/734 2607/4013/16
f 2607/4013/16 1740/4014/734 1183/3126/268 2058/3123/16
f 1739/4000/745 2607/4013/16 2058/3123/16 1182/3122/274
f 1051/3179/248 2063/4015/247 2608/4016/733 1740/4014/734
f 2063/4017/245 1204/2250/244 2070/2249/455 2608/4018/732
f 2608/4018/732 2070/2249/455 1210/2248/454 2069/4019/479
f 1740/4014/734 2608/4016/733 2069/4020/483 1183/3126/268
f 1108/3758/646 1910/4021/744 2609/4022/743 1890/3756/721
f 1910/4021/744 1203/3996/259 2071/3999/742 2609/4022/743
f 2609/4022/743 2071/3999/742 1209/3442/275 2068/4023/278
f 1890/3756/721 2609/4022/743 2068/4023/278 1199/3753/283
f 1043/4024/309 1892/4025/309 2610/4026/306 1732/4027/308
f 1732/4027/308 2610/4026/306 2059/4028/307 1047/4029/307
f 1048/3128/270 1908/4030/482 2611/4031/486 1733/3129/271
f 1908/4030/482 1201/4032/484 2072/4033/485 2611/4031/486
f 2611/4031/486 2072/4033/485 1202/4034/487 2061/3448/488
f 1733/3129/271 2611/4031/486 2061/3448/488 1044/3130/272
f 1199/3753/283 2068/4023/278 2612/4035/277 2037/3965/282
f 2068/4023/278 1209/3442/275 2073/3445/276 2612/4035/277
f 2612/4035/277 2073/3445/276 1202/3450/279 1909/3662/280
f 2037/3965/282 2612/4035/277 1909/3662/280 1091/3670/281
f 1222/3177/251 2134/4036/250 2613/4037/246 2105/3178/249
f 2134/4038/243 1241/2252/240 2128/2251/241 2613/4039/242
f 2613/4039/242 2128/2251/241 1204/2250/244 2063/4017/245
f 2105/3178/249 2613/4037/246 2063/4015/247 1051/3179/248
f 1183/3126/268 2069/4020/483 2614/4040/481 2017/3127/269
f 2069/4019/479 1210/2248/454 2075/2247/453 2614/4041/922
f 2614/4040/480 2075/4042/480 1201/4032/480 1908/4030/480
f 2017/3127/269 2614/4040/481 1908/4030/482 1048/3128/270
f 1108/4043/263 1858/3552/264 2615/4044/261 1910/4045/260
f 1858/3552/264 1116/3553/265 1916/4046/266 2615/4044/261
f 2615/4044/261 1916/4046/266 1205/3383/267 2076/3431/262
f 1910/4045/260 2615/4044/261 2076/3431/262 1203/3430/259
f 1043/4024/309 1746/4047/425 2616/4048/425 1892/4025/309
f 1746/4047/425 1053/4049/426 1893/4050/426 2616/4048/425
f 1123/3599/301 1846/3602/320 2617/4051/318 1922/4052/302
f 1846/3602/320 1132/3607/321 1928/4053/322 2617/4051/318
f 2617/4051/318 1928/4053/322 1207/4054/323 2077/4055/319
f 1922/4052/302 2617/4051/318 2077/4055/319 1206/3387/303
f 1116/3553/265 1837/3878/300 2618/4056/298 1916/4046/266
f 1837/3878/300 1123/3599/301 1922/4052/302 2618/4056/298
f 2618/4056/298 1922/4052/302 1206/3387/303 2078/3384/299
f 1916/4046/266 2618/4056/298 2078/3384/299 1205/3383/267
f 1132/3607/321 1813/3895/335 2619/4057/333 1928/4053/322
f 1813/3895/335 1139/3897/336 1934/4058/337 2619/4057/333
f 2619/4057/333 1934/4058/337 1208/4059/338 2079/4060/923
f 1928/4053/322 2619/4057/333 2079/4060/923 1207/4054/323
f 1239/3566/390 2133/4061/385 2620/4062/384 2122/4063/389
f 2133/4061/385 1242/3259/382 2129/3262/383 2620/4062/384
f 2620/4062/384 2129/3262/383 1208/3270/386 1934/4064/387
f 2122/4063/389 2620/4062/384 1934/4064/387 1139/3905/388
f 1057/4065/395 1762/4066/396 2621/4067/397 1917/4068/924
f 1762/4066/396 1061/4069/369 1923/4070/369 2621/4067/397
f 1061/4069/369 1770/4071/370 2622/4072/371 1923/4070/369
f 1770/4071/370 1065/4073/372 1929/4074/372 2622/4072/371
f 1053/4049/426 1753/4075/925 2623/4076/925 1893/4050/426
f 1753/4075/925 1057/4065/395 1917/4068/924 2623/4076/925
f 1049/3171/294 1896/4077/436 2624/4078/740 2015/4012/741
f 1896/4079/433 1211/4007/432 2093/4010/738 2624/4080/739
f 2624/4080/739 2093/4010/738 1220/3149/460 2092/4081/463
f 2015/4012/741 2624/4078/740 2092/4082/468 1181/3144/252
f 1087/3477/290 1877/3519/492 2625/4083/490 1872/3749/489
f 1877/3518/492 1253/3517/493 2163/4084/494 2625/4085/490
f 2625/4085/490 2163/4084/494 1254/4086/495 1879/4087/491
f 1872/3749/489 2625/4083/490 1879/4088/491 1088/3164/907
f 2626/2230/448 2096/2229/447 1213/4089/457 1898/4090/458
f 2030/2231/449 2626/2230/448 1898/4090/458 1099/3982/459
f 1232/3224/350 2132/4091/349 2627/4092/345 1766/3225/348
f 2132/4093/342 1243/3325/339 2130/3328/340 2627/4094/341
f 2627/4094/341 2130/3328/340 1218/3333/343 1930/4095/344
f 1766/3225/348 2627/4092/345 1930/4096/346 1068/3226/347
f 1064/3228/366 1768/3227/367 2628/4097/364 1924/4098/363
f 1768/3227/367 1068/3226/347 1930/4096/346 2628/4097/364
f 2628/4097/364 1930/4096/346 1218/4099/368 2098/4100/365
f 1924/4098/363 2628/4097/364 2098/4100/365 1217/4101/362
f 1060/3218/415 1761/3237/424 2629/4102/422 1918/4103/416
f 1761/3237/424 1064/3228/366 1924/4098/363 2629/4102/422
f 2629/4102/422 1924/4098/363 1217/4101/362 2099/4104/423
f 1918/4103/417 2629/4102/422 2099/4104/423 1216/4105/418
f 1056/3200/412 1755/3219/413 2630/4106/414 1912/4107/411
f 1755/3219/413 1060/3218/415 1918/4103/416 2630/4106/414
f 2630/4108/409 1918/4109/417 1216/3192/418 2100/3190/410
f 1912/4110/408 2630/4108/409 2100/3190/410 1215/3135/407
f 1181/3144/252 2092/4082/468 2631/4111/466 1730/3145/253
f 2092/4081/463 1220/3149/460 2101/3152/461 2631/4112/462
f 2631/4112/462 2101/3152/461 1212/3157/464 2083/4113/465
f 1730/3145/253 2631/4111/466 2083/3496/467 1042/3146/254
f 1049/3171/294 1748/3201/437 2632/4114/438 1896/4077/436
f 1748/3201/437 1056/3200/412 1912/4107/411 2632/4114/438
f 2632/4115/434 1912/4110/408 1215/3135/407 2102/3132/435
f 1896/4116/433 2632/4115/434 2102/3132/435 1211/3131/432
f 1066/4117/351 2090/4118/854 2634/4119/853 2115/4120/352
f 2634/4121/852 2097/4122/842 1243/3325/339 2132/4093/342
f 2115/4120/352 2634/4119/853 2132/4091/349 1232/3224/350
f 2635/4123/851 2080/4124/840 1242/3259/382 2133/4061/385
f 1822/3569/531 2635/4123/851 2133/4061/385 1239/3566/390
f 1047/4125/855 2059/4126/859 2636/4127/858 1734/4128/856
f 2636/4129/857 2074/2253/456 1241/2252/240 2134/4038/243
f 1734/4128/856 2636/4127/858 2134/4036/250 1222/3177/251
f 1139/3905/388 1814/3908/715 2637/4130/850 2122/4063/389
f 1814/3908/713 1140/3250/392 1823/3249/391 2637/4130/850
f 2637/4130/850 1823/3249/391 1240/3248/324 2135/3567/530
f 2122/4063/389 2637/4130/850 2135/3567/530 1239/3566/390
f 1137/3252/393 1810/3872/573 2638/4131/849 2120/3247/394
f 1810/3872/571 1138/3349/328 1821/3348/325 2638/4131/849
f 2638/4131/849 1821/3348/325 1238/3347/324 2136/3562/532
f 2120/3247/394 2638/4131/849 2136/3562/532 1237/3244/332
f 1135/3351/393 1806/3618/573 2639/4132/849 2118/3346/394
f 1806/3618/571 1136/3340/328 1819/3339/325 2639/4132/849
f 2639/4132/849 1819/3339/325 1236/3338/324 2137/3558/532
f 2118/3346/394 2639/4132/849 2137/3558/532 1235/3343/332
f 1133/3342/330 1802/3930/700 2640/4133/848 2116/3337/331
f 1802/3930/698 1134/3331/697 1817/3330/790 2640/4133/848
f 2640/4133/848 1817/3330/790 1234/3329/533 2138/3554/535
f 2116/3337/331 2640/4133/848 2138/3554/535 1233/3334/332
f 2644/4134/529 2121/3565/529 1238/3347/324 2139/3344/327
f 1818/3560/529 2644/4134/529 2139/3344/327 1235/3343/332
f 2645/4135/529 2119/3561/529 1236/3338/324 2140/3335/327
f 1816/3556/529 2645/4135/529 2140/3335/327 1233/3334/332
f 2646/4136/841 2117/3557/534 1234/3329/533 2141/3326/792
f 2097/4122/842 2646/4136/841 2141/3326/792 1243/3325/339
f 1063/3309/312 1771/3308/313 2647/4137/16 2112/4138/16
f 1771/3308/313 1067/3267/314 2114/3265/315 2647/4137/16
f 2647/4137/16 2114/3265/315 1231/3264/316 2142/3271/16
f 2112/4138/16 2647/4137/16 2142/3271/16 1229/3231/16
f 1929/4139/838 1065/3274/835 1765/3273/836 2648/4140/837
f 2648/4140/837 1765/3273/836 1231/3264/316 2143/3263/811
f 2080/4124/840 2648/4141/839 2143/3260/815 1242/3259/382
f 2649/4142/529 2123/3570/529 1240/3248/324 2144/3245/327
f 1820/3564/529 2649/4142/529 2144/3245/327 1237/3244/332
f 1058/4143/21 1763/4144/21 2650/4145/21 2111/4146/21
f 1763/4144/21 1062/4147/21 2113/4148/21 2650/4145/21
f 2650/4145/21 2113/4148/21 1230/3220/21 2145/3235/21
f 2111/4146/21 2650/4145/21 2145/3235/21 1228/3216/21
f 1059/3391/311 1760/3407/317 2651/4149/16 2110/4150/16
f 1760/3407/317 1063/3309/312 2112/4138/16 2651/4149/16
f 2651/4149/16 2112/4138/16 1229/3231/16 2146/3229/16
f 2110/4150/16 2651/4149/16 2146/3229/16 1227/3210/16
f 1062/4147/21 1769/4151/21 2652/4152/21 2113/4148/21
f 1769/4151/21 1066/4117/351 2115/4120/352 2652/4152/21
f 2652/4152/21 2115/4120/352 1232/3224/350 2147/3221/21
f 2113/4148/21 2652/4152/21 2147/3221/21 1230/3220/21
f 1054/4153/21 1752/4154/21 2653/4155/21 2109/4156/21
f 1752/4154/21 1058/4143/21 2111/4146/21 2653/4155/21
f 2653/4155/21 2111/4146/21 1228/3216/21 2148/3214/21
f 2109/4156/21 2653/4155/21 2148/3214/21 1226/3198/21
f 1055/3394/305 1754/3392/310 2654/4157/16 2108/4158/16
f 1754/3392/310 1059/3391/311 2110/4150/16 2654/4157/16
f 2654/4157/16 2110/4150/16 1227/3210/16 2149/3208/16
f 2108/4158/16 2654/4157/16 2149/3208/16 1225/3185/16
f 1041/4159/21 1749/4160/21 2655/4161/21 2107/4162/21
f 1749/4160/21 1054/4153/21 2109/4156/21 2655/4161/21
f 2655/4161/21 2109/4156/21 1226/3198/21 2150/3196/21
f 2107/4162/21 2655/4161/21 2150/3196/21 1224/3169/21
f 1050/3181/293 1747/3435/304 2656/4163/16 2104/3176/16
f 1747/3435/304 1055/3394/305 2108/4158/16 2656/4163/16
f 2656/4163/16 2108/4158/16 1225/3185/16 2151/3182/16
f 2104/3176/16 2656/4163/16 2151/3182/16 1221/3173/16
f 1043/3189/16 1732/4164/16 2657/4165/16 1731/3184/16
f 1732/4164/16 1047/4125/855 1734/4128/856 2657/4165/16
f 2657/4165/16 1734/4128/856 1222/3177/251 2152/3174/16
f 1731/3184/16 2657/4165/16 2152/3174/16 1221/3173/16
f 1045/4166/843 1736/4167/21 2659/4168/21 1735/4169/844
f 1736/4167/21 1041/4159/21 2107/4162/21 2659/4168/21
f 2659/4168/21 2107/4162/21 1224/3169/21 2153/3167/21
f 1735/4169/844 2659/4168/21 2153/3167/21 1223/3116/297
f 1895/4170/846 1045/4166/843 1735/4169/844 2660/4171/845
f 2660/4171/845 1735/4169/844 1223/3116/297 2154/3115/767
f 2103/2223/441 2660/4172/847 2154/3113/769 1244/2224/442
f 1264/4173/877 2180/4174/875 2661/4175/874 2181/4176/876
f 2180/4174/875 1248/4177/926 2158/4178/871 2661/4175/874
f 2661/4175/874 2158/4178/871 1245/3667/474 2179/3665/473
f 2181/4176/876 2661/4175/874 2179/3665/473 1263/3664/472
f 1255/4179/866 2174/4180/866 2662/4181/867 2164/4182/867
f 2174/4180/866 1260/4183/866 2170/4184/867 2662/4181/867
f 2662/4181/867 2170/4184/867 1257/4185/869 2173/4186/499
f 2164/4182/867 2662/4181/867 2173/4186/499 1254/4086/495
f 1251/4187/866 2176/4188/866 2663/4189/867 2160/4190/867
f 2176/4188/866 1256/4191/866 2166/4192/867 2663/4189/867
f 2663/4189/867 2166/4192/867 1253/3517/493 2175/3515/499
f 2160/4190/867 2663/4189/867 2175/3515/499 1250/3505/495
f 1247/4193/866 2178/4194/866 2664/4195/867 2156/4196/867
f 2178/4194/866 1252/4197/866 2162/4198/867 2664/4195/867
f 2664/4195/867 2162/4198/867 1249/3502/493 2177/4199/499
f 2156/4196/867 2664/4195/867 2177/4199/499 1246/4200/868
f 1246/4200/868 2155/4201/872 2665/4202/867 2156/4196/867
f 2155/4201/872 1245/3667/474 2158/4178/871 2665/4202/867
f 2665/4202/867 2158/4178/871 1248/4177/926 2157/4203/866
f 2156/4196/867 2665/4202/867 2157/4203/866 1247/4193/866
f 1250/3505/495 2159/3503/494 2666/4204/867 2160/4190/867
f 2159/3503/494 1249/3502/493 2162/4198/867 2666/4204/867
f 2666/4204/867 2162/4198/867 1252/4197/866 2161/4205/866
f 2160/4190/867 2666/4204/867 2161/4205/866 1251/4187/866
f 1254/4086/495 2163/4084/494 2667/4206/867 2164/4182/867
f 2163/4084/494 1253/3517/493 2166/4192/867 2667/4206/867
f 2667/4206/867 2166/4192/867 1256/4191/866 2165/4207/866
f 2164/4182/867 2667/4206/867 2165/4207/866 1255/4179/866
f 1258/3454/593 2167/4208/870 2668/4209/867 2168/4210/864
f 2167/4208/870 1257/4185/869 2170/4184/867 2668/4209/867
f 2668/4209/867 2170/4184/867 1260/4183/866 2169/4211/866
f 2168/4210/864 2668/4209/867 2169/4211/866 1259/4212/865
f 1259/4212/865 2172/4213/863 2669/4214/862 2168/4210/864
f 2172/4213/863 1262/4215/860 2182/4216/861 2669/4214/862
f 2669/4214/862 2182/4216/861 1261/3457/595 2171/3455/594
f 2168/4210/864 2669/4214/862 2171/3455/594 1258/3454/593
f 1085/3166/476 2189/4217/893 2670/4218/906 1876/3693/625
f 2189/4219/893 1257/4185/869 2167/4208/870 2670/4220/906
f 2670/4220/906 2167/4208/870 1258/3454/593 2188/3453/592
f 1876/3693/625 2670/4218/906 2188/3451/592 1086/3155/591
f 1094/3439/731 1867/3659/887 2671/4221/888 2060/3440/808
f 1867/3659/889 1248/3658/890 2180/4222/891 2671/4221/885
f 2671/4221/885 2180/4222/891 1264/4223/892 2190/4224/886
f 2060/3440/808 2671/4221/885 2190/4224/886 1201/3441/809
f 1213/4089/457 2192/4225/881 2672/4226/882 1898/4090/458
f 2192/4225/881 1262/4227/883 2172/4228/884 2672/4226/882
f 2672/4226/882 2172/4228/884 1259/4229/587 2191/4230/586
f 1898/4090/458 2672/4226/880 2191/4230/585 1099/3982/459
f 1092/3466/288 2193/4231/879 2673/4232/498 1906/3467/289
f 2193/4233/879 1246/4200/868 2177/4199/499 2673/4234/498
f 2673/4234/498 2177/4199/499 1249/3502/493 2186/3501/492
f 1906/3467/289 2673/4232/498 2186/3498/492 1089/3468/290
f 1201/4032/484 2190/4235/902 2674/4236/900 2072/4033/485
f 2190/4235/902 1264/4237/903 2181/4238/904 2674/4236/900
f 2674/4236/900 2181/4238/904 1263/4239/905 1869/4240/901
f 2072/4033/485 2674/4236/900 1869/4240/901 1202/4034/487
f 1095/3483/477 2185/3513/496 2675/4241/496 1870/3984/477
f 2185/3513/497 1251/3512/497 2161/4242/497 2675/4241/497
f 2675/4241/497 2161/4242/497 1252/4243/497 2194/4244/497
f 1870/3984/477 2675/4241/496 2194/4244/496 1096/3478/477
f 1099/3982/459 2191/4230/585 2676/4245/496 1878/3983/477
f 2191/4230/586 1259/4229/587 2169/4246/497 2676/4245/497
f 2676/4245/497 2169/4246/497 1260/3673/497 1873/3671/497
f 1878/3983/477 2676/4245/496 1873/3671/496 1100/3484/477
f 1096/3478/477 2194/4244/496 2677/4247/496 1907/3479/477
f 2194/4244/497 1252/4243/497 2178/4248/497 2677/4247/497
f 2677/4247/497 2178/4248/497 1247/3656/497 1865/3653/497
f 1907/3479/477 2677/4247/496 1865/3653/496 1093/3480/477
f 1088/3164/907 1879/4088/491 2678/4249/498 1900/3165/289
f 1879/4087/491 1254/4086/495 2173/4186/499 2678/4250/498
f 2678/4250/498 2173/4186/499 1257/4185/869 2189/4219/893
f 1900/3165/289 2678/4249/498 2189/4217/893 1085/3166/476
f 1212/3497/762 2187/4251/896 2679/4252/894 2095/3495/763
f 2187/4251/896 1261/4253/897 2182/4254/898 2679/4252/894
f 2679/4252/894 2182/4254/898 1262/4255/899 2192/4256/895
f 2095/3495/763 2679/4252/894 2192/4256/895 1213/3493/764
f 1091/3670/281 1871/3669/470 2680/4257/878 1864/3743/606
f 1871/3668/470 1245/3667/474 2155/4201/872 2680/4258/878
f 2680/4258/878 2155/4201/872 1246/4200/868 2193/4233/879
f 1864/3743/606 2680/4257/878 2193/4231/879 1092/3466/288
f 2685/4259/927 2684/4260/928 2700/4261/929 2701/4262/927
f 2697/4263/930 2698/4264/930 2712/4265/930 2711/4266/930 2710/4267/930 2709/4268/930 2708/4269/930 2707/4270/930 2706/4271/930 2705/4272/930 2704/4273/930 2703/4274/930 2702/4275/930 2701/4276/930 2700/4277/930 2699/4278/930
f 2690/4279/931 2689/4280/932 2705/4281/933 2706/4282/934
f 2695/4283/935 2694/4284/936 2710/4285/937 2711/4286/938
f 2683/4287/939 2682/4288/940 2697/4289/941 2699/4290/942
f 2688/4291/943 2687/4292/944 2703/4293/945 2704/4294/946
f 2693/4295/947 2692/4296/948 2708/4297/949 2709/4298/950
f 2686/4299/951 2685/4259/927 2701/4262/927 2702/4300/952
f 2691/4301/953 2690/4279/931 2706/4282/934 2707/4302/954
f 2696/4303/955 2695/4283/935 2711/4286/938 2712/4304/956
f 2684/4260/928 2683/4305/939 2699/4306/942 2700/4261/929
f 2689/4280/932 2688/4291/943 2704/4294/946 2705/4281/933
f 2682/4288/940 2681/4307/957 2698/4308/958 2697/4289/941
f 2694/4309/936 2693/4295/947 2709/4298/950 2710/4310/937
f 2687/4311/944 2686/4299/951 2702/4300/952 2703/4312/945
f 2692/4296/948 2691/4313/953 2707/4314/954 2708/4297/949
f 2681/4307/957 2696/4303/955 2712/4304/956 2698/4308/958
f 2716/4315/959 2725/4316/959 2730/4317/959 2720/4318/959
f 2723/4319/960 2722/4320/960 2721/4321/960 2724/4322/960
f 2725/4323/961 2716/4324/961 2715/4325/961 2728/4326/962
f 2714/4327/16 2713/4328/16 2717/4329/16 2718/4330/16
f 2713/4331/960 2727/4332/960 2732/4333/960 2717/4334/960
f 2715/4335/21 2716/4336/21 2720/4337/21 2719/4338/21
f 2718/4339/930 2717/4340/930 2732/4341/963 2729/4342/930
f 2728/4343/960 2715/4344/960 2719/4345/960 2731/4346/960
f 2730/4347/930 2731/4348/964 2719/4349/930 2720/4350/930
f 2726/4351/959 2714/4352/959 2718/4353/959 2729/4354/959
f 2731/4348/964 2732/4341/963 2721/4355/965 2722/4356/965
f 2726/4351/959 2729/4354/959 2730/4317/959 2725/4316/959
f 2731/4348/964 2730/4347/930 2729/4342/930 2732/4341/963
f 2725/4323/961 2728/4326/962 2727/4357/966 2726/4358/961
f 2714/4359/961 2726/4358/961 2727/4357/966 2713/4360/961
f 2727/4357/966 2728/4326/962 2723/4361/967 2724/4362/967
f 2732/4363/968 2727/4364/968 2724/4365/968 2721/4366/968
f 2728/4367/969 2731/4368/969 2722/4369/969 2723/4370/969
f 2733/4371/970 2742/4372/971 2743/4373/972 2734/4374/970
f 2734/4375/973 2743/4376/974 2744/4377/975 2735/4378/973
f 2735/4378/976 2744/4377/977 2745/4379/978 2736/4380/976
f 2736/4381/979 2745/4382/980 2746/4383/981 2737/4384/979
f 2737/4384/982 2746/4383/983 2747/4385/984 2738/4386/982
f 2738/4387/985 2747/4388/986 2748/4389/987 2739/4390/985
f 2739/4390/988 2748/4389/989 2749/4391/990 2740/4392/988
f 2740/4393/991 2749/4394/992 2750/4395/993 2741/4396/991
f 2741/4396/994 2750/4395/995 2742/4372/996 2733/4371/994
f 2742/4397/971 2751/4398/997 2752/4399/998 2743/4376/972
f 2743/4376/974 2752/4399/999 2753/4400/1000 2744/4377/975
f 2744/4377/977 2753/4400/1001 2754/4401/1002 2745/4379/978
f 2745/4382/980 2754/4402/1003 2755/4403/1004 2746/4383/981
f 2746/4383/983 2755/4403/1005 2756/4404/1006 2747/4385/984
f 2747/4388/986 2756/4405/1007 2757/4406/1008 2748/4389/987
f 2748/4389/989 2757/4406/1009 2758/4407/1010 2749/4391/990
f 2749/4394/992 2758/4408/1011 2759/4409/1012 2750/4395/993
f 2750/4395/995 2759/4409/1013 2751/4410/1014 2742/4372/996
f 2751/4411/997 2760/4412/1015 2761/4413/1016 2752/4414/998
f 2752/4399/999 2761/4415/1017 2762/4416/1018 2753/4400/1000
f 2753/4400/1001 2762/4416/1019 2763/4417/1020 2754/4401/1002
f 2754/4402/1003 2763/4418/1021 2764/4419/1022 2755/4403/1004
f 2755/4420/1005 2764/4421/1023 2765/4422/1024 2756/4423/1006
f 2756/4405/1007 2765/4424/1025 2766/4425/1026 2757/4406/1008
f 2757/4406/1009 2766/4425/1027 2767/4426/1028 2758/4407/1010
f 2758/4408/1011 2767/4427/1029 2768/4428/1030 2759/4409/1012
f 2759/4409/1013 2768/4428/1031 2760/4429/1032 2751/4410/1014
f 2760/4412/1015 2769/4430/1033 2770/4431/1034 2761/4413/1016
f 2761/4415/1017 2770/4432/1035 2771/4433/1036 2762/4416/1018
f 2762/4416/1019 2771/4433/1037 2772/4434/1038 2763/4417/1020
f 2763/4435/1021 2772/4436/1039 2773/4437/1040 2764/4421/1022
f 2764/4421/1023 2773/4437/1041 2774/4438/1042 2765/4422/1024
f 2765/4422/1025 2774/4438/1043 2775/4439/1044 2766/4440/1026
f 2766/4425/1027 2775/4441/1045 2776/4442/1046 2767/4426/1028
f 2767/4427/1029 2776/4443/1047 2777/4444/1048 2768/4428/1030
f 2768/4445/1031 2777/4446/1049 2769/4430/1050 2760/4412/1032
f 2769/4430/1033 2778/4447/1051 2779/4448/1052 2770/4431/1034
f 2770/4432/1035 2779/4449/1053 2780/4450/1054 2771/4433/1036
f 2771/4433/1037 2780/4450/1055 2781/4451/1056 2772/4434/1038
f 2772/4436/1039 2781/4452/1057 2782/4453/1058 2773/4437/1040
f 2773/4437/1041 2782/4453/1059 2783/4454/1060 2774/4438/1042
f 2774/4438/1043 2783/4454/1061 2784/4455/1062 2775/4439/1044
f 2775/4441/1045 2784/4456/1063 2785/4457/1064 2776/4442/1046
f 2776/4442/1047 2785/4457/1065 2786/4458/1066 2777/4459/1048
f 2777/4446/1049 2786/4460/1067 2778/4447/1068 2769/4430/1050
f 2778/4447/1051 2787/4461/1069 2788/4462/1070 2779/4448/1052
f 2779/4449/1053 2788/4463/1071 2789/4464/1072 2780/4450/1054
f 2780/4450/1055 2789/4464/1073 2790/4465/1074 2781/4451/1056
f 2781/4452/1057 2790/4466/1075 2791/4467/1076 2782/4453/1058
f 2782/4453/1059 2791/4467/1077 2792/4468/1078 2783/4454/1060
f 2783/4454/1061 2792/4468/1079 2793/4469/1080 2784/4455/1062
f 2784/4456/1063 2793/4470/1081 2794/4471/1082 2785/4457/1064
f 2785/4457/1065 2794/4471/1083 2795/4472/1084 2786/4458/1066
f 2786/4460/1067 2795/4473/1085 2787/4461/1086 2778/4447/1068
f 2787/4461/1069 2796/4474/1087 2797/4475/1088 2788/4462/1070
f 2788/4463/1071 2797/4476/1089 2798/4477/1090 2789/4464/1072
f 2789/4464/1073 2798/4477/1091 2799/4478/1092 2790/4465/1074
f 2790/4466/1075 2799/4479/1093 2800/4480/1094 2791/4467/1076
f 2791/4467/1077 2800/4480/1095 2801/4481/1096 2792/4468/1078
f 2792/4468/1079 2801/4481/1097 2802/4482/1098 2793/4469/1080
f 2793/4470/1081 2802/4483/1099 2803/4484/1100 2794/4471/1082
f 2794/4471/1083 2803/4484/1101 2804/4485/1102 2795/4472/1084
f 2795/4473/1085 2804/4486/1103 2796/4474/1104 2787/4461/1086
f 2796/4474/1087 2805/4487/1105 2806/4488/1106 2797/4475/1088
f 2797/4489/1089 2806/4490/1107 2807/4491/1108 2798/4492/1090
f 2798/4477/1091 2807/4493/1109 2808/4494/1110 2799/4478/1092
f 2799/4478/1093 2808/4494/1111 2809/4495/1112 2800/4496/1094
f 2800/4480/1095 2809/4497/1113 2810/4498/1114 2801/4481/1096
f 2801/4499/1097 2810/4500/1115 2811/4501/1116 2802/4502/1098
f 2802/4483/1099 2811/4503/1117 2812/4504/1118 2803/4484/1100
f 2803/4484/1101 2812/4504/1119 2813/4505/1120 2804/4485/1102
f 2804/4486/1103 2813/4506/1121 2805/4487/1122 2796/4474/1104
f 2805/4507/1105 2814/4508/1123 2815/4509/1124 2806/4490/1106
f 2806/4490/1107 2815/4509/1125 2816/4510/1126 2807/4491/1108
f 2807/4493/1109 2816/4511/1127 2817/4512/1128 2808/4494/1110
f 2808/4494/1111 2817/4512/1129 2818/4513/1130 2809/4495/1112
f 2809/4514/1113 2818/4515/1131 2819/4516/1132 2810/4500/1114
f 2810/4500/1115 2819/4516/1133 2820/4517/1134 2811/4501/1116
f 2811/4501/1117 2820/4517/1135 2821/4518/1136 2812/4519/1118
f 2812/4504/1119 2821/4520/1137 2822/4521/1138 2813/4505/1120
f 2813/4505/1121 2822/4521/1139 2814/4522/1140 2805/4523/1122
f 2814/4508/1123 2823/4524/1141 2824/4525/1141 2815/4509/1124
f 2815/4509/1125 2824/4525/1142 2825/4526/1142 2816/4510/1126
f 2816/4511/1127 2825/4527/1143 2826/4528/1143 2817/4512/1128
f 2817/4512/1129 2826/4528/1144 2827/4529/1144 2818/4513/1130
f 2818/4515/1131 2827/4530/1145 2828/4531/1145 2819/4516/1132
f 2819/4516/1133 2828/4531/1146 2829/4532/1146 2820/4517/1134
f 2820/4517/1135 2829/4532/1147 2830/4533/1147 2821/4518/1136
f 2821/4520/1137 2830/4534/1148 2831/4535/1148 2822/4521/1138
f 2822/4521/1139 2831/4535/1149 2823/4536/1149 2814/4522/1140
f 2823/4524/1141 2832/4537/1150 2833/4538/1151 2824/4525/1141
f 2824/4525/1142 2833/4538/1152 2834/4539/1153 2825/4526/1142
f 2825/4527/1143 2834/4540/1154 2835/4541/1155 2826/4528/1143
f 2826/4528/1144 2835/4541/1156 2836/4542/1157 2827/4529/1144
f 2827/4530/1145 2836/4543/1158 2837/4544/1159 2828/4531/1145
f 2828/4531/1146 2837/4544/1160 2838/4545/1161 2829/4532/1146
f 2829/4532/1147 2838/4545/1162 2839/4546/1163 2830/4533/1147
f 2830/4534/1148 2839/4547/1164 2840/4548/1165 2831/4535/1148
f 2831/4535/1149 2840/4548/1166 2832/4549/1167 2823/4536/1149
f 2832/4537/1150 2841/4550/1168 2842/4551/1169 2833/4538/1151
f 2833/4538/1152 2842/4551/1170 2843/4552/1171 2834/4539/1153
f 2834/4540/1154 2843/4553/1172 2844/4554/1173 2835/4541/1155
f 2835/4541/1156 2844/4554/1174 2845/4555/1175 2836/4542/1157
f 2836/4543/1158 2845/4556/1176 2846/4557/1177 2837/4544/1159
f 2837/4544/1160 2846/4557/1178 2847/4558/1179 2838/4545/1161
f 2838/4545/1162 2847/4558/1180 2848/4559/1181 2839/4546/1163
f 2839/4547/1164 2848/4560/1182 2849/4561/1183 2840/4548/1165
f 2840/4548/1166 2849/4561/1184 2841/4562/1185 2832/4549/1167
f 2841/4563/1168 2850/4564/1186 2851/4565/1187 2842/4566/1169
f 2842/4551/1170 2851/4567/1188 2852/4568/1189 2843/4552/1171
f 2843/4553/1172 2852/4569/1190 2853/4570/1191 2844/4554/1173
f 2844/4554/1174 2853/4570/1192 2854/4571/1193 2845/4555/1175
f 2845/4572/1176 2854/4573/1194 2855/4574/1195 2846/4575/1177
f 2846/4557/1178 2855/4576/1196 2856/4577/1197 2847/4558/1179
f 2847/4578/1180 2856/4579/1198 2857/4580/1199 2848/4560/1181
f 2848/4560/1182 2857/4580/1200 2858/4581/1201 2849/4561/1183
f 2849/4582/1184 2858/4583/1202 2850/4564/1203 2841/4563/1185
f 2850/4564/1186 2859/4584/1204 2860/4585/1205 2851/4565/1187
f 2851/4586/1188 2860/4587/1206 2861/4588/1207 2852/4569/1189
f 2852/4569/1190 2861/4588/1208 2862/4589/1209 2853/4570/1191
f 2853/4590/1192 2862/4591/1210 2863/4592/1211 2854/4573/1193
f 2854/4573/1194 2863/4592/1212 2864/4593/1213 2855/4574/1195
f 2855/4574/1196 2864/4593/1214 2865/4594/1215 2856/4595/1197
f 2856/4579/1198 2865/4596/1216 2866/4597/1217 2857/4580/1199
f 2857/4580/1200 2866/4597/1218 2867/4598/1219 2858/4581/1201
f 2858/4583/1202 2867/4599/1220 2859/4584/1221 2850/4564/1203
f 2859/4584/1204 2868/4600/1222 2869/4601/1223 2860/4585/1205
f 2860/4587/1206 2869/4602/1224 2870/4603/1225 2861/4588/1207
f 2861/4588/1208 2870/4603/1226 2871/4604/1227 2862/4589/1209
f 2862/4591/1210 2871/4605/1228 2872/4606/1229 2863/4592/1211
f 2863/4592/1212 2872/4606/1230 2873/4607/1231 2864/4593/1213
f 2864/4593/1214 2873/4607/1232 2874/4608/1233 2865/4594/1215
f 2865/4596/1216 2874/4609/1234 2875/4610/1235 2866/4597/1217
f 2866/4597/1218 2875/4610/1236 2876/4611/1237 2867/4598/1219
f 2867/4599/1220 2876/4612/1238 2868/4600/1239 2859/4584/1221
f 2868/4600/1222 2877/4613/1240 2878/4614/1241 2869/4601/1223
f 2869/4602/1224 2878/4615/1242 2879/4616/1243 2870/4603/1225
f 2870/4603/1226 2879/4616/1244 2880/4617/1245 2871/4604/1227
f 2871/4605/1228 2880/4618/1246 2881/4619/1247 2872/4606/1229
f 2872/4606/1230 2881/4619/1248 2882/4620/1249 2873/4607/1231
f 2873/4607/1232 2882/4620/1250 2883/4621/1251 2874/4608/1233
f 2874/4609/1234 2883/4622/1252 2884/4623/1253 2875/4610/1235
f 2875/4610/1236 2884/4623/1254 2885/4624/1255 2876/4611/1237
f 2876/4612/1238 2885/4625/1256 2877/4613/1257 2868/4600/1239
f 2877/4613/1240 2886/4626/1258 2887/4627/1259 2878/4614/1241
f 2878/4615/1242 2887/4628/1260 2888/4629/1261 2879/4616/1243
f 2879/4616/1244 2888/4629/1262 2889/4630/1263 2880/4617/1245
f 2880/4618/1246 2889/4631/1264 2890/4632/1265 2881/4619/1247
f 2881/4619/1248 2890/4632/1266 2891/4633/1267 2882/4620/1249
f 2882/4620/1250 2891/4633/1268 2892/4634/1269 2883/4621/1251
f 2883/4622/1252 2892/4635/1270 2893/4636/1271 2884/4623/1253
f 2884/4637/1254 2893/4638/1272 2894/4639/1273 2885/4640/1255
f 2885/4625/1256 2894/4641/1274 2886/4626/1275 2877/4613/1257
f 2886/4626/1258 2895/4642/1276 2896/4643/1277 2887/4627/1259
f 2887/4628/1260 2896/4644/1278 2897/4645/1279 2888/4629/1261
f 2888/4629/1262 2897/4645/1280 2898/4646/1281 2889/4630/1263
f 2889/4647/1264 2898/4648/1282 2899/4649/1283 2890/4650/1265
f 2890/4632/1266 2899/4651/1284 2900/4652/1285 2891/4633/1267
f 2891/4653/1268 2900/4654/1286 2901/4655/1287 2892/4635/1269
f 2892/4635/1270 2901/4655/1288 2902/4656/1289 2893/4636/1271
f 2893/4638/1272 2902/4657/1290 2903/4658/1291 2894/4639/1273
f 2894/4639/1274 2903/4658/1292 2895/4659/1293 2886/4660/1275
f 2895/4661/1276 2904/4662/1294 2905/4663/1295 2896/4644/1277
f 2896/4644/1278 2905/4663/1296 2906/4664/1297 2897/4645/1279
f 2897/4645/1280 2906/4664/1298 2907/4665/1299 2898/4646/1281
f 2898/4648/1282 2907/4666/1300 2908/4667/1301 2899/4649/1283
f 2899/4649/1284 2908/4667/1302 2909/4668/1303 2900/4669/1285
f 2900/4654/1286 2909/4670/1304 2910/4671/1305 2901/4655/1287
f 2901/4655/1288 2910/4671/1306 2911/4672/1307 2902/4656/1289
f 2902/4657/1290 2911/4673/1308 2912/4674/1309 2903/4658/1291
f 2903/4658/1292 2912/4674/1310 2904/4675/1311 2895/4659/1293
f 2904/4675/1294 2733/4371/970 2734/4374/970 2905/4676/1295
f 2905/4663/1296 2734/4375/973 2735/4378/973 2906/4664/1297
f 2906/4664/1298 2735/4378/976 2736/4380/976 2907/4665/1299
f 2907/4666/1300 2736/4381/979 2737/4384/979 2908/4667/1301
f 2908/4667/1302 2737/4384/982 2738/4386/982 2909/4668/1303
f 2909/4670/1304 2738/4387/985 2739/4390/985 2910/4671/1305
f 2910/4671/1306 2739/4390/988 2740/4392/988 2911/4672/1307
f 2911/4673/1308 2740/4393/991 2741/4396/991 2912/4674/1309
f 2912/4674/1310 2741/4396/994 2733/4371/994 2904/4675/1311
f 2913/4677/1 2914/4678/1 2916/4679/1 2915/4680/1
f 2915/4681/21 2916/4682/21 2920/4683/21 2919/4684/21
f 2919/4685/36 2920/4686/36 2918/4687/36 2917/4688/36
f 2917/4689/16 2918/4690/16 2914/4691/16 2913/4692/16
f 2915/4693/73 2919/4694/73 2917/4695/73 2913/4696/73
f 2920/4697/24 2916/4698/24 2914/4699/24 2918/4700/24
f 2941/4701/1312 2922/4702/1312 2924/4703/1312 2942/4704/1312
f 2942/4705/21 2924/4706/21 2928/4707/21 2943/4708/21
f 2938/4709/73 2937/4710/73 2944/4711/73 2943/4712/73
f 2944/4713/16 2926/4714/16 2922/4715/16 2941/4716/16
f 2923/4717/73 2927/4718/73 2925/4719/73 2921/4720/73
f 2928/4721/24 2924/4722/24 2922/4723/24 2926/4724/24
f 2932/4725/21 2938/4726/21 2943/4708/21 2928/4707/21
f 2938/4726/21 2932/4725/21 2936/4727/21 2939/4728/21
f 2939/4729/1313 2936/4730/1313 2934/4731/1313 2940/4732/1313
f 2940/4733/16 2934/4734/16 2930/4735/16 2937/4736/16
f 2931/4737/73 2935/4738/73 2933/4739/73 2929/4740/73
f 2936/4741/24 2932/4742/24 2930/4743/24 2934/4744/24
f 2933/4745/16 2940/4733/16 2937/4736/16 2929/4746/16
f 2935/4747/1313 2939/4729/1313 2940/4732/1313 2933/4748/1313
f 2931/4749/21 2938/4726/21 2939/4728/21 2935/4750/21
f 2929/4751/1314 2937/4752/1314 2938/4753/1314 2931/4754/1314
f 2925/4755/16 2944/4713/16 2941/4716/16 2921/4756/16
f 2927/4757/1315 2943/4758/1315 2944/4759/1315 2925/4760/1315
f 2923/4761/21 2942/4705/21 2943/4708/21 2927/4762/21
f 2921/4763/1312 2941/4701/1312 2942/4704/1312 2923/4764/1312
f 2937/4736/16 2930/4735/16 2926/4714/16 2944/4713/16
f 2930/4743/24 2932/4742/24 2928/4721/24 2926/4724/24
f 2945/4765/1 2947/4766/1 2948/4767/1 2946/4768/1
f 2947/4769/16 2951/4770/16 2952/4771/16 2948/4772/16
f 2951/4773/36 2949/4774/36 2950/4775/36 2952/4776/36
f 2949/4777/21 2945/4778/21 2946/4779/21 2950/4780/21
f 2947/4781/73 2945/4782/73 2949/4783/73 2951/4784/73
f 2952/4785/24 2950/4786/24 2946/4787/24 2948/4788/24
f 2973/4789/1312 2974/4790/1312 2956/4791/1312 2954/4792/1312
f 2974/4793/16 2975/4794/16 2960/4795/16 2956/4796/16
f 2970/4797/73 2975/4798/73 2976/4799/73 2969/4800/73
f 2976/4801/21 2973/4802/21 2954/4803/21 2958/4804/21
f 2955/4805/73 2953/4806/73 2957/4807/73 2959/4808/73
f 2960/4809/24 2958/4810/24 2954/4811/24 2956/4812/24
f 2964/4813/16 2960/4795/16 2975/4794/16 2970/4814/16
f 2970/4814/16 2971/4815/16 2968/4816/16 2964/4813/16
f 2971/4817/1313 2972/4818/1313 2966/4819/1313 2968/4820/1313
f 2972/4821/21 2969/4822/21 2962/4823/21 2966/4824/21
f 2963/4825/73 2961/4826/73 2965/4827/73 2967/4828/73
f 2968/4829/24 2966/4830/24 2962/4831/24 2964/4832/24
f 2965/4833/21 2961/4834/21 2969/4822/21 2972/4821/21
f 2967/4835/1313 2965/4836/1313 2972/4818/1313 2971/4817/1313
f 2963/4837/16 2967/4838/16 2971/4815/16 2970/4814/16
f 2961/4839/1314 2963/4840/1314 2970/4841/1314 2969/4842/1314
f 2957/4843/21 2953/4844/21 2973/4802/21 2976/4801/21
f 2959/4845/1315 2957/4846/1315 2976/4847/1315 2975/4848/1315
f 2955/4849/16 2959/4850/16 2975/4794/16 2974/4793/16
f 2953/4851/1312 2955/4852/1312 2974/4790/1312 2973/4789/1312
f 2969/4822/21 2976/4801/21 2958/4804/21 2962/4823/21
f 2962/4831/24 2958/4810/24 2960/4809/24 2964/4832/24
f 2985/4853/1 2978/4854/1316 2980/4855/1316 2986/4856/1
f 2982/4857/1317 2986/4858/1317 2997/4859/1318 2999/4860/1319 2983/4861/1320
f 2978/4862/1321 2992/4863/1322 3009/4864/1323 2987/4865/1324
f 2998/4866/1325 2995/4867/1326 2991/4868/1327 3001/4869/1328
f 2979/4870/21 2982/4871/21 2983/4872/21 3221/4873/21 3223/4874/21 3220/4875/21
f 3002/4876/16 2992/4863/1322 2978/4862/1321 2985/4877/16
f 2979/4878/73 3220/4879/73 3226/4880/73 3222/4881/73 3213/4882/73 3219/4883/73 3215/4884/73 2977/4885/73
f 3215/4886/16 3218/4887/16 3214/4888/16 2984/4889/16 2981/4890/16 2977/4891/16
f 2977/4892/1 2981/4893/1 2982/4894/1 2979/4895/1
f 3005/4896/1329 2988/4897/1330 2990/4898/1331 3012/4899/1332
f 2984/4900/1333 3003/4901/1334 3002/4902/1335 2985/4903/1336 2981/4904/1336
f 2983/4861/1320 2999/4860/1319 2998/4905/1337 3001/4906/1338 3003/4901/1334 2984/4900/1333
f 2981/4893/1 2985/4853/1 2986/4856/1 2982/4894/1
f 2987/4907/1339 3009/4908/1340 3014/4909/1341 2989/4910/1342
f 2980/4855/1316 2978/4854/1316 2987/4911/1343 2988/4912/1343
f 2994/4913/1344 2980/4914/1345 2988/4915/1346 3005/4916/1347
f 2986/4917/21 2980/4914/1345 2994/4913/1344 2997/4918/21
f 2988/4897/1348 2987/4907/1348 2989/4910/1348 2990/4898/1348
f 3011/4919/1349 3013/4920/1350 3012/4899/1332 2990/4898/1331 2989/4910/1342 3014/4909/1341 3016/4921/1351 3015/4922/1352
f 3008/4923/1353 3006/4924/1354 3011/4919/1349 3015/4922/1352
f 2997/4859/1318 3000/4925/1355 2999/4860/1319
f 3000/4925/1355 2998/4905/1337 2999/4860/1319
f 3001/4906/1338 3004/4926/1356 3003/4901/1334
f 3004/4926/1356 3002/4902/1335 3003/4901/1334
f 2995/4867/1326 2998/4866/1325 3000/4927/1357 2996/4928/1358
f 2996/4929/1359 3000/4930/1359 2997/4918/1359 2994/4913/1359
f 2992/4863/1360 3002/4876/1360 3004/4931/1360 2993/4932/1360
f 2993/4933/1361 3004/4934/1362 3001/4869/1328 2991/4868/1327
f 2994/4913/1344 3005/4916/1347 3007/4935/1363 2996/4929/1363
f 2996/4928/1358 3007/4936/1364 3006/4937/1365 2995/4867/1326
f 3009/4864/1323 2992/4863/1322 2993/4932/1366 3010/4938/1366
f 3010/4939/1367 2993/4933/1361 2991/4868/1327 3008/4940/1368
f 3005/4896/1329 3012/4899/1332 3013/4920/1350 3007/4941/1369
f 3007/4941/1369 3013/4920/1350 3011/4919/1349 3006/4924/1354
f 3014/4909/1341 3009/4908/1340 3010/4942/1370 3016/4921/1351
f 3016/4921/1351 3010/4942/1370 3008/4923/1353 3015/4922/1352
f 2991/4868/1327 2995/4867/1326 3006/4937/1365 3008/4940/1368
f 3039/4943/1371 3040/4944/1371 3041/4945/1371 3043/4946/1371
f 3027/4947/1372 3029/4948/1372 3038/4949/1372 3037/4950/1372
f 3019/4951/1373 3020/4952/1373 3022/4953/1373 3021/4954/1373
f 3037/4950/1374 3038/4949/1374 3044/4955/1374 3045/4956/1374
f 3025/4957/1375 3027/4947/1375 3037/4950/1375 3036/4958/1375
f 3021/4959/1376 3022/4960/1376 3024/4961/1376 3023/4962/1376
f 3038/4963/1377 3039/4943/1377 3043/4946/1377 3044/4964/1377
f 3031/4965/1378 3033/4966/1378 3040/4944/1378 3039/4943/1378
f 3023/4962/1379 3024/4961/1379 3026/4967/1379 3025/4968/1379
f 3040/4969/1380 3018/4970/1380 3042/4971/1380 3041/4972/1380
f 3023/4962/1381 3025/4968/1381 3036/4973/1381 3035/4974/1381
f 3025/4957/1382 3026/4975/1382 3028/4976/1382 3027/4947/1382
f 3035/4974/1379 3036/4973/1379 3046/4977/1379 3047/4978/1379
f 3033/4979/1383 3019/4951/1383 3018/4970/1383 3040/4969/1383
f 3027/4947/1374 3028/4976/1374 3030/4980/1374 3029/4948/1374
f 3042/4981/73 3048/4982/73 3047/4983/73 3046/4984/73 3045/4985/73 3044/4986/73 3043/4987/73 3041/4988/73
f 3029/4989/1384 3031/4965/1384 3039/4943/1384 3038/4963/1384
f 3029/4989/1377 3030/4990/1377 3032/4991/1377 3031/4965/1377
f 3022/4992/24 3020/4993/24 3034/4994/24 3032/4995/24 3030/4996/24 3028/4997/24 3026/4998/24 3024/4999/24
f 3036/4958/1382 3037/4950/1382 3045/4956/1382 3046/5000/1382
f 3031/4965/1371 3032/4991/1371 3034/5001/1371 3033/4966/1371
f 3017/5002/1376 3035/4974/1376 3047/4978/1376 3048/5003/1376
f 3019/4951/1385 3021/4954/1385 3017/5004/1385 3018/4970/1385
f 3033/4979/1380 3034/5005/1380 3020/4952/1380 3019/4951/1380
f 3021/4959/1386 3023/4962/1386 3035/4974/1386 3017/5002/1386
f 3018/4970/1373 3017/5004/1373 3048/5006/1373 3042/4971/1373
f 3049/5007/1387 3066/5008/1387 3065/5009/1387 3051/5010/1387
f 3051/5011/1388 3065/5012/1388 3067/5013/1388 3053/5014/1388
f 3053/5014/1389 3067/5013/1389 3068/5015/1389 3055/5016/1389
f 3055/5017/1390 3068/5018/1390 3069/5019/1390 3057/5020/1390
f 3057/5020/1391 3069/5019/1391 3070/5021/1391 3059/5022/1391
f 3059/5023/1392 3070/5024/1392 3071/5025/1392 3061/5026/1392
f 3060/5027/1393 3058/5028/1393 3085/5029/1393 3086/5030/1393
f 3061/5026/1394 3071/5025/1394 3072/5031/1394 3063/5032/1394
f 3063/5033/1395 3072/5034/1395 3066/5008/1395 3049/5007/1395
f 3049/5035/1 3051/5036/1 3053/5037/1 3055/5038/1 3057/5039/1 3059/5040/1 3061/5041/1 3063/5042/1
f 3050/5043/36 3052/5044/36 3065/5045/36 3066/5046/36
f 3052/5044/36 3054/5047/36 3067/5048/36 3065/5045/36
f 3054/5047/36 3056/5049/36 3068/5050/36 3067/5048/36
f 3056/5049/36 3058/5051/36 3069/5052/36 3068/5050/36
f 3058/5051/36 3060/5053/36 3070/5054/36 3069/5052/36
f 3060/5053/36 3062/5055/36 3071/5056/36 3070/5054/36
f 3062/5055/36 3064/5057/36 3072/5058/36 3071/5056/36
f 3064/5057/36 3050/5043/36 3066/5046/36 3072/5058/36
f 3073/5059/1396 3074/5060/1396 3090/5061/1396 3089/5062/1396
f 3056/5063/1397 3054/5064/1397 3083/5065/1397 3084/5066/1397
f 3052/5067/1398 3050/5068/1398 3082/5069/1398 3081/5070/1398
f 3050/5068/1399 3064/5071/1399 3088/5072/1399 3082/5069/1399
f 3062/5073/1400 3060/5074/1400 3086/5075/1400 3087/5076/1400
f 3058/5028/1401 3056/5077/1401 3084/5078/1401 3085/5029/1401
f 3054/5064/1402 3052/5079/1402 3081/5080/1402 3083/5065/1402
f 3064/5081/1403 3062/5073/1403 3087/5076/1403 3088/5082/1403
f 3074/5083/36 3073/5084/36 3081/5085/36 3082/5086/36
f 3073/5084/36 3075/5087/36 3083/5088/36 3081/5085/36
f 3075/5087/36 3076/5089/36 3084/5090/36 3083/5088/36
f 3076/5089/36 3077/5091/36 3085/5092/36 3084/5090/36
f 3077/5091/36 3078/5093/36 3086/5094/36 3085/5092/36
f 3078/5093/36 3079/5095/36 3087/5096/36 3086/5094/36
f 3079/5095/36 3080/5097/36 3088/5098/36 3087/5096/36
f 3080/5097/36 3074/5083/36 3082/5086/36 3088/5098/36
f 3089/5099/36 3090/5100/36 3096/5101/36 3095/5102/36 3094/5103/36 3093/5104/36 3092/5105/36 3091/5106/36
f 3074/5060/1404 3080/5107/1404 3096/5108/1404 3090/5061/1404
f 3079/5109/24 3078/5110/1405 3094/5111/1405 3095/5112/24
f 3077/5113/1406 3076/5114/1406 3092/5115/1406 3093/5116/1406
f 3075/5117/73 3073/5118/1407 3089/5119/1407 3091/5120/73
f 3080/5121/1408 3079/5109/24 3095/5112/24 3096/5122/1408
f 3078/5123/1409 3077/5113/1409 3093/5116/1409 3094/5124/1409
f 3076/5125/1410 3075/5117/73 3091/5120/73 3092/5126/1410
f 3105/5127/1411 3132/5128/1412 3141/5129/1413 3125/5130/1414
f 3132/5128/1412 3106/5131/1415 3115/5132/1416 3141/5129/1413
f 3141/5129/1413 3115/5132/1416 3100/5133/1417 3116/5134/1418
f 3125/5130/1414 3141/5129/1413 3116/5134/1418 3099/5135/1419
f 3104/5136/1420 3119/5137/1421 3142/5138/1422 3138/5139/1423
f 3119/5137/1421 3103/5140/1424 3137/5141/1425 3142/5138/1422
f 3142/5138/1422 3137/5141/1425 3111/5142/1426 3136/5143/1427
f 3138/5139/1423 3142/5138/1422 3136/5143/1427 3112/5144/1428
f 3107/5145/1429 3131/5146/1430 3143/5147/1431 3127/5148/1432
f 3131/5146/1430 3108/5149/1433 3121/5150/1434 3143/5147/1431
f 3143/5151/1435 3121/5152/1436 3102/5153/1436 3122/5154/1437
f 3127/5155/1438 3143/5151/1435 3122/5154/1437 3101/5156/1438
f 3101/5156/21 3122/5154/21 3144/5157/21 3123/5158/21
f 3122/5154/21 3102/5153/1439 3124/5159/1440 3144/5157/21
f 3144/5157/21 3124/5159/1440 3098/5160/1441 3114/5161/21
f 3123/5158/21 3144/5157/21 3114/5161/21 3097/5162/21
f 3105/5163/1442 3130/5164/1443 3145/5165/1444 3113/5166/1444
f 3130/5164/1445 3107/5167/1446 3127/5168/1447 3145/5165/1447
f 3145/5169/1448 3127/5155/1449 3101/5156/1449 3123/5158/1448
f 3113/5170/1450 3145/5169/1448 3123/5158/1448 3097/5162/1450
f 3108/5171/1451 3129/5172/1452 3146/5173/1453 3121/5174/1453
f 3129/5172/1454 3106/5175/1455 3126/5176/1456 3146/5173/1456
f 3146/5177/1457 3126/5178/1458 3098/5160/1441 3124/5159/1440
f 3121/5152/1459 3146/5177/1457 3124/5159/1440 3102/5153/1439
f 3104/5136/1420 3118/5179/1460 3147/5180/1461 3128/5181/1462
f 3118/5182/1463 3100/5133/1417 3115/5132/1464 3147/5183/1465
f 3147/5184/1465 3115/5185/1464 3106/5175/1455 3129/5172/1454
f 3128/5186/1462 3147/5184/1461 3129/5172/1452 3108/5171/1451
f 3099/5135/1419 3117/5187/1466 3148/5188/1467 3125/5130/1468
f 3117/5189/1469 3103/5140/1424 3120/5190/1470 3148/5191/1471
f 3148/5192/1471 3120/5193/1470 3107/5167/1446 3130/5164/1445
f 3125/5194/1468 3148/5192/1467 3130/5164/1443 3105/5163/1442
f 3103/5140/1424 3119/5137/1421 3149/5195/1472 3120/5190/1473
f 3119/5137/1421 3104/5136/1420 3128/5181/1474 3149/5195/1472
f 3149/5195/1472 3128/5181/1474 3108/5149/1433 3131/5146/1430
f 3120/5190/1473 3149/5195/1472 3131/5146/1430 3107/5145/1429
f 3097/5162/1475 3114/5161/1476 3150/5196/1477 3113/5170/1475
f 3114/5161/1476 3098/5160/1478 3126/5178/1478 3150/5196/1477
f 3150/5197/1479 3126/5198/1480 3106/5131/1415 3132/5128/1412
f 3113/5199/1481 3150/5197/1479 3132/5128/1412 3105/5127/1411
f 3110/5200/1482 3133/5201/1483 3151/5202/1484 3134/5203/1485
f 3133/5201/1483 3109/5204/1486 3135/5205/1487 3151/5202/1484
f 3151/5206/1488 3135/5207/1489 3112/5144/1428 3136/5143/1427
f 3134/5208/1490 3151/5206/1488 3136/5143/1427 3111/5142/1426
f 3103/5140/1424 3117/5189/1469 3152/5209/1491 3137/5141/1425
f 3117/5187/1466 3099/5135/1419 3139/5210/1492 3152/5211/1493
f 3152/5211/1493 3139/5210/1492 3110/5200/1494 3134/5203/1494
f 3137/5141/1425 3152/5209/1491 3134/5208/1495 3111/5142/1495
f 3100/5133/1417 3118/5182/1463 3153/5212/1496 3140/5213/1497
f 3118/5179/1460 3104/5136/1420 3138/5139/1423 3153/5214/1498
f 3153/5214/1498 3138/5139/1423 3112/5144/1428 3135/5207/1489
f 3140/5213/1497 3153/5212/1496 3135/5205/1487 3109/5204/1486
f 3099/5135/1419 3116/5134/1418 3154/5215/1499 3139/5210/1492
f 3116/5134/1418 3100/5133/1417 3140/5213/1497 3154/5215/1499
f 3154/5215/1499 3140/5213/1497 3109/5204/1486 3133/5201/1483
f 3139/5210/1492 3154/5215/1499 3133/5201/1483 3110/5200/1482
f 3163/5216/1500 3190/5217/1501 3199/5218/1502 3183/5219/1503
f 3190/5217/1501 3164/5220/1504 3173/5221/1505 3199/5218/1502
f 3199/5218/1502 3173/5221/1505 3158/5222/1506 3174/5223/1507
f 3183/5219/1503 3199/5218/1502 3174/5223/1507 3157/5224/1508
f 3162/5225/1509 3177/5226/1510 3200/5227/1511 3196/5228/1512
f 3177/5226/1510 3161/5229/1513 3195/5230/1514 3200/5227/1511
f 3200/5227/1511 3195/5230/1514 3169/5231/1515 3194/5232/1516
f 3196/5228/1512 3200/5227/1511 3194/5232/1516 3170/5233/1517
f 3165/5234/1518 3189/5235/1519 3201/5236/1520 3185/5237/1521
f 3189/5235/1519 3166/5238/1522 3179/5239/1523 3201/5236/1520
f 3201/5240/1524 3179/5241/1525 3160/5242/1525 3180/5243/1526
f 3185/5244/1527 3201/5240/1524 3180/5243/1526 3159/5245/1527
f 3159/5245/16 3180/5243/16 3202/5246/16 3181/5247/16
f 3180/5243/16 3160/5242/1528 3182/5248/1529 3202/5246/16
f 3202/5246/16 3182/5248/1529 3156/5249/1530 3172/5250/16
f 3181/5247/16 3202/5246/16 3172/5250/16 3155/5251/16
f 3163/5252/1531 3188/5253/1532 3203/5254/1533 3171/5255/1533
f 3188/5253/1534 3165/5256/1535 3185/5257/1536 3203/5254/1536
f 3203/5258/1537 3185/5244/1538 3159/5245/1538 3181/5247/1537
f 3171/5259/1539 3203/5258/1537 3181/5247/1537 3155/5251/1539
f 3166/5260/1540 3187/5261/1541 3204/5262/1542 3179/5263/1542
f 3187/5261/1543 3164/5264/1544 3184/5265/1545 3204/5262/1545
f 3204/5266/1546 3184/5267/1547 3156/5249/1530 3182/5248/1529
f 3179/5241/1548 3204/5266/1546 3182/5248/1529 3160/5242/1528
f 3162/5225/1509 3176/5268/1549 3205/5269/1550 3186/5270/1551
f 3176/5271/1552 3158/5222/1506 3173/5221/1553 3205/5272/1554
f 3205/5273/1554 3173/5274/1553 3164/5264/1544 3187/5261/1543
f 3186/5270/1551 3205/5269/1550 3187/5275/1541 3166/5238/1540
f 3157/5224/1508 3175/5276/1555 3206/5277/1556 3183/5219/1557
f 3175/5278/1558 3161/5279/1513 3178/5280/1559 3206/5281/1560
f 3206/5281/1560 3178/5280/1559 3165/5256/1535 3188/5253/1534
f 3183/5282/1557 3206/5281/1556 3188/5253/1532 3163/5252/1531
f 3161/5229/1513 3177/5226/1510 3207/5283/1561 3178/5284/1562
f 3177/5226/1510 3162/5225/1509 3186/5270/1563 3207/5283/1561
f 3207/5283/1561 3186/5270/1563 3166/5238/1522 3189/5235/1519
f 3178/5284/1562 3207/5283/1561 3189/5235/1519 3165/5234/1518
f 3155/5251/1564 3172/5250/1565 3208/5285/1566 3171/5259/1564
f 3172/5250/1565 3156/5249/1567 3184/5267/1567 3208/5285/1566
f 3208/5286/1568 3184/5287/1569 3164/5220/1504 3190/5217/1501
f 3171/5288/1570 3208/5286/1568 3190/5217/1501 3163/5216/1500
f 3168/5289/1571 3191/5290/1572 3209/5291/1573 3192/5292/1574
f 3191/5290/1572 3167/5293/1575 3193/5294/1576 3209/5291/1573
f 3209/5295/1577 3193/5296/1578 3170/5233/1517 3194/5232/1516
f 3192/5297/1579 3209/5295/1577 3194/5232/1516 3169/5231/1515
f 3161/5229/1513 3175/5298/1558 3210/5299/1580 3195/5230/1514
f 3175/5276/1555 3157/5224/1508 3197/5300/1581 3210/5301/1582
f 3210/5301/1582 3197/5300/1581 3168/5289/1583 3192/5292/1583
f 3195/5230/1514 3210/5299/1580 3192/5297/1584 3169/5231/1584
f 3158/5222/1506 3176/5271/1552 3211/5302/1585 3198/5303/1586
f 3176/5268/1549 3162/5225/1509 3196/5228/1512 3211/5304/1587
f 3211/5304/1587 3196/5228/1512 3170/5233/1517 3193/5296/1578
f 3198/5303/1586 3211/5302/1585 3193/5294/1576 3167/5293/1575
f 3157/5224/1508 3174/5223/1507 3212/5305/1588 3197/5300/1581
f 3174/5223/1507 3158/5222/1506 3198/5303/1586 3212/5305/1588
f 3212/5305/1588 3198/5303/1586 3167/5293/1575 3191/5290/1572
f 3197/5300/1581 3212/5305/1588 3191/5290/1572 3168/5289/1571
f 3213/4882/1589 3216/5306/1590 3217/5307/1591 3219/4883/1592
f 3214/5308/1593 3218/5309/1593 3217/5310/1591 3216/5311/1590
f 3215/4884/1594 3219/4883/1592 3217/5307/1591 3218/5312/1594
f 3220/4879/1595 3223/5313/1595 3224/5314/1596 3226/4880/1597
f 3221/5315/1598 3225/5316/1599 3224/5317/1596 3223/5318/1598
f 3222/4881/1600 3226/4880/1597 3224/5314/1596 3225/5319/1599
f 3222/5320/36 3225/5316/36 3221/5315/36 2983/5321/36 2984/5322/36 3214/5308/36 3216/5311/36 3213/5323/36
f 3227/5324/1 3228/5325/1 3230/5326/1 3229/5327/1
f 3229/5328/21 3230/5329/21 3234/5330/21 3233/5331/21
f 3233/5332/36 3234/5333/36 3232/5334/36 3231/5335/36
f 3231/5336/16 3232/5337/16 3228/5338/16 3227/5339/16
f 3234/5340/24 3230/5341/24 3228/5342/24 3232/5343/24
f 3235/5344/1 3237/5345/1 3238/5346/1 3236/5347/1
f 3237/5348/16 3241/5349/16 3242/5350/16 3238/5351/16
f 3241/5352/36 3239/5353/36 3240/5354/36 3242/5355/36
f 3239/5356/21 3235/5357/21 3236/5358/21 3240/5359/21
f 3242/5360/24 3240/5361/24 3236/5362/24 3238/5363/24
f 3243/5364/21 3276/5365/21 3275/5366/1601 3245/5367/1601
f 3245/5367/1601 3275/5366/1601 3277/5368/1602 3247/5369/1602
f 3247/5369/1602 3277/5368/1602 3278/5370/1603 3249/5371/1603
f 3249/5372/1603 3278/5373/1603 3279/5374/36 3251/5375/36
f 3251/5375/36 3279/5374/36 3280/5376/1604 3253/5377/1604
f 3253/5377/1604 3280/5376/1604 3281/5378/1605 3255/5379/1605
f 3255/5380/1605 3281/5381/1605 3282/5382/1606 3257/5383/1606
f 3257/5383/1606 3282/5382/1606 3283/5384/16 3259/5385/16
f 3259/5385/16 3283/5384/16 3284/5386/1607 3261/5387/1607
f 3261/5387/1607 3284/5386/1607 3285/5388/1608 3263/5389/1608
f 3263/5390/1608 3285/5391/1608 3286/5392/1609 3265/5393/1609
f 3265/5393/1609 3286/5392/1609 3287/5394/1 3267/5395/1
f 3267/5395/1 3287/5394/1 3288/5396/1610 3269/5397/1610
f 3269/5397/1610 3288/5396/1610 3289/5398/1611 3271/5399/1611
f 3264/5400/1612 3262/5401/1613 3300/5402/1614 3301/5403/1615
f 3271/5404/1611 3289/5405/1611 3290/5406/1616 3273/5407/1616
f 3273/5407/1616 3290/5406/1616 3276/5365/21 3243/5364/21
f 3243/5408/73 3245/5409/73 3247/5410/73 3249/5411/73 3251/5412/73 3253/5413/73 3255/5414/73 3257/5415/73 3259/5416/73 3261/5417/73 3263/5418/73 3265/5419/73 3267/5420/73 3269/5421/73 3271/5422/73 3273/5423/73
f 3244/5424/24 3246/5425/24 3275/5426/24 3276/5427/24
f 3246/5425/24 3248/5428/24 3277/5429/24 3275/5426/24
f 3248/5428/24 3250/5430/24 3278/5431/24 3277/5429/24
f 3250/5430/24 3252/5432/24 3279/5433/24 3278/5431/24
f 3252/5432/24 3254/5434/24 3280/5435/24 3279/5433/24
f 3254/5434/24 3256/5436/24 3281/5437/24 3280/5435/24
f 3256/5436/24 3258/5438/24 3282/5439/24 3281/5437/24
f 3258/5438/24 3260/5440/24 3283/5441/24 3282/5439/24
f 3260/5440/24 3262/5442/24 3284/5443/24 3283/5441/24
f 3262/5442/24 3264/5444/24 3285/5445/24 3284/5443/24
f 3264/5444/24 3266/5446/24 3286/5447/24 3285/5445/24
f 3266/5446/24 3268/5448/24 3287/5449/24 3286/5447/24
f 3268/5448/24 3270/5450/24 3288/5451/24 3287/5449/24
f 3270/5450/24 3272/5452/24 3289/5453/24 3288/5451/24
f 3272/5452/24 3274/5454/24 3290/5455/24 3289/5453/24
f 3274/5454/24 3244/5424/24 3276/5427/24 3290/5455/24
f 3306/5456/1617 3305/5457/1618 3321/5458/1619 3322/5459/1620
f 3250/5460/1621 3248/5461/1622 3293/5462/1623 3294/5463/1624
f 3266/5464/1625 3264/5465/1612 3301/5466/1615 3302/5467/1626
f 3252/5468/1627 3250/5469/1621 3294/5470/1624 3295/5471/1627
f 3268/5472/1628 3266/5464/1625 3302/5467/1626 3303/5473/1628
f 3254/5474/1629 3252/5468/1627 3295/5471/1627 3296/5475/1630
f 3270/5476/1631 3268/5472/1628 3303/5473/1628 3304/5477/1632
f 3256/5478/1633 3254/5474/1629 3296/5475/1630 3297/5479/1634
f 3272/5480/1635 3270/5476/1631 3304/5477/1632 3305/5481/1636
f 3258/5482/1637 3256/5483/1633 3297/5484/1634 3298/5485/1638
f 3274/5486/1639 3272/5487/1635 3305/5457/1636 3306/5456/1640
f 3260/5488/1641 3258/5482/1637 3298/5485/1638 3299/5489/1641
f 3246/5490/1642 3244/5491/1643 3292/5492/1643 3291/5493/1644
f 3244/5491/1643 3274/5486/1639 3306/5456/1640 3292/5492/1643
f 3262/5401/1613 3260/5488/1641 3299/5489/1641 3300/5402/1614
f 3248/5461/1622 3246/5490/1642 3291/5493/1644 3293/5462/1623
f 3312/5494/1645 3311/5495/1646 3327/5496/1647 3328/5497/1648
f 3299/5489/1649 3298/5485/1650 3314/5498/1651 3315/5499/1652
f 3291/5493/1653 3292/5492/1654 3308/5500/1655 3307/5501/1656
f 3292/5492/1654 3306/5456/1617 3322/5459/1620 3308/5500/1655
f 3300/5402/1657 3299/5489/1649 3315/5499/1652 3316/5502/1658
f 3293/5462/1659 3291/5493/1653 3307/5501/1656 3309/5503/1660
f 3301/5403/1661 3300/5402/1657 3316/5502/1658 3317/5504/1662
f 3294/5505/1663 3293/5506/1659 3309/5507/1660 3310/5508/1664
f 3302/5509/1665 3301/5510/1661 3317/5511/1662 3318/5512/1666
f 3295/5513/1667 3294/5505/1663 3310/5508/1664 3311/5495/1646
f 3303/5514/1668 3302/5509/1665 3318/5512/1666 3319/5515/1669
f 3296/5475/1670 3295/5471/1667 3311/5516/1646 3312/5517/1645
f 3304/5477/1671 3303/5473/1668 3319/5518/1669 3320/5519/1672
f 3297/5479/1673 3296/5475/1670 3312/5517/1645 3313/5520/1674
f 3305/5481/1618 3304/5477/1671 3320/5519/1672 3321/5521/1619
f 3298/5485/1650 3297/5484/1673 3313/5522/1674 3314/5498/1651
f 3323/5523/1675 3324/5524/1676 3338/5525/1677 3337/5526/1678 3336/5527/1679 3335/5528/1680 3334/5529/1681 3333/5530/1682 3332/5531/1683 3331/5532/1684 3330/5533/1685 3329/5534/1686 3328/5497/1648 3327/5496/1647 3326/5535/1687 3325/5536/1688
f 3320/5537/1672 3319/5515/1669 3335/5528/1680 3336/5527/1679
f 3313/5538/1674 3312/5494/1645 3328/5497/1648 3329/5534/1686
f 3321/5539/1619 3320/5537/1672 3336/5527/1679 3337/5526/1678
f 3314/5540/1651 3313/5538/1674 3329/5534/1686 3330/5533/1685
f 3322/5541/1620 3321/5539/1619 3337/5526/1678 3338/5525/1677
f 3315/5542/1652 3314/5540/1651 3330/5533/1685 3331/5532/1684
f 3307/5543/1656 3308/5544/1655 3324/5524/1676 3323/5523/1675
f 3308/5544/1655 3322/5541/1620 3338/5525/1677 3324/5524/1676
f 3316/5545/1658 3315/5542/1652 3331/5532/1684 3332/5531/1683
f 3309/5507/1660 3307/5543/1656 3323/5523/1675 3325/5536/1688
f 3317/5511/1662 3316/5545/1658 3332/5531/1683 3333/5530/1682
f 3310/5508/1664 3309/5507/1660 3325/5536/1688 3326/5535/1687
f 3318/5512/1666 3317/5511/1662 3333/5530/1682 3334/5529/1681
f 3311/5495/1646 3310/5508/1664 3326/5535/1687 3327/5496/1647
f 3319/5515/1669 3318/5512/1666 3334/5529/1681 3335/5528/1680
f 2415/5546/440 1397/5547/440 2276/5548/440 1661/5549/440 2398/5550/440 1396/5551/440 2275/5552/440 1660/5553/440 2399/5554/440 1395/5555/440 2274/5556/440 1659/5557/440 2400/5558/440 1609/2982/441 1017/2890/442 1663/2888/443 980/2869/444 1605/2867/445 986/2866/446 1610/2265/447 2241/2268/448 1415/2270/449 2355/2829/450 1562/2307/450 2246/2310/450 1416/2312/450 2354/2827/450 1563/2313/450 2247/2316/450 1417/2318/450 2353/2826/450 1564/2319/450 2248/2322/450 1418/2324/450 2352/2824/450 1565/2823/451 2383/2941/452 1631/2326/453 995/2325/454 1629/2830/455 990/1892/244 1666/1889/241 1020/1888/240 1638/3023/456 2390/5559/440 1398/5560/440 2277/5561/440 1662/5562/440
f 3339/5563/1 3340/5564/1 3342/5565/1 3341/5566/1
f 3341/5567/21 3342/5568/21 3346/5569/21 3345/5570/21
f 3345/5571/36 3346/5572/36 3344/5573/36 3343/5574/36
f 3343/5575/16 3344/5576/16 3340/5577/16 3339/5578/16
f 3341/5579/73 3345/5580/73 3343/5581/73 3339/5582/73
f 3346/5569/21 3342/5568/21 3356/5583/21 3357/5584/21
f 3347/5585/1689 3348/5586/1689 3350/5587/1689 3349/5588/1689
f 3349/5589/21 3350/5590/21 3354/5591/21 3353/5592/21
f 3353/5593/1690 3354/5594/1690 3352/5595/1690 3351/5596/1690
f 3351/5597/16 3352/5598/16 3348/5599/16 3347/5600/16
f 3349/5601/1691 3353/5602/1691 3351/5603/1691 3347/5604/1691
f 3354/5605/1692 3350/5606/1692 3348/5607/1692 3352/5608/1692
f 3355/5609/16 3358/5610/16 3362/5611/16 3359/5612/16
f 3344/5573/1693 3346/5572/1693 3357/5613/1693 3358/5614/1693
f 3342/5565/1694 3340/5564/1694 3355/5615/1694 3356/5616/1694
f 3340/5577/16 3344/5576/16 3358/5610/16 3355/5609/16
f 3361/5617/1695 3360/5618/1695 3359/5619/1695 3362/5620/1695
f 3357/5584/21 3356/5583/21 3360/5621/21 3361/5622/21
f 3358/5614/1696 3357/5613/1696 3361/5623/1696 3362/5624/1696
f 3356/5616/1697 3355/5615/1697 3359/5625/1697 3360/5626/1697
f 3363/5627/1 3364/5628/1 3366/5629/1 3365/5630/1
f 3365/5631/21 3366/5632/21 3370/5633/21 3369/5634/21
f 3369/5635/36 3370/5636/36 3368/5637/36 3367/5638/36
f 3367/5639/16 3368/5640/16 3364/5641/16 3363/5642/16
f 3365/5643/73 3369/5644/73 3367/5645/73 3363/5646/73
f 3370/5633/21 3366/5632/21 3380/5647/21 3381/5648/21
f 3371/5649/1689 3372/5650/1689 3374/5651/1689 3373/5652/1689
f 3373/5653/21 3374/5654/21 3378/5655/21 3377/5656/21
f 3377/5657/1690 3378/5658/1690 3376/5659/1690 3375/5660/1690
f 3375/5661/16 3376/5662/16 3372/5663/16 3371/5664/16
f 3373/5665/1698 3377/5666/1698 3375/5667/1698 3371/5668/1698
f 3378/5669/1699 3374/5670/1699 3372/5671/1699 3376/5672/1699
f 3379/5673/16 3382/5674/16 3386/5675/16 3383/5676/16
f 3368/5637/1693 3370/5636/1693 3381/5677/1693 3382/5678/1693
f 3366/5629/1694 3364/5628/1694 3379/5679/1694 3380/5680/1694
f 3364/5641/16 3368/5640/16 3382/5674/16 3379/5673/16
f 3385/5681/1695 3384/5682/1695 3383/5683/1695 3386/5684/1695
f 3381/5648/21 3380/5647/21 3384/5685/21 3385/5686/21
f 3382/5678/1696 3381/5677/1696 3385/5687/1696 3386/5688/1696
f 3380/5680/1697 3379/5679/1697 3383/5689/1697 3384/5690/1697
usemtl policeboatwindows
f 3387/5691/1700 3388/5692/1700 3390/5693/1700 3389/5694/1700
f 3391/5695/1701 3392/5696/1701 3394/5697/1701 3393/5698/1701
